duration,protocol_type,service,flag,src_bytes,dst_bytes,land,wrong_fragment,urgent,hot,num_failed_logins,logged_in,num_compromised,root_shell,su_attempted,num_root,num_file_creations,num_shells,num_access_files,num_outbound_cmds,is_host_login,is_guest_login,count,srv_count,serror_rate,srv_serror_rate,rerror_rate,srv_rerror_rate,same_srv_rate,diff_srv_rate,srv_diff_host_rate,dst_host_count,dst_host_srv_count,dst_host_same_srv_rate,dst_host_diff_srv_rate,dst_host_same_src_port_rate,dst_host_srv_diff_host_rate,dst_host_serror_rate,dst_host_srv_serror_rate,dst_host_rerror_rate,dst_host_srv_rerror_rate
-0.2217930125917593,2.5693325551310235,-0.56188483670816,-1.0370164114282316,0.0180152334587948,0.2196962445653455,4.2676493549042265,-0.2314136041286856,1.6298993916573188,0.4260640282142398,-2.5552521606039305,1.0086153820276702,-2.1637401599540818,-0.319280336890295,-2.610116794472183,-0.2864524474846349,-0.9822170806874626,-4.9437107744299045,1.5711138108797216,0.1944552335663632,-0.4498341128337967,-0.1098275388621529,0.539174576328972,-0.1031812803805694,1.408562357841859,-0.1483960318005756,2.315786321582344,-1.037742009882238,1.0644125141371614,1.869020458181753,1.140928189789543,1.1364463971979788,-1.5604675967871031,-1.9963061237681885,-0.889927054308284,0.6834218424222576,0.1350755227980269,-0.1693168322900907,7.846031695985273,1.0275316651314588,2.148034689928042
0.3574265299620883,-4.251415770274252,-0.4891149991653098,-0.5534620747300072,0.4039654453425561,1.314997409692202,-1.4073575017725577,0.1685036489055237,-1.4630758968637263,-0.0830492497024703,1.2682516608696726,6.219960440517369,-3.1031909977135945,1.6931735121810176,-3.201986217609345,-1.0335313986035504,0.8776455339756074,2.5332771455518417,0.1697027219736173,0.6860257375127817,-0.1355448134663671,0.5610822373202344,0.4839576205745453,3.4575369664246,-1.002666701837723,0.4252526210514015,-2.1277141617656845,-0.628767668881285,-0.3632908224275654,-3.144689626157856,-0.9166948068350886,2.178665311852393,0.6565628226661995,5.4393518619510655,-0.5366820140873342,0.8726497304465485,1.95203756994936,1.9838426856659936,4.052959898957554,1.027337239417367,0.5566008698742748
0.3414375412423555,-1.1518859363402,0.712059839466924,-0.2563279321860662,0.3426356641118668,0.2119559922201333,-1.200603035838112,1.060919851720557,0.0616164102082945,0.9662038402593288,1.7022041368707594,1.909569072224799,2.467609224385346,0.7134871495696249,1.4072318801619343,-0.5170341646204968,-0.0280575472511876,2.098884472584241,0.3899905185927431,0.4249756500500373,-0.8744346737268684,1.230117229452833,2.7157149094270645,-0.1181501680691263,1.26773558425829,0.9726620720975164,-2.173978882826484,-1.5371039862294416,-0.3477882937707289,0.6298031540449448,0.6110745456288293,-1.0470481436303345,-0.3186520776079277,0.8358390196636376,-1.7439156649380476,0.2642635622902726,2.3335859057487864,1.5587302539233714,-3.4385480091621528,-0.7174963755061138,-4.493854432058152
1.1730463064359682,0.316902271322929,-0.9640993389076288,0.465591580700219,-0.7146227574600214,-0.9143879326945632,2.3295413867854164,0.7335850304333775,-0.5809260858430672,-2.4151580697917834,-2.17442846598263,-4.608233200028772,-0.865866948050955,-2.1712293666673643,0.300586770614719,0.3816658403586545,-0.3001385223005635,-0.6147091132504972,1.2962105945062297,2.3350899603648654,0.6767865678137034,0.8028203197516377,0.5827209780539802,0.7544010632361685,0.4615715474538837,-0.9203808051264042,0.5373632139805515,-0.1472605129172088,-0.455563358615465,-1.4223584162151608,2.62501565555806,1.848947685636995,-1.358812970612359,1.5895141909838726,5.096969529732977,-1.0812474893508643,0.736833745207843,-0.9525808497560824,-1.089827369225021,-0.3312632801928636,1.0363135727892523
-0.7616722792427121,0.8466034542629624,-1.046873852186929,0.4963194354010029,2.8417145711571794,1.779712382273502,2.771054705418952,2.875172794840629,0.5454187057933463,-2.760271861339562,-0.2011199607232749,-0.7098346683779055,-1.3421384414508617,-0.3440433116865374,-5.166801923498012,-0.7673286346949467,-2.50719654810172,-3.8278878023749994,-0.0868889808805914,1.90336795095199,-0.7194977816581225,-0.3708593957957385,0.0527302220022542,0.535915375024307,0.0348884888070903,-1.703691671752861,-0.0394931893537802,1.215237233455564,1.5879893148445865,-1.0088187952792689,-0.8228951228011809,0.8114051541416274,1.5724094445622394,1.2817258721119438,-0.5166019763396947,0.8845196765489441,-0.2565266781739796,-1.6600755570761443,10.705607058174364,1.268262634174362,3.501784618225716
-0.1845897345905005,-1.5048065089618974,-0.7055667326984488,-0.6985522293976092,-0.7472098186209633,1.1606838410147875,0.9663836360462664,0.4960203064053003,-0.7315436518450049,-0.3249498158463211,3.393608613051219,0.7785419757834365,4.3073956253085735,0.9620365133496792,-0.8510746856260303,2.059191791072926,-0.9522575060551942,0.4720765653616154,-0.1037732922583817,-2.495054704046848,0.9185820361020576,-0.2896546911416256,-0.5027956409033649,0.5152913334567247,-1.4006441625376471,-0.5810830071622896,-1.0666991444312548,-1.737064131136093,-0.0765068408455232,-1.1593151179298031,-0.3542614741746492,-3.0906335718205504,-0.1336189197679859,-0.7567525730525588,-3.226566674437283,-0.4145988033575523,-0.1722801402013535,-0.0098302239724796,3.591800552187441,1.5510750978915997,-2.229515133920203
-2.0860669022313862,-2.8769283744540144,0.8399266132071437,0.1213460398683231,0.2079084560389454,-0.1519659693534091,-0.0419094434356905,-0.521960867450306,-0.2233137152452215,-0.9060587673119908,2.489775775243074,1.357221724267432,-0.4847416605135122,0.0219787872444922,2.007984226622575,-1.2121686484285357,-1.271033265639581,0.2708473542484255,0.8933044452791248,0.9482190240423258,-0.1822417989703993,-0.13196523897709,-0.7573193145168834,-0.1685622467771459,-5.205637557060967,-1.28331883987913,4.891981068455404,-0.4680910093546983,-0.3174583574703322,2.1732727398866816,-1.8577780149924408,5.328333357462962,0.8775513213915638,1.4548250678287231,-0.8339110954415692,0.2142454377324943,-0.4127943766335426,0.1639497100017322,2.050648469375334,-1.1094279546552643,-1.062370213569313
-0.8180825005944613,-2.307918086582794,-1.2020151795960838,0.0799961321190725,0.7010786792381202,0.7265484972834981,0.9476647219830108,0.9691751812766908,1.3112982227535228,-0.87756496477875,1.1346893026705027,1.4265347596080955,-2.4554928948925325,-0.4876818055862785,2.8102878780104787,-0.3697052459795937,-0.1657025082077527,0.4412664399789907,-0.6735840760020774,-1.3302757991858587,0.8229788409581174,-1.1464083135939165,-0.4926212725577403,1.207450774542341,-0.1073005860493656,-0.3055125123037748,-0.4625865777155231,-0.0532187282244738,-0.9771749217945904,1.2737479120161566,-1.3914122067013035,0.9100643185642407,-0.7255664489720175,1.1912222787719606,2.6137018747783523,1.7959478639489286,-0.1181213478747962,-0.4181541135377288,-2.82567619199292,0.2834844009565332,2.2155766287179928
2.819752967895855,-1.1308243803317128,-0.2315640820511847,1.648191668134326,-0.2056686737908641,0.445768276861323,-2.210505322637366,1.4560672102626635,0.2320772565311756,0.5965710641242827,-2.466084887448459,-1.3364681325893053,0.0168626574586256,-1.622870474085646,0.1492954764673768,-1.2655144700244445,-1.8940557622302812,-1.6878116639800655,0.7641179377166547,-0.0888500738703794,-1.5497568245081097,0.764997289513422,2.135495252335291,0.2877727842447014,-0.4909148533453376,0.8829055762394092,1.494016793608986,-0.9726931884070816,0.0574196429940498,0.0131584608284059,-0.5679775600748354,2.791190880718537,1.9652206779950676,1.0543901077253597,-0.6116194475182088,0.722313142186487,0.1455641604623951,-0.1060185062671895,3.1140911420180157,0.8595144264096255,-1.0518540991512877
-1.8496162509648184,-2.238859288549433,0.2821793404824569,0.7877794966304889,0.9821207082189078,-1.7622585764762024,0.7124162922932507,-2.482700030854015,-0.6421708785428631,-0.2104954325990097,2.682467332720442,-1.2522080183726794,0.7819658948873408,-1.6244863561244032,-0.0642437974526948,-0.9750339402166256,1.075296203658872,1.691559287688455,0.0857267954813847,0.0569845589036074,-0.7287034908754076,0.0305583824582853,0.555285326863458,-0.0842667834422331,0.9441471210342144,0.0504088367119615,-1.285944224132803,2.1299136208063008,-0.488268286151387,-0.8454772905344098,2.451321481519793,-0.2149267750574719,-0.9727076262173808,-0.4114966322510244,2.370525813633128,-0.1874324830432116,-0.9841945269837972,-0.4665134367762447,-7.922673612066444,-0.4887442783432566,-0.6187102393270476
-0.0490308625296407,-0.0527135772516608,-0.5651822236383195,1.2374711845100803,0.568486308839954,0.1185087874918486,2.593418168167772,0.9254043163206388,1.7394664859570284,0.4486297019235764,2.5222722158520057,0.8036455186046595,-0.5143115300806286,-0.0571483649455931,3.057128594859802,1.2750141912428103,0.1628158896965414,0.435681564254623,1.7457963720592873,0.6934792862404161,0.4578749522982009,0.2062470285405269,1.5169964761024652,-0.4615868049986982,0.8970717074373704,-1.0405421746791197,2.5125965345393926,0.1392764057249273,1.3393153411965897,6.222519359644247,0.8987725111984024,-2.21743325465739,-0.2404313664592903,2.534788866443981,-6.399253135893408,0.3974249205028292,0.6803583633273177,0.1290778820684995,-2.940615334292414,0.6079327495557167,-1.2547002304739487
-1.6647053379085477,4.789119119266839,0.0283391264906841,-0.1407961500872425,-1.342522555826567,-0.5407889858031892,3.64051132116193,1.0248408043570314,-0.9410556330410628,0.0598748151535615,1.34293428272616,1.0563720194893271,5.663942904948757,1.3569001294727292,1.7571730796668703,0.8593586219556644,0.5373504888050474,2.98938903126548,-0.3264172323072269,-0.2895619426768016,0.9969948033212822,-0.9601523057772604,-1.8982530166211349,-0.3896790598849495,1.6593474516706688,-0.9818858258068754,4.786013682546367,0.2013594117808948,-1.2870504272457364,3.712899510694605,-0.3960854166682082,-2.8067430995231097,0.7003031320149398,-2.9540934936589265,-0.7576929333109639,1.9613575901981104,0.2242669055617019,1.3160759371647508,-1.6768058535747408,-1.0483185352947335,-1.536223185070859
-0.5176970133741124,1.6824994833996905,0.4706914608692651,-1.0166716581301525,0.4638670020397714,-0.5736027556430574,-1.7409664830885112,-2.9293677437043737,-1.1906814096991072,-0.5317394686265458,1.9653953059155709,0.5105916555259331,3.661043185942349,-1.178223261328837,-1.9848726472557476,0.5489430525102537,0.7685035967173837,0.2706996750942553,-1.2783767187882715,-0.2841183102645443,1.658127177472032,-0.3225199798609289,1.716935422281768,0.9097744151399572,4.309636126131776,-0.6054149817165975,0.2411367091823595,-0.4305231180777302,1.6901185517041244,1.72368546887451,0.6440226843782689,-3.234551442642341,-0.7925971233599065,0.0807469457498804,4.887450479853877,0.1752424865385125,1.4852820529022273,-0.9962674004512851,-9.48240402635536,0.5393421486338783,-1.4980559474526307
-0.6227643348059293,4.930174151621037,-0.5912127730634598,0.846660376284381,1.2110460639400091,-0.2413213569029261,0.3862270030155794,1.4686693577918557,-0.7351466575175524,-0.7337336752690101,1.0122022840025384,0.0073935203552792,-5.440068960250263,-0.0815373219569396,-4.010466890441199,0.9379991757367444,0.1577160717527571,0.2126257436257729,-0.807586232373297,-0.6078279715712538,-1.5773680236125478,-0.948330568934409,1.4225111987736727,0.2240106282475142,4.746606689176476,-0.091338406502441,1.0903749598655366,0.4054787767266404,-0.1740523719761647,-0.7542401318798657,3.639985844595128,4.943840721859836,0.6701580803713311,6.198352798107418,1.8976464840880596,0.1496599763059905,-2.228253760057676,2.060872442850775,-3.2828306254110786,-0.9509015109600828,-1.3429872853681368
0.5376751036360095,-0.7046089145410486,0.7485246904530993,-1.8260151142380587,-0.1525749638872755,0.2898362995112493,0.5202113669369623,0.3807635583407938,0.945479191130177,0.8882920844059654,5.311156210588137,1.984191077662198,7.554687311380047,0.8181868924519087,-6.139957769259043,1.3359338983130662,-0.3443383724979687,2.3334396605233847,0.0064864568325355,1.4281593911387411,-1.437759076071063,-0.8175418950859678,-0.7289982396599719,0.6036275248650534,-0.8856851650763118,-0.2998093538388418,0.941262204599986,-0.1182352831634747,0.6927713956121941,-2.3774846288736016,-3.672289224565653,1.5966615500364911,-0.5113866510907014,-1.6293483064037022,0.3750255832872107,-0.065188000817277,1.3587457002118677,-0.5185070439634156,5.865601585593227,-0.2970222810615424,-1.975912313916324
-1.7657513820726274,2.088504425412824,0.6216068421476704,1.9626688266464605,0.1036782985286226,0.3197298023378001,-4.225516137469279,3.088385543082249,1.8821714316351117,0.8716424440365544,-4.198564314851046,-2.1087191062095645,-2.940884090860001,1.5499687060605478,4.981492894824703,0.2274050708099635,-0.772343005236863,-1.676155198715438,-1.291736902049428,-0.3214229073903156,-0.395054770759062,0.5936570569895847,0.4233585984489477,-0.3915219532257913,0.3976948536700209,1.0534128209429765,1.7283755106204608,0.9286936126972608,-0.4944381313379031,2.99543395353555,1.791335305473056,-1.8721423801664567,-1.0425150227736384,0.8181666050055005,2.949767026939552,-0.0223426079263521,0.585627160146903,-0.0745785500685345,-7.488926115752516,0.0525524012299574,1.9158076040697667
0.8717180510137582,-1.6922633502225082,-1.4199500057254926,1.2550875121801883,0.5607500983418493,-1.083459773328226,3.848216614661316,0.2572758685659904,-0.6050172763303331,-1.1560450468773011,-0.3046982941937231,1.6177428534361384,-6.168243456174413,-1.843335711984876,4.2747269608617815,1.5802025810463014,-1.7152972397342627,-2.405401511652678,0.3061244286365435,1.0213827735562215,-0.2225815786001711,-0.4509596884668065,-0.3724057448699879,-2.1049895349040377,-2.7742300518636043,0.8670918324505311,-0.2647704269805226,0.3772410459078791,-0.700637348326522,-1.3040584390357792,0.3347558066431199,4.08659863623434,0.9713219114874754,-3.604204115140826,1.5605011660288288,-0.4094322727833329,-0.8256951743367084,0.4104922866960421,3.242712050906116,0.1256635505220923,3.159776513590051
-2.4617959871746686,-2.674372905300576,1.1238936333722669,-1.3871931538650235,0.5347517523845569,-0.0435245155562044,-2.900600529295949,-0.5335641618288922,0.34555207763814,-0.1269936085839446,-1.334837734943597,-0.5859704369432155,0.1288076819331964,0.6139336770986008,-0.9256483913665576,-0.016209055693579,-1.0998809681915511,-1.6245660456034918,-0.4470303490191333,-0.6360467182196714,-0.1220974257231556,-0.93752718200826,0.5665315137186978,-0.8928633919127797,0.0348909760318676,0.359603884125044,1.270134897731817,1.1424810933965257,0.605368529500187,1.1599517668096322,-1.659691929188822,4.4109462675835225,0.2735595861605243,-2.491993437523954,-1.7664046146171826,-1.2898739295151274,-1.55666397323276,-1.0171811561170452,0.3440973529367901,0.6127611131131895,-0.1088112545188882
-0.7857677213050973,0.7211736206915591,0.2725697183582891,1.3071843884877634,0.5847249736570915,1.370153565017599,-1.570609762613406,1.965835356569611,-0.3093945520604604,-0.3599042580901853,-1.336073587377128,-2.6541673220078543,-2.312414603324583,-0.3913931276914022,-1.1401493993263734,-0.5958685257149577,0.7193954417518791,-1.6619146498938178,0.3243792396407794,-0.2166337385578224,-0.4482523620044735,0.8865917402543375,0.0010656087698594,0.6641927662581653,-2.109836906258342,0.5903844811074833,-1.5841593638360028,1.7298691995089912,0.5185044170265415,-2.65678093238632,-0.1164602925568327,0.8036939332666357,3.879828146357221,-0.0964886621457694,3.4059820264904257,-0.0401790360689043,-0.593319920596993,-0.0301774658558335,1.97769597102875,0.0764222297699236,3.2533903904271613
-1.4370842445059315,-0.7657546700500448,-1.0985602389813045,0.2098748480918266,-1.6062893058526162,0.2466115107591577,-0.5563332319571035,-1.0084261167327644,0.1997830019339883,1.0200415804431084,5.452671485903481,4.805172975747041,0.0293649247558832,0.0843515843383688,-5.745521511516403,-0.7201260998902009,-1.906653125876539,-0.0825145727298691,0.4910048938380633,-0.0803532242323991,-1.2403224544814335,1.1077141965041704,-1.8597580558148417,1.0213450001189095,-2.3368418944576232,0.1404159467507602,2.2918751384611595,0.0129101641194282,-0.9744398356457472,6.044706436603526,-4.4881417782061765,-0.9799331395592984,-0.3021081456963117,6.363135988214291,-1.4300866962611494,0.3680470659985229,-2.150130541539045,-0.7605890300035736,2.389613390254899,-0.9368155117580936,2.530179327676524
-1.773918982585768,3.228747928983143,1.1874324687994935,0.6660011431530294,1.6226818045708902,-0.0562102717487498,-4.178885815329524,-1.9491359563518695,0.3937592734472506,1.0037490483605895,-2.941569246671401,0.0680012129204812,1.87273849688904,-2.171623831689785,-0.3392864733580789,0.1899908894715152,-0.3044472062658345,-0.3936316618937643,1.2901435031869974,0.1653022478792117,1.217282518052104,-1.039005067048655,1.2883317279842152,-0.3151362533666257,1.7749365794362515,-2.4352652767569145,-1.159268791819846,0.4719722522959373,-0.1956732491788756,-0.8937155271403835,2.4878100410712585,-4.252653494803781,-0.0430188620647014,-0.8079297306193377,1.786027208743966,-0.2458424949654107,-1.3781737507656866,-2.4207298882019237,-4.595134474433808,-1.6239610137328029,-2.638240671872464
-0.9438784431286796,4.509911112652508,0.365468445892361,0.0889607686636817,-0.1953468571445865,-0.8564865984329424,1.0572245937894404,2.7135464405869705,0.8627799171754567,0.1696301465932899,3.5912887541944865,-0.3304338589775566,1.7556131758532272,0.5527446990940562,-5.994545651779027,-0.4066566485387692,1.4597805105881438,-5.464283579751724,-0.94869774704894,0.9088814842198368,-0.6990419394646659,-1.593347575789002,-1.5124126064597936,-0.3060222591999298,-1.1854863038751318,-1.464259667337282,0.7595045729502166,0.3725049673286664,1.029735974837107,0.9705572242757236,-2.9602547184075787,1.0682430561645386,-0.862657660726515,0.5545700818137943,-1.9540533536051845,1.859991595130576,0.6209167950460031,0.3415473174413018,11.90649861245679,0.3966406407635229,-1.1289173365027354
-0.4602212016005227,-0.8085391661604935,-0.7002650358877762,-1.272568387773653,0.792400608471021,0.4432551570536217,2.9596726734802887,-0.282491908157838,-1.4163592950729582,0.5503531883104659,-1.4109990208702616,-0.7100483891272279,-4.614195853120567,1.4226327632589788,2.673635730361608,0.2577180695225834,-0.0515708725485004,-2.428630979944366,0.0219006317672488,-0.1950669653304113,-0.1325837981881544,1.072242022655838,-0.98463048067018,1.3410291169452997,-0.3405325205821076,1.258766844124806,2.050008367827925,0.7617498383060309,0.0352455736586378,-2.565302023952916,2.895088714605339,-1.0369041310812137,-1.0886900949590954,2.361273946208564,-2.5756897107917034,-1.6144615345660556,0.8779097710001905,0.8715082960173386,4.772295617715384,0.490700527508509,1.573621584663813
0.4117337930381653,0.7015292320654789,-0.7141502686528857,-1.0140674131029552,0.8140468272703575,2.390841887936319,-0.3955837187622537,0.9424864706954862,0.6748939074801295,0.2970814984539384,-0.1010117427873982,2.546915035789472,4.826529098932948,-0.3225577340865126,0.7511769309512659,-1.1958122337837234,0.290554861813783,-2.3857358011935554,0.852157297103616,-0.5053878315363344,1.1053451259753406,-2.446594392166749,-0.3273798537345979,0.6801786404280687,0.5633611377619459,0.0607739077462651,0.7394547276451686,-1.0221928694445686,0.8294448333141211,1.7690980200433706,-5.245889433446676,-4.2866887520811,-0.7177977616599962,-0.1678450978133434,2.3189690145606097,-0.3426192033662487,-0.1923723339316805,0.0959983074093044,5.7507356375271295,1.8548045005826568,-0.273649445696728
1.1859490018343972,-4.63933111711915,-0.4210921933338131,-0.6869091375541753,-0.2023457656990261,2.2242448374068435,0.6159863737708601,-2.9299593244729407,-0.0632065815608049,-0.2691536567713042,0.96423889964937,3.556721774719038,1.8991123551866784,0.5454170216501661,0.8834829202075214,-1.719691051609876,2.1319236678218827,2.489253057753168,0.1532741556438465,1.9846381815159664,-0.405633557501142,0.6617700940593098,0.6968940842704284,-0.2585071437896609,1.569631864467148,-1.15989669557742,-1.2314197064003034,-0.4701107082158781,0.5930686011658585,2.4411221725674594,-1.814150211982156,1.15650365197548,1.962795288712882,0.031369073001305,-0.4175776314978539,2.0158856114276174,-0.5754321971638944,-0.5747352779695585,-3.6134800852834696,-1.6469642792077182,-2.069635300719674
-0.0340140459079287,-0.2967110837648052,-0.0347719150892615,0.479673901221507,-0.1603627994892967,-0.2585153439565866,-0.1561201976775182,-2.1756809435262667,0.0866230665942784,0.1887287583736521,2.1748368956877835,2.526000143640593,-3.027429210490874,2.325936791120024,2.48673097611597,1.3155774995391198,-0.9463039375900436,-2.6633802487017246,-0.8570235352810872,-0.1069678334569634,0.22708955564172,-1.845239425399278,1.435793416017844,1.385363102879948,0.5805385122335169,1.1746154891193394,3.02908228888291,0.3233131052007614,0.7769518633574167,-0.5774304805502399,1.1396575632795078,-1.4086147204879076,0.5832830849472781,2.466710802454309,-2.8787588791577656,-0.1403600591523314,-0.7349426152895053,-0.0671730426996073,0.5193000449720748,1.0315830754156057,-1.3897893477258425
0.681949071845785,-3.0824020605125386,-0.7703285637852907,-0.9584309884675524,0.2459495962819028,-0.1250238992270661,-5.025006581343858,3.142498645658908,-1.3067489640842034,-0.5606771710454267,-2.4222177432438663,-1.9336149524399973,-1.3765470360383163,-1.3527038450921365,2.513493802132988,-0.6052239061817173,-3.103453835811697,1.62633928412227,-0.9963892684335994,-0.4998034333153944,1.1418160282141456,-1.2789302317216042,-0.5384833005828848,0.7471741642576809,-2.2372555023233334,-0.7363483812918069,0.2851999494118395,2.256728720201152,-0.8199395726343062,3.937308454912481,2.6125384546753674,-3.933903090910031,-1.013388117356603,6.048626509485831,-1.5109592439180184,-0.913723099348508,0.0370594448612197,1.4724767034915611,-7.560115152538617,-0.7972012530183202,1.7005532143156636
0.9798677615994488,1.5414675141523908,-0.4460124115252377,0.9511708693817092,0.1791508562247325,1.70334455811122,-0.8758552255637313,6.57893236910442,0.3960002086986977,0.4316448754449917,-1.43211913747148,1.8648650872542087,-7.987572619993309,-0.617681417544763,-1.976686884291401,-0.9455479529973162,-0.6251349686614078,-1.5511225049487756,0.289757650110283,0.8146543436602685,0.4219619811726829,1.048905539523437,-0.2818335131126195,0.456435890288429,-4.982971533246747,0.3141300297545994,2.601948410298406,-0.4297967368904733,0.2245594682987732,3.719319640889073,0.7406983087062111,3.813877043241816,0.5521040163687071,3.2793134519571594,-1.8861001357781155,0.8787094202003698,-0.2023961472191223,0.6466588274506765,4.995484187055751,2.549481695900614,6.679660052837472
1.1579634063253044,3.060043298490902,-1.3713702434220283,0.7845500026230462,-0.4844325711086035,0.4612795398436957,-3.0362196168334665,-1.6235384280155367,0.7217199751096693,0.2308647868683636,-2.2999550840812293,2.3881292300259767,-0.6601469716528656,0.7597758309660753,1.506746041822094,0.1649383477042412,-0.9032264576427614,1.717488394507403,-1.6863696943560076,-0.8563068048846652,-0.2013952634075174,1.861137852549126,0.836203705724588,-0.3669909149080684,0.2631623147965442,0.1307720049176268,-0.0274080372175913,0.1421134812874314,-0.0042066458877102,-4.061091754684165,3.5163132556864696,-5.127188345600104,-0.4698571534846649,-4.123492440152919,-0.9866270942699622,0.2427151854572767,1.3436585736530706,-0.5697957294412495,-3.60860053424092,-0.4844551677400638,0.5125171503912829
-0.4144644275542711,-0.2608745235093933,0.0857199124549054,-0.0204850931304997,-0.2536868221572483,1.6656223861900463,2.2257241595912927,1.404417989508596,-0.4958413639430963,-0.2156642457506398,3.73414583916725,0.7543126115925292,-1.8177760517789032,0.2803178910712581,-1.888396880171901,-0.2705474938668189,1.8245788226389592,-1.6402767847442403,0.3501501428626707,0.0549701964503223,0.8227273023544776,-0.4261019050885238,-0.299831002340553,0.8558329097311186,-2.50764736798846,0.7035791233317208,2.007679111404676,1.20600996514476,1.0545465302865191,0.868519933043937,0.7369064060864079,2.702171588509919,1.5932341767644411,-0.5325805925639078,0.2300538022082219,-1.2714750282298886,1.01158592502414,1.1662470761991224,1.977443967523104,1.3893757202311898,2.134468838418067
-1.316112290320811,-0.7268660181242852,1.198379262279469,0.3260515551893165,-2.2197988392871464,0.1491650988898464,2.9204068427916807,1.6631658117034451,-0.2114804136443618,0.5641271813867773,0.3044795856571294,3.1648982479354992,3.820164202962415,-0.0767247861458986,0.3918205402092172,-0.7342162466874117,-1.5169950976232225,4.584776182884696,0.662994242650591,-0.9823079871789752,-0.1236870061266906,-0.7227728451882891,-0.913417302916836,-1.3293832094145146,3.020809570695977,-0.7090872643040316,0.5320148662998174,1.0304063205405192,-0.2403896291719522,1.0973450683022168,1.0974151816081248,1.055605137051463,0.3140633453960513,-0.5642750281073365,-3.4148069817238405,-1.1657625323079224,0.5176695799033542,-0.2034136932797792,-0.2475498599973677,0.4910642479542884,-4.054377697708617
0.208972241417391,-1.0787808351864772,-0.9632873992807413,0.1187286621571846,-0.4963024939626021,0.1700696573697076,-1.3123933769822154,3.800011824300294,0.915194060758206,-2.585581757666986,-1.4286409368597246,-1.5077427982437477,-2.432164194196341,-0.6817252181491726,3.414220822227288,-1.8793521912860447,0.7307098804906542,-1.526604467583757,-1.9439862061170536,-0.4287738887418644,-0.883343293975562,0.4845470360637562,-1.5459461603922238,0.5644068713606692,2.6808382490127847,1.423295355111836,0.2633649218934956,-1.271028822250018,1.1397623118206155,-4.576164720202257,3.09420775841586,-2.806733597018375,0.2611119599585497,1.1416250342426384,0.5579796905605565,0.3010350254560462,-1.0901289157456062,-1.4161664630609565,-1.248288855482526,1.0931113259222154,1.6537465292250468
-0.5073061990044826,-1.1861631502726926,1.510081355947835,-0.2747976973435907,-0.2383239274845872,0.7663969522201516,1.682779221139251,-0.8789696874693684,-1.057506170838612,0.7004328924186275,3.118943628167545,-0.7299312162540792,-2.087155490838115,0.8547581872130238,-1.036305043812325,-0.7891510683106685,0.6085509342260834,-0.2666923198955491,-0.9001701718979929,1.168784508231187,-1.6787134936185537,1.65273140129812,-0.0588607677580422,0.7000498593374012,-2.3679810499256684,-0.780859824399841,1.2059510752285167,0.5273948226777495,-0.8768380239865102,-1.1217454902389803,1.1257515838425145,2.054960758004749,-0.1201523987388412,1.1385482403928224,1.4490329357568985,1.6910123163461972,-0.3195910900246276,0.0461822828783338,-0.3548085578165519,0.4208445176915736,1.6884382807129206
1.3752882057627407,-0.1553351368949351,-0.8846213768642838,-1.6748611796319768,-0.0764645159063445,-0.388650017118,0.7693993672121404,1.944757146851522,1.225375318105687,0.8316647443814306,-0.2585614076397107,2.6645995345366327,4.358844516170013,0.0259408763124774,-1.6602778672033842,1.448766752140599,1.1875301637754845,2.8215100625072425,0.6051200294037007,2.0524639452053712,-0.5207916185510008,-0.0307764696689414,-0.3504044961451916,-0.9865738858616028,-1.5829441936565911,-0.2476527067701945,0.5763352365304713,-0.4816957335303042,-2.0641779105429023,1.7217323215740807,-3.428882172742163,-2.052232625401249,-0.949320369268873,-1.546254313323796,-0.9870188886713432,-0.4361582767566975,-2.702608417834702,-2.079664055061255,4.632680334796443,-0.123034163906527,1.845630792485883
0.2368020170646372,1.7076888496775329,-0.8538186884688675,0.6834655568603754,3.341888332584587,-0.7537992951576463,0.1097297207932712,3.2267011911292736,1.2178887940577978,1.1880658564538464,0.6587601468263129,2.461074807280104,-0.5684249765474374,0.8444036026548021,6.129130819399449,0.1736359738944941,0.3180608518405877,4.173689263741249,-0.2488714090837013,-0.416896652853038,0.0015052451432425,0.4707399228995857,0.2444704336135895,-0.5917344036264215,4.816779980948191,-1.4653378744369814,1.0764352324787396,0.0673635688913744,0.1036321883337406,5.244671409828768,-2.0570973055578428,0.4245980161439791,2.394898753007436,-4.547459871363495,-5.677478924610836,1.301913905183185,-1.1794427726972811,0.2993037169665798,-8.808310154975425,-1.1592384979553056,-0.1956591076170851
-0.9213827830389484,-0.1241520427898246,-0.1377587472441276,-1.3764490154088298,1.3142769749770602,-0.3387663402012439,-3.0804130428776237,-0.1117484544335851,0.2283129673668918,-1.522055363848776,-0.5916495022848025,1.339225183828508,-2.0316515708491547,1.865606370669216,1.8809197175123569,0.84272619009267,-1.6092344271020071,1.2605866878766845,1.21705990140637,0.4857057558179669,1.2260668334315077,-0.0959847601175161,0.1007169833138053,1.7871768167076385,2.0695723026402644,0.6591721770910016,3.140239463643211,-0.042090102168716,0.1626474892246187,-4.271382009105584,-0.517295907653216,-4.107283403629831,1.5101482103308752,0.6960837185498454,-5.075363962159115,-0.3236474757097071,-1.1208772768943531,-0.934318612264292,0.5740599485456855,-0.2484238828650155,2.8224879808016823
0.9993424174003056,2.036206479583613,0.1535349388837102,-0.2279787467394084,0.80239440928434,-1.5915361702629902,1.694481787625965,3.035047026143472,0.4204787497807647,-2.152869728842954,1.6241726303784834,0.9596368543792516,0.3956269981112352,0.5907327001343627,-1.9351924762639243,-1.0562382936936536,1.1123160650121302,-1.1026278104926397,0.1210234582287319,0.6288327208378105,0.529705319582816,-0.6152075972683223,-1.2845646288661683,0.0554922111615057,-1.621153373907626,0.9692803368877678,3.555776366058629,1.2359308503095057,-0.7155133698648202,2.043544571674551,-0.833037012435825,-1.4991222571736498,0.8111184444372194,1.0732514001627391,1.85040805787963,-0.7144848718504306,0.8050065056042585,0.161354907724451,3.4373967939176224,-2.0130780684741425,3.960515002193541
-1.0574828233914233,3.077652198748281,-0.9777932263756516,0.230713856369469,-1.5941033887086098,-0.8285204259533338,-0.6078167443056975,1.7411618990802682,-0.4406649712864707,0.093053889909413,1.6585943618401693,2.707885832747193,1.0150043507145752,1.691230559211742,0.7787632587546847,0.4969199809634917,1.60256077021479,5.204449504340605,0.8672874772861573,-0.7675503511746762,-0.538186989167788,-1.945753931283824,0.1540772788956699,0.2618534772222993,0.7462773564411466,-0.4939698171801021,-0.6868988106202465,-0.0018792329487895,-0.2761156853574064,3.366591536545304,0.3691306013398747,-0.9363050399238236,1.2705063632668183,-1.2125497856382228,-3.6037401594197873,-0.0807261907068694,-0.4741549237898412,0.9376132293620216,-6.266301432199349,1.0548802225142075,-1.7693916735226547
0.969980759601767,-1.358225708738253,1.3884584763045642,-0.256699073427163,1.3283553849946597,0.1711208707631776,-2.678244491358462,-1.0894946571330326,0.29959866506131,1.2680976329250528,2.4914145357053425,2.01669213747262,5.583855422611614,-0.6896989404033473,-1.06716998855978,-0.8827126819244158,0.2431481756704929,3.876196722862932,0.824853775936211,1.7473747787363707,0.2880080802065841,-0.0621937447487127,-0.5871696807166307,0.4532848390107505,-1.5583066951363018,0.5828862068261291,1.0814184827198163,-0.8845080485206568,0.2409862439742731,0.6214650300894402,-0.7500309704943146,-3.1727152596425703,-0.4017236521448628,-1.7440769037980837,-0.6606711309291239,0.233495221871585,-0.9837276781310051,-1.8125878369560848,-4.370641243377256,-1.0245830416651538,-0.8697051282939929
-0.0667591479200066,1.6299491168212838,-1.436088319471276,0.0207733550008984,0.4039895532661471,0.6835708636140049,-0.435873099603792,2.1614072460827165,-0.0835586336650812,2.4337153552675903,0.1986745066891801,-2.006230076976434,0.7152619085521603,-0.3442695019841159,-4.103069913647596,1.920087527792469,-1.946497462306905,2.048070707227389,0.5149452442395023,-0.6167824888580591,0.5417743932617517,1.337742826691857,-0.6660637611109723,-1.2621671274469826,0.0070606650162312,0.642765333027192,-0.7188101628814063,-1.1245159766116957,0.9204018982155522,-0.4724275437694125,0.7663889231768475,1.3533656529311275,-0.0810430151730548,0.6541260542741569,-5.144091110469718,0.8073802789934139,0.0790003060778613,-0.2992838857211527,2.5872653595065827,-0.2732825908474056,-0.6371790984023574
0.0660910973591549,-1.8733325491838344,1.6428938480323958,0.3083689700332875,-1.6002590209797714,0.2503428701825623,0.3492019422287973,-1.656814400618285,0.265164888320179,0.4689831349900784,3.204005513632283,-0.4562866097343434,-7.230774705340101,-1.1466952276770193,2.2457795941516143,-1.169622425542702,-0.4367711499755657,-0.7615900692215509,-1.5630721773870406,1.7542065373136864,-0.1952049131748806,-0.3813798293357162,-1.842244104912348,-0.2630715765279137,-2.3041722805592446,-2.100935369285325,2.0973677850850168,-0.7452262413525549,-0.7814519057538722,4.045258042614993,-0.125665843118844,3.5568084883089206,1.0304103643065203,5.35277645648124,-2.5449034501198486,1.0105133881300783,0.5406844555709329,0.5289190846969324,-4.351402973001788,1.128577297330416,1.7006815323738564
0.662846025752066,0.4378975738972721,0.4799191722278225,-0.2737846350899126,-0.0144038467405232,-0.370230017103178,0.9059523740501072,-0.0125710122207172,-0.2922016478707501,-0.3275193133772303,1.2944966446685249,-0.2503129524188632,-2.787801330926576,-0.3825195895878486,-2.37955799038615,-1.431656074159362,-0.4864231046479374,-1.3035747479030322,-0.3987035474980951,-1.481662558379586,-0.2051827119244333,1.3490496888881205,0.9770775340978756,-0.6593443241112126,-0.4303671551627482,-0.9262380436080376,1.257042552652604,-0.3368345344305826,2.0333658300965145,0.6092908780577766,-0.0655281132380404,1.9428649025822853,1.6261237707724847,0.8923232603868101,-1.049431011991587,-0.3327788911341987,-0.784100373936187,0.9596781827801212,1.701655216438836,0.1004783392445835,2.423665007678346
-1.040515587272784,0.1935709166064469,1.169762067973285,-0.2235897133533646,-3.0897171192973967,0.0547177945004091,-2.82229563345858,2.7285224009888704,-0.8295927084528412,0.5356181300288068,2.312159763856731,2.9769030465450896,-1.0673267909157311,-0.6500308035676954,0.5527333437420168,-1.6809438155418144,-0.8466797174689531,3.526882011901875,-0.968807867349302,1.8143455571507137,-0.6373844438271469,-1.5182244587606557,-0.044233212634552,-0.5336822249852229,1.8717201211636192,-1.4621313194490424,-2.716766015732876,1.6950796946516062,-0.8216917753654653,3.916840876227779,-2.018069191332116,2.508450427496889,0.0735018467660559,-3.5459057279851813,-2.844031587500932,1.7477541052295444,1.2635705287850578,2.3582946368409545,-8.443981952964494,-0.2730829460035953,0.2281775142552318
-1.7837928429679817,0.9018217994869496,-0.4231724016972334,-0.2333709183889048,-0.1447128150129146,0.4634312914594728,0.9568987774913952,1.911386867860161,0.6905101300061862,0.4419263645613817,-0.6257547901815637,-3.850950733673207,-6.6520040153099576,1.8935245911295917,-0.3693311339311375,-1.1308629713900238,-1.082656041539525,-2.361420040082275,-0.5313182793600109,1.031593321064528,-0.1293795463915872,1.5055302678663465,0.0355977897374007,-0.5242530081346932,-4.479031228370338,0.3149313893624264,2.769044615079176,-0.2094341061168939,1.2021042422229071,-0.1343464933177507,2.418399758269389,3.0768209265739883,0.8204080894487396,3.92280127452176,-1.7855853767784202,-0.3753065163230153,0.5691125958951629,-0.3606719505567776,4.0648261464556485,1.6417421541828272,3.760316290986028
-0.956518712906418,-0.7034857142693967,0.7098295131282294,1.0858647813447866,-2.139192959047512,2.103444595102589,0.0020528877768851,3.963984521641196,0.0686348426985911,-0.2987330815823172,-0.1054232545821858,3.4810077491405043,-5.159492441453556,0.8286286276783498,0.5822632620261043,0.3099511662796256,-0.6743517059479399,-2.5813840345843406,0.3983911151129729,-1.1788994846939205,-1.1153496711389217,-0.6371977649219208,-0.6586578324481525,-0.0576012482153886,-1.984874950721085,-0.1108954762654358,-0.1301916491790393,0.7219682200389039,0.3523025712304244,3.2998541093907363,-2.3487856565650382,1.585280684668104,0.516919954425682,1.1394655989347533,0.1951630011542408,0.2338411124907988,0.2048868083383112,-0.4893796939684038,3.760450628589172,-0.9475175994622124,4.65361759962916
0.6822780944133839,-3.89674870058155,-0.9613765227556988,0.9070722679203398,-0.3266182227107569,0.026776746698948,2.6623694223799097,-1.1965766852282216,0.0077607896617352,-0.6126740863898262,1.1973598827463217,0.0017388021850814,6.904757054171616,1.3782929011522247,-1.7250226929733612,0.9174650494818152,0.7047459772452143,-0.9625311152390256,0.5971696816630497,1.785060085877512,1.744732200513425,-0.0127672162091497,0.4431091350925247,-0.1161686405283627,0.6239374220333596,1.222375957962304,2.564254703574673,-1.230364847339163,2.3329650199340186,2.23254406049063,-0.8598204252233546,1.525316836598137,2.024938982717208,-0.1259530264348956,-1.9684484553215404,-0.013306058924639,0.4052352351012189,-0.3456312887213892,4.77042358276406,-1.3489206812644745,-4.46460489521628
0.0448003592182881,0.097090151818342,0.4041559319346897,1.80958135653468,-0.1671479124135462,-0.2569679145674501,0.114843419817991,-2.3585200958973376,-0.9105016731904656,0.8525058377522466,1.6392181015333158,-2.5962852174452484,2.926518720511332,0.2316547117886286,-0.9017225977200728,0.3502701068743111,0.447707251003646,-0.0227096589870869,-1.1444007883844916,0.3169687903253791,-1.158967246764014,-0.503791348015509,0.0445094883856766,0.1291287938816099,4.211391294321749,-1.0138005829195722,-2.3670904943839,0.0424668526129593,0.0546130335048968,-0.4300148745251216,1.3422037389065422,-0.3250844844602737,-0.2509055496359146,-2.5532238595517627,1.7887794915520736,0.9126079273254868,-1.496500551516346,-0.0429494752750969,-7.175646047043168,1.093021389916753,-2.813462395055507
0.4887204806267299,2.053122375639978,0.2693382878106646,0.2409646665520171,-1.441983952429662,0.008364776971473,-2.147516937035144,-0.6892264931470828,0.8678657455092055,-1.2881356081989292,-2.9728319965152368,-0.3847106067114179,-2.5068336174598764,-0.5268688792836058,2.8062079971790337,0.4799045172170731,0.1573718791845414,2.6132241968597265,0.7937900753464443,-0.0446991062652595,0.5240005713344136,-1.1179866878009737,-0.9470818473794984,-0.879039826657224,-0.987171163906593,-0.980970371923866,-2.1307451752587667,-0.4170306348039024,-0.3724328406690785,-2.044279778189248,0.7394935649892034,0.6459267937108413,0.9495663119313306,-3.4400428147337623,2.342566340164656,0.677331214372662,-0.7041839219284176,-0.2821757982772008,-5.1149945230643095,0.5078195658382589,1.107962561097667
-1.7369709019086854,0.7071793004985583,0.4095134722522304,-1.2663696332296102,0.5623167730820855,-0.2332196526875618,1.91199816295681,0.4852634688246751,0.3045940010006721,-1.3622129717280478,-1.016146691073919,0.4720614690847252,3.118364675049277,-2.777472624879057,-1.8740564266036424,-3.1699530254054347,1.1740663858898246,-4.320338492919304,-2.3292202513880143,-1.1731469511317727,0.645347246920967,0.5268450470094204,0.338253533155368,-0.0147568718828509,3.2089285011965467,0.6589045393854293,1.448850987828793,-1.381025702568503,1.641655310674081,1.2384367996705503,-3.320397919653196,-1.822070697014996,0.4061138947555808,-2.12815522149275,-0.1921786024633518,-1.6214853335344543,-2.2267147072940654,1.3833024304323782,7.54227269064575,-0.7198912584445711,1.117301227848106
2.0573176740482038,1.6536960058769,1.1514051274302537,-0.0829117727355279,0.2358391496242241,1.7590720855752011,-0.8758889493146095,0.7949840941727293,1.5679240467500577,0.5134629294320974,-0.7908535372052643,1.7286344700656595,4.28627931823529,0.9425130880273512,-0.0575136991367288,-0.2416704834722332,-0.2508246011978167,2.166826608483763,0.282594495465362,-1.5981152811248478,-0.5526600538628142,-0.3527572607034722,-1.081898263980161,0.3320390720806849,2.864978953050477,0.0861709337179255,2.356619596368552,1.1267105945189662,-0.977006731347891,3.640928536242761,-1.8469851306466256,2.254983968256517,-0.245102476666831,-2.617958992277708,0.7913206105013177,0.5142657444016229,0.6292030719908062,1.2269043366593944,-3.382052386232792,0.2228720712838508,-2.526803847976129
0.5913833159540375,2.132858325380988,-0.8154731609766228,-1.174521998567759,1.3048334279385077,-0.1473459092817,3.1688732727682662,1.9953755299043971,1.3671463082202318,-0.5930639825859525,-0.4254385781635676,0.8725948370367641,-0.0444013595730766,0.4507086798690695,-0.6032686102695184,-1.576028432625574,-0.3810830733889496,-4.156101635559892,-0.5704586447655892,-1.0545066024087908,-2.207080999372609,-0.1943670803754009,1.2555959732326334,-1.2980003476339572,0.515359554946766,-1.598651110120278,1.1347447263572936,-1.4330200624913634,-0.3457660298512809,0.2638483523047034,-1.305719219540912,-1.9023070045088244,-0.6619816044236144,-2.60819801621338,1.3004162074909542,1.1648886700700052,-0.993477372328109,1.0236677128174476,7.252679282229153,0.1682505118081162,3.2396939796720727
0.87107611691303,-4.332125947342619,2.016384251552479,0.4405517552776736,0.536522028021366,0.2684077444243874,-0.9423605699064876,-0.663654979892252,-1.1088398307126217,-0.972896360292374,6.330198491975345,1.0721993147548594,5.26781955722209,-0.1481341403959296,0.5747141214963423,-0.3813598158653697,-0.860618824930715,3.58936128439352,0.4997110715987408,0.0637888856369294,1.05125482223235,-0.9222081421956578,0.3720995954190984,0.9395154383037672,-4.147093276915174,-2.4843068520253184,3.065710821687401,0.0915807760112209,-0.9162578798537598,-0.3795519905889153,-4.027207461953127,-0.3154792356324071,-0.321697179825628,1.161156685332112,4.918673213782097,-0.2317789084582307,-0.4644394037398679,-1.5399919189118856,-3.341665528603245,-1.2380541585520768,1.0614195931734358
-0.8315971223016089,-1.3799673946766986,-0.0094288993618016,1.1456194527425954,-0.8697821891844248,0.7263148353994696,-5.012752201988444,1.3719586830376207,-1.4460732126134852,-2.5633554605018105,-0.003385725015524,4.0492589587219125,-0.4661579438034799,0.6824527755615963,0.0828784234724653,1.7832643124983245,0.1659652866651806,0.991960347488348,0.198172000590745,-0.4583022801425785,-0.9157748576609483,0.303493704057144,-0.1798232737950233,-0.2615172637301318,1.445468129026298,0.0649667693315147,-0.6614920703462,-0.0313567561910046,-1.742318788456722,4.867035265409974,-3.485461755269074,5.814061747542947,0.4929617012767786,-3.553117513543992,2.281408995092985,-1.0721837602068442,-0.1623077218966211,1.299599199914256,-7.721244726410202,0.2061445461530233,-0.0907058028125369
-0.9238883294281756,2.7339685809747545,0.6300306057819787,0.1937554629334322,0.6794442719941512,1.2360977779118814,3.146099189280006,3.985709668140764,1.0537045307955717,0.2705415245774508,-0.7281914975997168,4.125282199333816,-3.734246237433388,-0.3813493403352789,-3.233930081622192,-0.2166298400909523,-1.68847353617213,-3.7416206746153295,0.1848620420936265,-1.2128941123222368,-0.5906289894607724,0.0490720060717835,0.061793142237043,0.1200650085218249,2.137660750489631,2.0662076631226203,-3.1862413971949506,-0.8149320658723125,-0.3825211321118222,-0.5724981471233677,-1.6726136190064236,1.127207382008189,0.3920193629805566,-2.979274215219116,1.4877290779982226,-0.3413800125015139,-1.5417620544162485,-0.8365961529404045,8.665599003775188,-1.562903328606704,4.194165764468348
0.8726396719454782,-0.4339389881582334,0.9121830102454784,-0.6736020339950156,0.428305844103827,-1.5161084361808626,-3.687725495120884,1.41941432595719,-1.5364834468330808,0.5530185203779231,-0.1380826819923473,-0.6871706803525355,1.8831102323453668,0.4235673759903154,-2.2571480196676177,0.9357162677004348,-0.1826293073662245,-1.6917182590630278,0.2961734444590934,1.5350405136174556,-0.3324230582928256,0.0331426047002411,-1.540484947108714,-2.886141566718774,1.8391237496436368,-0.8898981943935323,-0.3697418638811398,1.8363544677627173,-1.173119953825772,-1.0826346480195488,0.2314375860153699,1.0285653925305438,1.1785220449774336,-0.2408396668383653,-0.5590807728344364,0.9243493695681848,0.6633654395641215,0.2097594257644932,0.0293843162795038,-1.136848703028336,-2.282247704239744
0.3639718244371924,0.3401794339866758,1.2706896131737624,-0.6461798335997879,0.4814243393365165,-0.2093576676723782,-5.175656480694213,-2.4114606789392137,1.515017540013707,-0.40523347937615,0.6515160735385156,-0.1499261339323896,-1.9209918928082164,1.7283969055131705,0.0861908585497177,-0.6001278459938096,0.5266868055985838,-2.646019099091565,-1.6277911719241605,-0.8178392934581283,-0.6809614004891196,0.4288085072228241,-0.0220470102947757,1.4319546369961609,-3.781937556599584,0.2343422961481991,1.0134989628949167,-0.8402293683323263,0.185559155085237,1.1871922086426234,-4.614314663476538,1.2010490994044896,-1.655682983774277,-0.0668258212854689,0.8375092678564435,1.6999896978137858,-2.4917210472063704,-1.5289908641135772,0.412694242172686,-0.7598604459331141,1.6106050500848443
1.685631451932473,-0.544683411841705,-0.701328985331475,-0.7109215654318701,-0.5984002793013844,-1.0649224629448262,0.4486256989227004,-1.2196194009629275,0.6332953974149623,1.3057627271900645,2.0628892132907373,4.569514429466442,0.1121214163786229,0.704932265028321,-1.6252262519045022,-0.2363919398788261,-0.9096733647062224,1.1738078082542152,0.9377136614260452,-0.3432663242913671,-0.3532149805481262,0.179460251061361,-0.34553866593351,-0.3117100961174228,2.179639055952313,-3.2887168671355944,-0.5754925338996608,-0.8933800992033498,0.5033134566487895,2.8950219793840217,-0.3370196998497566,2.755716249216717,-0.7726653132151422,-1.7782727388609008,0.6218097956269522,-1.4353578545383932,-0.5315326432168214,-0.1164069070242179,-4.265080964163933,-1.31391020837727,-1.283916688256366
-0.5073061990044826,-1.1861631502726926,1.510081355947835,-0.2747976973435907,-0.2383239274845872,0.7663969522201516,1.682779221139251,-0.8789696874693684,-1.057506170838612,0.7004328924186275,3.118943628167545,-0.7299312162540792,-2.087155490838115,0.8547581872130238,-1.036305043812325,-0.7891510683106685,0.6085509342260834,-0.2666923198955491,-0.9001701718979929,1.168784508231187,-1.6787134936185537,1.65273140129812,-0.0588607677580422,0.7000498593374012,-2.3679810499256684,-0.780859824399841,1.2059510752285167,0.5273948226777495,-0.8768380239865102,-1.1217454902389803,1.1257515838425145,2.054960758004749,-0.1201523987388412,1.1385482403928224,1.4490329357568985,1.6910123163461972,-0.3195910900246276,0.0461822828783338,-0.3548085578165519,0.4208445176915736,1.6884382807129206
0.6062958263590355,-0.7069549868538176,1.397244472619075,-1.3798974245424809,0.5835626422099162,-0.9189221389469516,2.621966839672392,-2.3121904931379014,0.7992921056177769,0.0349028026694197,-3.5345717658753384,-0.90340912244822,-0.416790620775005,0.7632349652601047,1.7324972963058096,-0.5949867824938109,-1.1080056402821057,4.051962991517533,-0.0993785846757893,-1.6810433812324486,-0.7106428353366228,0.5544590788279006,0.2691629021007851,-0.6545191089165071,-2.9534202426963265,-1.4702243449757697,3.5670675392092424,0.7306149706948772,-0.5455552233788529,0.4525538516559502,4.280095853646438,-0.4216795346817259,0.2015337187301615,-0.2017296189442816,0.8996037397605978,0.9354066363420772,-0.1256772896826729,-0.439410594378534,-3.209845170360916,-0.5233183288239988,2.1984673155272176
-1.0365654097111625,2.0874325656042387,-0.7519802061222841,-1.3784217273193466,-0.1670928300596157,0.1220428244987194,2.0705503181575247,0.263312327217174,-0.4416231550526228,0.6623788286276989,-1.2052190780242915,-3.343737983632505,11.872166555424116,-0.4588576625130803,-2.764361234434147,-0.0231662167352795,-0.3818753749572727,-1.805803914941679,1.7262906476020643,0.0096546509757171,-1.5976337281799966,-0.7332902647693822,-0.4138051701854867,-1.0908875028935294,-2.076247339821502,-1.5968748163533384,7.798330114511793,-1.5250627778557269,0.3200667278277668,-1.704626579337615,0.2831042579310163,-3.109227829684518,1.344326790090518,2.8715188979648154,2.994989899620017,1.9891972468310697,0.7090497717071946,-0.2127186948091902,11.88206259631994,-0.8743693081096376,-5.289746794776091
-0.3286380318484665,3.2842641486853155,0.4767113254492023,-0.1508223390387715,-1.6024349282032238,1.621157008357673,2.730443819878617,1.4399037077717716,-0.8750578555708591,0.2743784858728293,0.8792872325490196,-0.2959729737603922,7.157017001008672,1.3797071302882713,-0.9908605095298876,0.1046513937432428,0.5569869613128863,1.4353652541413426,-0.6502219240283701,-0.4352083316806939,0.7698500118163252,0.4897310404773345,-0.0318956743565519,1.5940889488165368,5.023176679019753,-1.9364761092549905,4.998484660283712,0.6408609182329041,0.4354811083969981,1.1171943777259128,-0.9275103646112184,1.42361872095705,-1.1349635040849382,-1.5383462837504005,1.504075269425253,1.122928002658105,0.0113736731237049,2.9382831018948417,0.5535079707461698,-0.4380428391640411,-3.913004791598292
-2.4723522655319075,-0.3844794491558604,-0.4453780054597421,-0.4847284810149594,-0.7105373688099206,0.7294905166320504,0.3248764205879488,-1.2809479640437078,0.5467328052768683,-1.1419584458376693,-2.2423168247497234,0.9120918866968678,0.0976399048065727,1.9319345800794596,-2.259636453683081,-0.2444499402059625,-0.7176822670227979,-1.6666400422796246,0.9381711607296308,0.3145911905258778,0.3816483776657319,0.2700376956120717,0.3144753850279685,0.8331713609248977,3.111323394079016,-0.7326118410165638,-0.4111567562395586,0.9709076158763524,-1.165428310540089,0.7694623988501795,-1.560970648716284,0.9635160919392308,0.2603576038803387,-0.0542776079891693,2.4069413628711893,-1.8691457460298773,-0.3374066474951449,-1.6222183604892286,1.4927493936842062,-0.4324384018276537,1.05453252069104
0.9758899132879651,-0.1830584608653493,-0.3271607604847486,-1.8005932607038568,-1.168370440320632,-0.1851892989360984,0.5359806501943218,-0.8023466589799626,-0.3190103924215525,1.0570771433319257,2.405043386698659,3.5041026366463663,7.101878834347313,1.3939258139517434,-3.332645348543901,0.2082020976670196,0.2660206890301316,-1.2114092251426172,-0.6481804321813994,-0.8831558216654465,-1.6656293034060998,-1.1137654478734365,0.8517060729240024,0.798592057054233,-0.4085265956568099,-0.0749200290127479,1.8404869535713264,-0.304534572942035,-1.409035730629039,4.163183114681152,-4.052830344007094,-1.9285112296379068,-1.4766435764588892,2.988779301815625,2.633742271626919,0.7637160906668067,-0.5735716286403991,-2.2282586499523207,4.997031062437739,0.0924696368095422,-3.2132350058432584
-1.2692355163396347,1.5945348127959909,0.5159953696632302,0.3466208322798074,0.8152155835490985,0.5629529697076311,0.7919769212090648,3.818862437670656,0.248661304818072,-2.4786604376864303,0.7925961436650941,1.060006457766561,0.2399018861642051,0.7087040309719455,0.4768769316834509,-0.5595945619976606,1.4965284157337315,2.5309609461095626,0.7656312650459693,1.0327434240749684,-0.5580850867861246,0.704097628796816,0.4255740542902676,0.0753264977023548,4.602875076060833,1.3037917328325617,0.5866474567349527,-0.1039001375441731,-0.1962986429923851,2.0295153887483948,-0.6710429913741326,3.105151423297394,0.5701379408526698,-1.9672790805276803,-2.141474525533891,0.154910512391926,-0.7353860228422142,-1.1827479126921108,-3.518747942139408,0.7060383275815556,-0.6692353420946211
-0.257315931899371,0.515259977485767,-0.4438698263365138,0.708376106005382,1.871022771302464,-0.3758909634102676,-0.3986288970260442,3.8233611573492414,0.6338317633069918,-0.7498569988575087,-0.3919388628392155,0.5780566072033613,3.164637902084928,-0.7447265874163848,-1.1290504784434627,2.38679235826394,-0.7861356260504289,0.2812180636787469,1.100983988519651,-1.1204766669364212,0.1340514170385388,1.2963264618539296,-0.4797789952349245,-0.7169243121960595,2.4070541045186324,0.4415643424086356,0.6605074499180117,-0.9037576114430732,-0.7377152444146473,-2.539329343329274,2.976866231089761,-0.7120255533401305,-0.0513613596870666,0.6041773175879122,-0.7169618613788281,-0.0424228979078304,-0.3557097359642392,0.2344412152584262,2.1155625152118023,-0.4566323513445302,-3.273528338194291
-0.1282701796142563,-0.7918134610354938,2.0946086143505984,2.348432305211155,2.225502562339048,-0.9000451980082506,1.2543632844811952,2.7857516005701437,-0.0012166952260236,-0.5886520604007592,-0.4799059349652701,0.1862189337806455,-5.248322807545016,1.2672914344994235,2.225702946921271,-0.9764364386567974,0.5546594234069788,-0.3646428308105262,0.8822226997616295,1.0360140964767444,-0.9098232034564658,-0.1103037035377807,0.232624619072789,1.4466547994708612,-0.1515344881512663,-1.0967698160042545,0.5289322987636924,-0.3850964684487504,-0.0649536473149415,1.2976124941387703,2.161836413136214,4.417552223912601,-1.1544821175418878,-2.9586239997992445,2.8983753991544483,0.4737102777898258,0.6448649252853523,0.7405441218442941,-5.186033001294566,-0.0055260172000378,4.166387912570057
1.6017249803659557,2.3846364790341683,0.9982220519944972,0.8606716870732808,1.9503236677201805,1.2063456997213984,-2.348456214800087,-0.426064461535778,-0.7304633566521822,1.0678647169813846,-0.7829063604447364,1.3950851525498336,0.178975913204019,0.5946950026340323,-3.810362033095769,-1.1476240104772963,-0.9597282855075618,2.610190649914042,0.5174719554287214,-0.2507532122216376,0.9755080548533434,-1.5054332430164217,0.2459443421573975,-0.7007673874045374,-9.767178686673605,0.9180687555941568,-0.1859108380143914,-0.9777376322134432,-0.051821992731666,-0.922598201240574,-0.0508318854446336,0.0653797007705649,1.3754270590263864,2.837522889876512,4.373420878783465,2.137345187619488,-0.6389235270998787,-1.5811564961668223,4.660442347218579,0.2531175522201919,1.4004701582526269
-1.1197178773826937,-0.2278543204147851,1.791187996066706,0.5646989158388521,0.6849660623202949,1.0367208062950846,-0.2646895348676648,-3.3921239765412885,1.5243840673084683,0.7826001388323774,1.4349166647153333,-2.923183384312092,-1.9351328093589344,-1.0977382708787988,-1.7049424694497972,0.2393046551268657,0.7580654396885511,-0.0549377217878834,1.332618817589944,1.202331232812869,-0.0620649511049249,1.0327148359743294,0.7854004977538963,0.5124613971602412,-2.627535132511374,-0.5674012020517224,-2.860895071985224,0.5255777122081972,0.2507903957509222,4.190891933202527,-0.1874707931362202,0.9969673568695684,-0.0215505773634935,-1.5152145346607917,1.8546853456400096,0.0918794575563981,-0.08796704288056,1.013675459202409,-7.490700010196301,-0.1167679056192319,2.6420341795701834
-0.4053079455703848,-3.462497034363955,-1.3863886807426031,-0.3467942946550531,0.3893445997614195,1.43587606659163,-3.973105956416422,1.7788352346116625,-0.8503374379030141,1.0216846275909284,0.6827281876273754,3.5543522003072563,3.647505672703259,0.8671261340261532,-6.571301612676415,0.3959173616210438,-1.4214821295183642,2.131364963178581,0.3539855006813222,1.2475468225819857,-0.042958576520823,-0.821759669793051,0.3600579761570167,0.4211551686413702,3.2925298862681536,-1.3543378980113334,-1.5672288200860378,2.203674369159633,0.2092217088416779,-0.3020283724579646,0.2132579551896489,5.642474426653549,0.1882946521532298,-1.2079787436213314,-1.5273051489528742,-0.5129826226020991,-0.0688632578688328,0.9634413760195748,-1.2999081513415434,1.3390040040114672,-3.6498238859347296
-1.3809066404269863,-0.7240029732291967,-0.3705248874813209,-0.5315110711237978,1.1008047284194706,0.6745289029522625,-2.51180585436544,-4.437669131960218,0.0747207943095849,-0.4190559714032287,3.51692460487509,-0.4425441040790434,0.7359161971413768,-3.0306201456317963,-2.6683290375738045,0.536361654665601,0.919816208588854,-0.5667140525664569,0.0333367388703587,-0.1689748182442439,0.4437062044642538,-0.1559373028190472,0.0242543642960357,-0.204171021386963,-1.1809272002883957,-1.348391804756191,0.7618935216320679,0.2251654520712777,0.2306681193853237,0.6600444260683214,0.3782093278705256,1.6521157189377984,1.1939323396083483,2.196051822513754,-0.4849886464102518,-0.6356853004259994,-0.6136911813464733,-0.319776630170562,-3.607719283552527,-0.4536722907651056,-3.3831693865377943
0.0936077511448023,-1.586506630819644,-0.9083885041250194,0.6884789106724198,-0.1241102722956581,0.4896052015536666,-2.2193432393888712,3.069058906040149,1.310197006243315,-0.4167693676183739,0.5827523207464814,4.173154270443218,1.3262881847530177,-0.2953702772057134,1.0952444343505898,0.8050482880703158,-0.8018815388519553,5.196053716532917,-1.127219885249917,-0.5493049731065311,-1.2555456032360957,-0.1987533250352578,0.0872280955269216,-1.4339245589606322,7.580799895852239,0.4565326001466911,-2.6733078147136053,-1.066997547741401,-0.3124881883063838,6.48590274493582,-1.0636812413975725,6.128117472395381,-2.6305178077179883,-3.194325892508951,-2.318860105959555,-0.1571725220784135,0.1329614502953738,0.8714384227074601,-13.262032106776996,0.7498785528751643,-4.260856654682348
1.863853821273317,-1.98395233657368,-1.1559017197967791,-0.8548413202928921,-1.227266436541015,0.4203915510191141,3.013608952575177,1.0884578461362209,0.3455331239046478,2.14075343992799,5.150192271669821,-1.6111994681770143,3.3545844573812844,0.1508760016113719,1.0042344306261706,-0.8220329514308059,0.4820192933572496,-1.1276843819456743,-1.85042482990004,-0.5305726019882614,0.1684561623641311,2.216284413352209,0.7865515291373731,-1.0159212199718115,-1.2727331827242865,-0.7015716542690141,-3.9936283532979617,-2.0597209837191017,-0.4235367387919971,3.676152455505064,1.8106459833389863,-3.534869060799984,-0.629738793483539,-1.7760587924390758,-0.4158315266598759,-0.125498617132734,-0.6755601310624982,-0.7639715146296799,-4.578921692967917,-0.0862019123586422,-1.9694367932694568
1.2518664336766463,-0.8619686011108241,0.4332773581376276,1.8125189161418924,1.003061879475957,0.5085113896612388,0.1779870162759869,2.1111741344975936,0.042728791729007,1.7603203349014376,0.048860400291153,0.3805015220716623,-0.738420539671814,-0.7742088667141325,2.840398254470319,0.6117033185206793,0.8913236879244424,0.1259956497943438,0.1975548396736951,0.6079105826313752,1.1760331362180871,1.8161548103501808,-0.6297696909288317,-0.1627381225988111,-3.0967577182503363,-0.4316671703665652,0.2072668447458131,-0.0019779388959157,1.849359226649248,2.579291908108569,-1.281211713814019,-2.352465484031924,0.1763512872014081,1.5059377652867316,0.2713725790780519,2.0544190009226484,0.977669893234218,-0.8793063929157682,0.3282247785440122,-1.8453912078534715,2.3225901682830434
-0.6975612691794705,-0.0386868710984276,-0.3980639421449828,-0.4912660013925957,0.1740745139968865,-1.6326911478059398,1.3227749728853937,-0.0967569931359495,1.2247992527654243,-0.6072753502718254,3.404530411293784,-1.6641329901780035,3.077237907910179,0.7161800896160305,-1.5952233850870048,0.1389855269062726,0.1131819215690972,2.588551967622173,-0.2739460071394842,0.4299173131889535,0.240972755357978,1.1928608688388302,-1.488338126023658,0.1447999483079328,1.265437144543236,-1.9505358447326024,-2.878315894143336,0.2094782050463155,1.149935606022912,1.399582780843768,0.3224075345766645,-0.7054958386793999,0.7361594928188481,0.5453385400163102,1.931761708292784,-1.7166792221818674,0.2796710232278929,2.0929719434837173,-6.064046923660849,-0.1358832545985565,-1.6105144711495925
-1.0989121676246882,-0.7234350775259171,0.0424970161631088,1.8389026228178964,-0.3513905407322459,0.104019837759235,-0.9863541465691996,-0.4080898816283003,-0.0148798356994694,-0.2891973727377461,-0.3455502055765362,2.132446054782307,-0.3178804276297942,1.0750571911417084,0.6039622493737167,-0.4396670763826082,-1.3892142517409467,4.341674476077527,-1.8623212820343265,0.3614563768164038,-0.6128396745793793,-0.5470400811351114,1.0551969477263088,1.0283306603999085,-1.9235034516858347,-1.2416459679051564,-0.894487853057667,0.8484392222038152,0.441684198890283,0.973571168349044,-3.624997482576413,3.6334772071117865,-1.186389343342242,0.0519287391720364,-1.9540551591477937,0.460333090038415,1.6775240648060974,-0.6883961060540398,0.6056732607079881,-0.6200788930855226,-0.7091101658308141
-1.2316909862907406,-4.291045633158465,1.6925015877161784,0.0019451324554126,0.3825584016811167,0.0527262380965695,1.689230747535393,-0.5159234489497395,0.9754850641828704,2.2337976361317127,-0.5796285495670105,-2.5817197099634006,-0.0361201254407479,-0.0706877121688887,-2.583837658453,0.6504482134477726,0.0616248557590726,-0.8711878998515217,0.2511452816245967,0.2238052468863069,-1.216273278913682,1.6864931125888736,0.8829197600963794,0.6330779254868573,-4.88381036308594,-0.2991088167504537,0.3802850724679628,0.1505252186068216,-1.4324083988513745,-1.369391221465703,0.1470392261490407,1.2381924024627606,-1.5708789158469818,0.778113448798855,-2.6906280259253554,0.8496654647780333,-1.9369116206827743,1.4984182442282634,7.755987814103558,-0.1280916510666853,2.6029737634789427
0.0657895105826715,-3.860684304517549,-1.22340903714084,0.4413874933658404,-0.4173866494425449,-0.9715106333062024,1.6748017285192804,-1.1422864719715249,-0.5231910814290175,1.172253528481769,0.5448995448589748,2.023655874257994,3.116991724555492,0.71464011476525,-2.0727394768095126,-0.3370145277453333,-0.3289360986198836,-0.5986830366458498,-1.4293668593735531,-0.0536492915066722,-0.3029509223656926,0.1187956007290237,0.434797363332539,-0.6993187135351349,0.0750749003523751,0.0619705125121375,1.5770996598161204,-1.971167168463685,-0.838697420525874,3.085921140625398,-1.8585358644944685,-0.2516886884196523,0.7010563738248182,1.9277117528007253,-0.2129496013827518,-0.6352554684652657,0.5224575695863483,-1.6076807625031426,3.2417138712773785,1.2505407829609532,0.0725877281663125
-0.6202533698755448,-0.7142506175866888,0.3431714268617034,-0.1699416369236223,-0.4278997615246229,0.2310269936305556,2.78587040560161,0.878777629613547,0.4663767820049486,-1.0873551238645067,0.3942880894321331,2.6032691844362934,1.799239005255431,0.9399838023823752,-3.959339644375969,-1.0043627408014306,-0.2577203563720981,0.1922478483639009,1.333332902123722,-0.9192247879992504,2.876964600415297,-1.3527492109966284,0.0792130509505311,0.2980748036606312,-0.2928745655984844,0.145546832961737,-0.1780751508299067,0.6204644598755814,2.385735253775114,-0.0299540081283398,0.9464480636214224,2.7661054674894565,-0.8519744109361417,1.8146612085142104,4.500418203391164,1.1975189860851538,0.5977345865408936,-0.0417680904884532,3.892116950980854,0.4454171494480624,-1.0874600259838163
-0.8997344930156789,-1.6853869074980776,0.7501684349967256,1.6039564433690467,-0.428943597537379,0.7063567964073408,0.9591076616014672,-0.3644350539301095,0.0834195398358083,0.3577109913019432,2.5926234148373366,-2.380304874011067,-4.5606375348844,0.4562104273372779,1.7339257522527125,-1.689479433323172,0.1793467539227596,0.1029205569210388,0.3876577409704372,-1.2330657067952784,0.693284225438608,-1.492682636414121,0.3863050657013434,2.407525079182364,-2.5609145219728564,-0.5427082798823191,-0.6275447832072132,-1.1817519249317576,-2.090716174476736,0.5460316451074518,0.603883142134301,0.4405503865901634,-0.3183846162898976,-2.190862986490252,-2.8521552344996923,-1.2439389270696006,-0.9370701224149496,0.5600905596018451,-4.013369779860079,-1.2056418387319443,4.590661951649809
1.5304110573781224,4.359731526161406,-1.7169600941314331,-1.0523238161084252,-1.1449454936225785,0.0145519919531086,-1.787270110612365,1.777646378127897,0.6553818596673667,-0.7943211720283606,2.1836618883082397,0.7452658684663278,-1.8598683383630472,0.7416271132874298,0.1325737516981568,0.1702186575773248,0.721018898486968,-1.0617251332214654,0.0399738880243687,-0.451721228069654,-1.250616246901464,0.5313953224494332,0.2693946227227173,-0.8423159086851176,1.6129961641711574,-0.7771909988968292,0.8639138894698148,-1.0026803005686769,-0.0574430862414827,1.877294961065888,-0.4000963263636748,-0.9028024007683488,-0.0974339340136856,-1.1273460604370915,2.076611767197777,-1.5891716083111629,-1.047140994782972,0.4297824737747762,-5.395182400847752,-0.440911892268752,1.7813674582292025
-0.0905643003775555,-3.172728864582088,-0.7089779105239917,0.0232346738253622,-1.7974750462885485,-0.4699713940940402,0.9671968946842132,-4.418358531011733,-0.0341241946410693,0.7271659798214315,7.151386111206622,3.1768367904176347,6.467177666023155,-0.13581968438017,-1.36062602554851,-0.9403223271858038,-0.2539859465432025,1.822566519396005,-0.8634388736601287,-0.5086908138441413,0.8341454790227366,-1.4301201993278527,0.7546885719479166,0.0762803605828354,-4.678143784730251,0.5715404272385843,5.55777839898256,0.6916505301373375,0.3125246869463319,6.16554380151779,-1.029275807692629,-0.3632946435422171,0.7332755339871496,2.8880712088155422,-1.3025254594295277,0.1657727220519385,-0.1257384260239343,0.2600953533012123,-2.666601379177912,0.5923597797121698,-4.327489124727673
1.1791155386514225,-4.2446572846523045,0.2351015410292341,0.6212228898510007,-0.9155930686262072,0.801478568601528,-0.7965755199183688,-0.8466849977143105,-0.9778188139286804,-0.7945145009971921,1.624821222544886,0.8846421570881697,-0.9515715865721908,1.3749901655472474,3.0042697346260443,-2.2466905862800064,1.4821103938930331,-0.8613830221245359,1.1864447723690148,0.6825457942236459,0.773064116604792,-0.9169784505890456,-0.3773557369168203,-0.4748134973444914,-2.5603366409852644,0.5123756362863748,-0.3585936636701607,-1.5178315179212825,-0.5444346528937654,3.53244662409088,-2.5905540439348123,1.5409730604526717,1.2506247644188753,1.459882701140985,-3.8601751731212977,-0.793461229359578,-0.1103442438353933,-0.1973958590689503,0.2974611122994715,0.4826262979975555,-1.5202804560355414
0.8574049325538663,-0.2553265938290221,-1.0361054565049728,2.2480491895830625,1.457078112261614,-1.485955525753675,-1.9711266446661333,2.994357825085071,-1.1810487752302106,0.4918308222176757,3.1643693838628693,3.994487882196292,3.2657707509888176,1.3082891809231072,-0.6796121967414285,-0.3714193002188034,-1.6581637694320568,0.2248481946759279,-1.5835524753373995,1.345326956814897,-0.1945316779559436,0.970044085962762,-0.0678885730358733,-0.8708938307617653,-3.4940265748227977,-0.1768427358855762,1.6441692330650248,-1.4938166978813527,-0.4766303676662387,2.7593855449286053,-4.539109352348509,-2.511752609128425,1.0861173643017878,1.852644509994957,1.4012872891382573,0.6670378671406587,-0.1295620776732548,-0.3988824898827314,3.4341660764336317,0.2424416686521759,1.1465056346068956
0.6151085070059792,2.695980718442259,-0.9634172409413834,1.0112389116233689,-0.6676107095859491,0.087808019639572,0.8306711784548555,1.503488648607707,-0.1679235397311927,0.6819297169229369,3.8647686879924064,-2.1967045312818803,3.760906939805268,-0.984297406957114,-0.019401665115174,-0.3706685314530495,0.526725824204843,-2.9116737466706706,0.3251478326676274,-1.4917356126407897,0.590575535663784,-0.8107303399216645,-0.4250447905245456,0.2563805036750128,-0.883837826378786,1.1454243331466984,3.249919921500335,0.945550717681102,-0.4958303271912318,-2.1866947343242336,1.8804003152089168,-5.903591872253836,2.2326232259939767,0.1296621001255335,-1.8470577925479643,2.236764207784207,1.6619470593809773,-1.489472663957482,3.6428700812394808,-0.4692041213947211,-1.3128896438119173
0.3574265299620883,-4.251415770274252,-0.4891149991653098,-0.5534620747300072,0.4039654453425561,1.314997409692202,-1.4073575017725577,0.1685036489055237,-1.4630758968637263,-0.0830492497024703,1.2682516608696726,6.219960440517369,-3.1031909977135945,1.6931735121810176,-3.201986217609345,-1.0335313986035504,0.8776455339756074,2.5332771455518417,0.1697027219736173,0.6860257375127817,-0.1355448134663671,0.5610822373202344,0.4839576205745453,3.4575369664246,-1.002666701837723,0.4252526210514015,-2.1277141617656845,-0.628767668881285,-0.3632908224275654,-3.144689626157856,-0.9166948068350886,2.178665311852393,0.6565628226661995,5.4393518619510655,-0.5366820140873342,0.8726497304465485,1.95203756994936,1.9838426856659936,4.052959898957554,1.027337239417367,0.5566008698742748
-1.1250728957191678,1.855709573250302,0.8445306051070628,2.0071566252640807,-1.2739440501064043,-0.2643255212555465,-0.6064953141121883,1.827515864535062,0.5815279050475495,-0.1298243016044818,2.52710019914723,-1.638368010514566,3.4212347364143905,-1.622079495440284,-5.935700004546853,0.9644733455600452,-0.1128799936855435,0.1185255167990149,0.2169339573755758,0.8444489060891913,0.7908096736178739,-0.6045555511639054,-0.3329969875141663,2.172652783672972,-2.302152255474081,-1.5194378077064372,-0.094745493637331,0.8967948361706422,-0.4529135383167319,-4.488638277834977,-1.6622851742973035,0.7945666173745656,-0.0164888589127832,2.565319165574445,-0.1385090683139477,-2.264158696100289,0.2209213404999203,0.9534130805664977,9.32419466146335,-0.5331819617369975,-1.437550730976905
-0.1163591964658588,1.034644578016812,-0.6653983250717355,0.0245541114325164,-0.134970600856711,0.1128026737519624,-2.557694840073794,-1.6068699968038476,0.8201703070800526,-1.0692165745449154,1.6329906005218344,-3.801730765430129,3.335071725982412,-1.973642197339728,-0.9665890184043174,-0.5563802810352457,1.5660650111640255,-1.2497996139459282,0.7564292580914294,-1.6700553413022934,1.4925953052383147,0.0305765739630861,1.0723830044863822,-0.557131825854833,2.244763779039679,0.3626669960198957,-0.3270858789419489,-0.2475222814584844,-0.0936870759593108,2.230790644626336,2.505301741508197,-1.334806763058979,0.1269429817745848,-3.710591740492101,1.5101138453965617,0.072452231663198,0.4508011873159425,-0.5557183809228047,-10.55288751752501,-1.341951761528615,-1.892851955746104
-1.1116874788892794,-1.062093880408121,1.9705835407208023,0.947183631842263,-1.443205037763483,-0.8321110130893226,-0.6409543234776949,1.5362406680053096,0.3149218740122463,-0.6451347713441524,0.0342855397703116,0.5638558014088623,-7.112699625369061,-0.6422319367605379,-1.1720026266354486,-0.3680687946080349,-1.5188148943139583,-0.1396404955542213,-0.507736335297958,0.8699903088273692,0.6980052217298667,-0.2792102511728301,0.7579739232924764,-1.2944738531725857,-1.3443603415928602,1.1392421333886535,-0.94189688223959,-1.541591783845191,-0.0805035670744769,-2.576715795287161,-0.3317932879477299,2.787807018980045,-0.9966878031905144,3.1648471638380133,1.5527675988330871,0.1462111227086361,-0.7107743675133361,-0.0484383169518361,1.3766516997653298,-0.4749171674665893,5.338971255720531
1.7387156545325118,2.1578317639256284,0.1536366916281825,-1.103110401833454,1.7671345518275845,2.5087173575523694,-0.8849503411563527,0.8758391750027513,1.8205542080664825,-2.326012145441893,-0.0344819426486369,-1.4980421549001577,-0.8370470474432002,-0.9001531709005067,0.6232364138651807,0.9049261752586272,-1.3077693875670406,-2.4462858505005185,-0.5211152880630562,-0.046777032275717,0.6227935174701915,-0.0565916160754917,-1.541366070419872,1.4119762256502069,0.821404164513888,-0.3508985704520723,3.9460295382487582,-0.209476786833724,-1.3194207361042725,-0.3506917001172907,-2.5897214651273206,2.8187226197606745,-0.2680494179182957,0.3730463537538147,0.5670313103173026,1.359010350943075,-0.6601072015946564,0.1865378684943315,3.1705421771015283,0.8711277917103827,0.3464216208124577
0.2365371939785014,-2.3590483650281606,-0.2336658720052098,0.1387296032268226,0.8481128289192174,-0.7071512786716195,2.1767238659734764,1.633564078069976,1.6589911753862656,-0.0897720241116213,4.041678794148982,1.6948960359389746,3.690030104412879,0.2163103535505525,-0.248157024137744,0.6859808681987952,-0.0451576510939759,3.50681329618504,-0.4308213986685876,2.0177496934862,1.4506654601110656,-0.8666581740320974,1.875530090401499,-0.5182732800922825,-4.583901722771387,-0.3211379714255831,1.5840133498187634,0.8488847596809709,0.8369956020285104,2.276320024169308,0.383208614034394,0.8251818042349828,0.363559991520305,-3.2703195819566218,-0.5746222363888704,0.2118178190069581,-0.5414444451007644,0.2921795022474824,-1.5482501796774055,-1.1052045431564324,0.6958954329473379
0.0700181661651573,-7.383004892145712,0.0081203876703419,0.3449970231177206,0.5871858834991759,0.6738525801269429,2.569491614544106,-3.818323538354872,-0.0290350911787861,-0.3523016654739448,3.144566745099512,0.1932487191080815,8.659513053132159,1.2282853934218785,3.725832475771872,0.1004181797885105,-0.566719014639813,1.8410956842336488,0.1585029610257095,-2.6734493550387604,0.587138473488045,0.7319095231641103,0.0748440731957876,0.5561286105438994,-1.1558249874234898,1.2993651699440318,5.265665276497589,-0.5846074524192226,-0.2495828574165665,4.42470179286833,-1.0416603770561568,-1.437169678796515,1.7303888026345482,2.287119521298402,1.549204296380231,0.0367074181867973,0.2488764747921543,0.1314736020642147,-4.049609566823356,0.6382205393555743,-4.388076451164277
-1.073930685372777,0.6229866772376362,-0.2378452921661395,-1.6959970335466712,-0.0892577882750958,0.8302735715312626,-4.354377041729155,-1.4717286597403894,0.2397532583489268,-0.473373181399527,1.3379654202461853,-0.9562312790766024,4.2474723145426845,0.3112847090376938,0.3354055794244395,1.4347420223940113,0.335885823196679,0.5455130671099624,-0.7305365840839236,0.0777286458302396,0.8790974899062237,0.1221818665389396,-0.8741179110318947,-2.502337603623495,-2.823704249656642,-1.2108324217980946,1.202324805313407,-0.7337832902423751,0.4846296742120357,-1.3056629886021185,-1.286084762124606,-3.1814238325424147,-2.009560871693024,-1.305775464570312,0.6992786211613518,-2.1726328636452745,1.940429371989548,1.7078702748230563,-1.7869817860877917,1.0692200402368366,-1.5031102633423197
1.695685499166634,-1.0868306991224397,-0.3489525082570068,-0.5289558157784007,1.6958028112979158,-1.4536992161235105,3.412297033919792,4.424082956634569,-0.4517674876664742,0.1187476725952678,0.9144183012198488,0.683758563787786,7.097875123918583,-0.6581121114753183,-4.15080643719722,1.5685430948477193,0.4882145933778958,3.381680814992184,0.0818284263193919,-1.8070544283878656,1.01314886837499,-0.6317762764477626,0.5785293715377359,0.7043143189443215,4.557194103509936,-0.3376327414394353,-0.0936867231971114,-0.8506512819265397,-0.4563027092701705,-4.342823515643207,2.2986790464978117,1.1629386876336718,-0.3811343079465846,-0.4123938319725762,-5.135708650882548,1.3867798420199755,2.264264028850482,-1.0809699130163912,7.435096928489624,-0.8569945017965921,-5.433644183638901
-2.044327149416634,-0.1463912267730173,0.5546595678300018,-2.012374973568124,0.2838358068949422,0.7186087275950913,1.5931280101097345,0.6766533647809805,-1.492626303449844,0.6825164043086445,-2.086502774473164,0.0304720347525913,-4.1404371236798765,2.052219931112465,1.1730102016949715,1.5198326994387048,0.2335419922541511,1.362376073603849,-0.3824985877566343,-0.4319687872335827,-0.8256295979334471,-0.1776836382777754,-0.8112024287291854,-0.308050737405172,2.0012437184801297,-1.4273982237075853,2.560158958644734,1.6916368870976357,-1.0019500866588604,-0.1840286519044119,2.368982723504086,0.9252252929363772,1.0368093051412492,3.910632397374306,-0.8529775313104463,0.4324109495253226,0.5647303152749272,0.6984196686994476,-1.184431784766664,1.2898302929657928,2.044495246149547
0.731683055338707,1.510248350645332,-0.1799081517544153,1.2414181196827772,-2.330835759455812,0.5851474881829635,-2.361983141403595,-0.2108150538691349,0.1904897515141053,2.3320486128532947,-0.7009687295203526,1.6265888594784452,-0.0709251273151482,-0.2303596425756587,1.14623413723548,-1.1351360442340976,-0.2873943210179018,2.1188377222115733,0.9696692226886732,-0.479464137009481,1.2452847810920145,1.232234757989169,0.5519650894960753,1.344723907665956,-1.5304120938752304,0.4200565935698537,-0.4718236771328513,-0.696000471764923,0.5344052779468782,-3.980869646574313,1.8160131258800585,-3.780995967920026,0.1087448983573815,-0.6133086563425777,0.1249915533938631,-0.2119027059139164,-0.3920898805566096,-0.6108321268143241,-0.926050225367184,0.6632698602761928,0.0422728430748269
0.2203443261135672,0.9499394363342808,0.5205042817481274,1.259543959691218,-1.1023604702519092,0.9996865471187668,-0.7433298443742635,-0.7454334566608567,-0.4679044676301868,-1.0095189021547548,-2.6847834519294165,-3.4079497454330534,2.249240582863532,0.3779874575838436,-1.3163633916230912,1.1556454798380214,2.1962610870296664,2.7233409253798606,-1.973189233711757,1.073089130156755,0.0150671480478722,0.7912642078351398,-0.4836984133578427,0.0648537222542611,0.0719046352774208,-0.140179120369239,0.9415917456276606,-0.7412711896774951,0.1273876739918877,-0.976296816755426,1.2845171397543238,0.2672523459635334,0.545541016367712,2.254833131945565,2.077002770658793,0.2544124734301732,1.0937919663340472,-1.1819117009495126,-1.803714251983228,-0.8611019238689862,-0.9080829722025764
0.5427237338960869,0.4698678731214523,-1.284334546513832,0.1601734047437635,0.6446518328752333,2.0863125230501653,-2.342788811174558,1.2474055495436962,-0.5656325431410346,-0.7432493031735075,1.235197413865007,2.7295279222965707,-5.061241564456984,-1.1159830444128571,-0.8765254763835445,0.0530009119808014,-1.1563061168483222,-0.1872146270139628,-1.102555921320394,0.7524587755394058,0.3571529871185487,-0.4080825266878935,1.777040282317382,-1.0042162240010606,-2.0857233780589857,-2.4294135941509323,-1.473112331407227,-0.1866718852328346,-0.2638426566423639,-0.0250182349160816,-2.5388979166039576,0.6057964579222692,-0.5524226774147731,1.729175990319331,0.3750978923149543,1.607572407875795,1.310489579514019,-0.5157068565015204,0.8274634957982798,1.2923211243811794,4.036168370388533
1.1386298897400071,-3.822125967067408,-0.8218870797637282,0.033281108843181,-0.4513281222274964,1.2201486544442837,-0.1988397727217659,0.6226517462644394,-1.0496108336369725,1.005300963311759,3.381147614945644,-1.1074312263663493,-3.276088865770726,-0.8542118841428972,3.230655719161533,1.943896404729568,-0.1471285772220184,2.019563149297535,-1.4023847041396518,-0.6175050901431279,1.011898350945447,0.6507874095262188,-0.4969523425114405,-0.5440553602968764,-1.0614715350667203,-1.468924603685145,0.1473673464608335,0.2791272496029594,0.1797552938516425,-1.7900296673738034,-0.2743117724499049,1.738616870773417,-0.7998165615925902,1.1402332363254946,4.897023740723759,0.1321496251314918,-0.7866253779577719,-0.1953081114088115,-7.964200591439899,-0.4985923290858007,4.020038077537681
0.860261383277359,-2.0798503491579403,1.0574523126161792,1.8118611768596729,0.9067974997734944,-0.7417095799909604,-1.4457530046678817,4.158366229811085,-1.955621941027489,-0.8239935384857631,-1.3165312484669285,1.351838742009543,8.151245267411735,1.594011864372454,-2.7734627926060966,0.3245222526275713,-1.1162520058794565,3.2652272308817767,-0.5608015930215499,1.3334343859416686,1.102235839195166,0.1994459319414024,1.6193491023141198,-0.5295368726373243,2.8022671896410403,-1.6292531156342722,-1.0079510077106586,-1.0238765069043072,-0.8006938739884665,-0.9726182980032744,0.5069735561616111,-5.306468776851541,-1.0653272432197185,-3.162253566738131,-1.1020563025721968,0.6141017023903368,0.4283086109050576,1.4101557233954107,0.026706175570344,-0.3918613030455734,0.3452391778796215
-1.9271946488365777,-1.32471598931042,0.5913726477873223,1.416355986342689,-0.3219854229769011,-1.289287204515818,-1.9179713717510247,-1.5312585460903292,-0.3111486467404818,-0.4570424098945569,-4.817199382027487,-0.0065518560727312,-4.533916179995786,1.7701689813235313,2.5867998071615057,-0.2748621093747096,0.2920230698988932,-3.127825169747033,-0.5801379581340597,0.8375349544746223,0.7916902862159484,-0.6842131729866542,-2.106877472520143,-0.8848466675510269,-1.4067255861555514,1.2949449035384115,-0.6728899930751151,-0.1884094128130023,-0.4632130625454613,-5.04216186790298,-0.9652426690962788,-0.4314780679942799,-0.6330604731760244,-3.00813235481567,-1.7528948977132708,2.0563344354971345,-0.2260637980231077,2.132952098384173,6.682450028306272,-0.0224111977079806,3.2879426446868485
1.6677981352228486,-5.185356442263369,0.1943959937206423,-0.0386883551239055,-0.0345406460082316,0.4249178057505566,1.4074784705818255,-2.4155974959277096,1.7670926331122867,-0.1902210350514865,2.3509869623933417,0.9143518674739036,6.775549456434954,-0.3058418867812965,0.4362944697584974,0.3223494880841213,1.0082118341621495,0.6500377612534698,-0.4878603912532246,-1.9792179745085217,-0.2199550982629098,0.3569009478249929,1.063255204135923,0.0405515800039193,2.4253491570250114,-0.7251629728116445,2.343283942939048,0.8682678150570253,-0.5899044023429538,3.913851503787611,-3.344187521947981,-1.1925963864778637,-0.5316503218656823,0.2593105514646742,-0.994597590150146,0.7807135087721043,1.2592472721316503,2.678902119100664,-1.5021757745939133,-0.3018391992420831,-2.2403910054716816
0.7602628228070706,0.1929108507747667,0.5570517072957881,0.3554393812340307,0.3977508988039263,0.4650417296384777,-3.4075933856965577,-2.626851836555441,-0.4790202079031593,1.38924133162436,0.7969445733245544,-1.6558157785849068,3.031059735176095,0.3626126563280604,-1.1979729240217702,1.2687506826835977,0.2086855124993298,-1.6825984713014068,0.2889171356534553,-0.8860719060870539,-0.7282181175828872,-0.576391268414832,0.0987030711751185,-0.5092811135384895,-0.0561629327900699,0.2254713929898931,2.1495544877209314,1.9914097844993783,0.35448700688441,1.8828376746408095,-0.639340471976533,-0.9896759145008956,-0.8999107246277225,-2.2773585816634503,-0.2139450499753746,0.0028003126176317,-0.2711636084209565,1.276904297141997,-3.8792868924786,1.225827018375856,-0.8573188986436205
0.5511338903314538,2.3127340161533856,-0.545299870369421,0.4104868022619885,0.6602023678018842,1.2488659146278678,-1.0566247202663397,1.9424912867112727,-0.0513753878476206,-0.1508076390184686,0.9613078863030492,0.0043538036014642,-2.391870473212162,-1.5488692456476023,0.9458112062534614,-1.8950377390011477,1.0048018869323136,-2.7338969991361384,-0.6048010388433759,0.2774330571983798,-0.200279139939516,0.7179997219861306,1.2444940192291585,-0.6554615450747611,-0.1541887462953621,0.302107448250493,3.2491975422721446,-0.6255181291013583,0.0381066507443843,-1.2244772780761006,0.582047041083114,-0.0126831705355876,-0.0932277244376548,0.6995566414245313,1.4939483158018696,0.0600202625154966,0.3935646513110764,2.176488267787556,0.9095294489975604,0.5773531827540578,1.5111186920972126
-0.903845783855186,-1.3191403472934513,-0.5374997714124601,0.4470582858144423,1.0681803685192992,0.3319499826589582,0.6318870732789628,3.3227206664992543,-0.4504027469355948,0.1903792018027649,-0.3387679418552736,-3.448057698667113,-0.9200833271443528,-1.3531733024122128,0.4459322468862861,-1.0251643389950549,-1.3187681917793512,-2.5329136558899044,1.7014955862939762,-1.4287284187925922,-0.0787763710322725,-0.2403395860518842,-0.5539858830065187,0.2431277405059326,2.9609403208392338,0.0662156617452439,1.498313062029923,0.3847835579550974,-1.0573569278191284,-0.0039981701030145,-2.9742251828027872,-4.684686925955727,-0.0757570061941016,11.136199674991708,0.7592516892518815,-0.3781396042145851,-1.6903518854837964,-1.129337424112566,5.310912652384132,0.5239070044511667,2.8817262472537823
-0.5418314525689037,-2.7499122893979515,0.3187718473913955,0.5131230074972768,0.5214947906476125,3.382570942763329,-0.129394638146705,1.7312184170835372,-1.9313233765473945,0.2491464357941916,4.390659768785119,2.669572644674449,7.191600314023846,-0.4373799874715264,-1.743024403803898,-0.8264014320921971,-0.2190280952078334,-0.0812919807761819,-0.2179787699343792,1.2191443447007515,1.2668654178023075,1.3024724179005804,0.2225560383941007,-1.3435866500754934,-3.438758333232872,-0.1173331431811372,4.997392962862782,-1.866692100970736,-0.7128809066392858,5.863881423661854,-3.625661020722331,-1.0337517276568289,-1.5122039263261142,3.09424217306805,-0.821216571249197,-0.8208194386610195,-0.0647025318777405,-0.4976883813813621,3.79267305767254,1.188589047628864,-1.8815028532543927
-0.2165572695208915,0.2918460601869332,-1.4991430123100635,-2.820594976422543,0.4782400036241179,-0.0599391750513999,-1.2822355140557538,2.4445500223038845,-1.5741966862901855,2.12642809122876,-3.157261706769144,-6.3174453967861846,3.8122718737701433,0.1250349269619012,2.0239476863360277,-2.6969394142333254,-0.7580019026054617,0.6378853337560513,-0.17658453427558,-1.0120458013177678,-0.7248006670154007,-0.2907201187344316,0.098766632965862,0.7183732159142654,-0.7322868318772773,-1.086996625677173,3.550794092396956,0.441893482437629,-1.2780237178737086,2.816772972196677,2.210327496687362,-5.57660476701202,1.2921318886047912,0.0816210798750821,-0.964831325176952,-0.30834861717212,-0.6211044615590542,1.0266975007384986,-4.332581910828475,1.3924691459479912,2.5507754841720933
-0.0377953250278768,-0.933569831454662,-0.3376057946359924,0.6517465389862878,-0.5720933557950995,0.677910134428153,0.9283811473670622,4.100394946464691,-1.311630598840793,-2.708799693017544,3.1038449502053886,3.582099310809697,2.733386694771185,-0.4634706999170886,1.183534574078435,0.2744638335399755,-0.3609800559397321,3.346601669942657,1.4770080599939992,-0.1960627733817584,-1.2901126770630125,-0.7892429709584681,0.6917938857004676,-1.5445258203763517,1.430506295971927,0.0288929435642991,-1.1677650682019132,2.2883473168264654,-1.7072939800140818,2.9892947621243997,-2.5428325674267485,0.626464667491997,-0.6491364752120266,-5.820588282104605,-0.4866203618514845,0.1588256166331068,-1.1490335568746046,-4.77709557786706e-05,-4.364363764501533,1.693526400007065,1.4459916975817282
1.837471735184537,2.713118768973496,-1.1001176012587923,0.0721465533893928,1.6897939329270917,1.172679109470319,-3.3309728932710256,-2.418219329203398,-1.2282998940056873,-0.4274336328480615,3.095670750146524,0.1441728334971819,-4.050520782802484,0.0052200856595238,0.9943161332711188,0.8493277165233915,-0.2299233775891742,-0.686259589791369,0.6318122833574624,1.0369622085108965,0.9733668475880858,0.9825691020769144,1.8674478010715907,0.6983669147532767,-0.4729620728201609,1.9721970148153345,-0.5707793864851031,-0.5717605391018418,-0.1463543829534181,1.0628966180066617,-0.3990812605681748,-1.095550050709352,-0.241667583332636,2.831716986741456,2.981322779083185,-2.4114940634133704,0.0867460501395447,1.854091589603593,-8.193633455900294,0.34176815170743,0.538610566471772
-0.8222696257149082,0.2353345374242279,0.3462190541301425,0.0712257920786262,2.504306724095964,0.4727199876985526,-0.1739862675913286,2.901767274087008,0.9033175267255672,1.791692383286153,4.178313394160753,3.1725607374397566,6.549539105027768,0.8190406097648734,-1.18959362618699,1.5309649292215102,-0.8062967616941459,-0.0392812787767079,1.3844151393093511,1.1435318020904108,0.4834544585390674,-3.3240775971142917,-0.0525136836059787,-0.9041388325848976,1.1493389543699115,1.3154193543399235,-0.0911609855357942,1.351535471489454,-0.9857381788991828,0.9537864684212584,-5.74783863798766,-2.518163954955828,1.719454853019822,0.443685269124765,5.0672776114876585,-0.498709153953368,0.6259270770639008,1.337928194925015,2.576802672781613,-0.9360598682727734,-0.7371696427018262
1.011429168159508,2.9279252781616334,0.4543542196426233,0.1786089803000375,0.0874897988676964,-0.6887555624380288,-4.443926866624147,3.827895494361892,-1.8389615457047548,-0.5617519729025576,0.7267124394622502,4.532112867573783,-3.749700480422083,2.228335587148822,-1.864778430135276,0.2496996788106717,1.0566889134566555,0.7539952831223194,0.4137543052367365,0.3669776687251718,-0.1007271163157084,0.941377260883294,3.0527073159698195,-0.9139526500063954,3.292661546511254,-1.578827130520445,-0.5256261299591627,-0.3338752723849321,-0.7162078367122946,4.639112857260221,-1.6589601574370163,1.927624543200146,-2.246435514040208,-2.6047540716559263,-0.0882470450082907,0.1551181847258963,-0.0727673513473858,2.389360940842342,-7.839747826072383,1.2833136610350495,3.736871395749733
0.8550397406521529,-0.815284044484588,0.8813364363713336,0.4828006128499948,3.32702773395932,0.6442318276965506,-2.3076489564010005,1.83002470794352,-0.4883312896150861,1.3884624815608038,-0.454303694242858,5.028412246932737,4.018049818209498,0.1224158244550785,-0.2190276178607625,-0.5539229410017483,-0.8344844604775029,4.964519915356568,1.171741574667367,1.9541419818783068,0.0349446477085697,-0.9212477033804326,0.963810122665562,0.8370846096298334,-2.210354480658278,-2.32146218516604,3.5988115534667995,-1.020274598608394,-0.2310561907017243,1.7406738965977055,-2.2337722735218226,-1.8454778088753276,0.2996069172740446,-0.7574536547573231,-4.430516003656196,-0.8614054574579847,2.3162216410232546,1.349077259657262,2.165880661898425,-1.1564051514577742,0.3898603726185077
0.6831274392394483,2.850461352903096,-0.8968886526540456,-1.0516150019019437,1.232691864913234,0.2628056410979145,-2.1949953281868755,-0.4549618472470778,-1.6314033014727756,-0.3427282427652125,2.655841227828689,-1.4699983106711074,2.843974707108198,1.0106301671702316,-2.5942489239061546,-0.1158177388824003,1.9486820213015508,0.0865993375390394,-3.1912262326984027,0.1442665090619105,0.3788821162331682,-0.311393732985636,0.9450255077641548,1.3062309753225323,0.0919295266353172,-0.4282375632645183,2.7300655119641624,-1.7072544509946004,0.9299612126206002,1.8034027614015764,-5.348672295702381,1.6734817297323037,-0.2182276585190905,-2.8332393201307813,1.5292808593830562,0.2828501959593862,0.744268420432536,0.0204324932514769,-1.1750436533901862,-0.5708993376032317,1.899903859924428
-0.3108494148682076,-1.4919182878056307,0.612076951761126,0.0039366803779897,-2.4760424863274206,1.4480554964124976,-0.9469101280929936,-1.2616454119591358,-0.403590928046376,-0.0608033214444833,6.016264592407639,1.53462762542833,-1.2456549836251516,0.280240576744806,-1.6686652863426406,0.5089743033203052,0.826024766226589,-0.1761592154625184,-2.2226803816562035,-1.3216249020696862,-0.0016472881651546,0.2263826772821264,1.0498169915822424,0.2967173348781406,-6.6627457242493815,0.0084324846644074,4.70432924498124,0.3871950501320782,-1.3448495358268393,4.630334911856341,0.1112223960490899,3.207091228716501,-0.3697359931212805,3.475688119393707,-2.721839277680585,-0.5606468852491862,2.2399198109809726,-0.208936199563255,-1.0913074309612962,-1.657902926043748,-0.5271113379047863
-0.3822235354716271,-1.4053953937105863,0.0290071553959723,-0.2015690252313555,-0.4820773794856651,-0.0050306392335369,0.6109979795906646,0.9929238616766716,-1.0387426775645368,-1.389372771826888,0.5024330624022204,-1.7040993385128078,4.89587265728627,-1.867194064349843,-2.958498948737012,-0.713187121148406,-2.1986551114439057,-1.166216675941662,1.4968252419399095,-1.0102977490040703,0.5109113729535474,0.5351631431730091,-0.1081136742605584,0.0595032840354768,2.2150626597119576,1.1327524342107145,2.369956141928523,0.3891118477828743,1.5268807714175927,-4.307109921195817,0.389832067587855,0.3919375993403653,-1.016021357790853,0.5772900114666284,-0.3902960620062635,-0.566307981819422,0.382305885370523,-1.5508971562568536,6.349051847799204,0.6721948228853254,-2.378188406367239
1.4785070761699042,-3.9100338295192767,-0.1434890187344908,1.864017372502346,-0.2488163257337398,0.6005381109960499,-2.5133565226457257,0.2724559258634422,0.3830269683821178,-0.6161546532506459,3.2400159009495617,1.7223624981010706,-1.8027647944457892,0.6991422523771231,-1.1430946337596275,1.83010300286706,-1.1215931487008035,1.2727489828965006,0.6457713692500022,0.6592405312628645,1.0996585034732935,0.992409468618756,-0.6761127295599532,-0.9242421709242352,0.9027545492530248,0.7915148229589642,-3.837497260827269,-0.2474126709471245,-0.0427535550420049,0.3375628580082793,-4.040890578219124,2.9500345914677006,0.6312197166286582,1.6476567709877905,1.2737621917273123,-0.3201706176756231,-0.2762591176535531,-0.4348237619732518,-3.763585055063735,0.5737921285056127,1.213410047836937
-0.4978345226214249,-0.3616395400414189,0.5810933086733385,0.7587589652051736,0.6187795662815806,-0.1326339045795674,-2.0017607897969194,2.164326130499178,-1.2093524838580585,-0.2697516913956038,-1.0196543197538712,2.4508322471195667,-0.4125456900450724,-0.5461337035036394,1.6736899163755383,1.0601619412962124,0.8448073774079795,4.126353264954391,0.2277372288909197,0.0624541177302662,-3.2231889542664414,-1.5410542479566884,2.205527401968511,-0.9336289175254446,2.238054546711088,-0.2387743256693211,0.8747288222147087,1.4908063552753943,1.663424156090531,1.407162711575817,-0.4792584468790137,1.9517325242547077,-1.3270523753195411,0.3297766611555587,3.213930522229252,-2.014227102760868,-1.706598030272776,0.3576036349027768,-7.511219180358868,1.0258633387771996,0.9826222611485984
0.3897823004067841,-1.015123662757602,0.2973624008847694,-0.8543491047538071,1.056306242494349,-0.3428401664674307,-0.7054597223796049,3.027673023375255,0.272408354494584,-0.9493935541921577,5.931480408223709,1.1303549861358342,-0.2084018338732285,-0.2790289897192798,-4.525322780902309,-0.9030356089864056,1.274035346205256,-0.8112552104904045,-0.6150248942229364,0.1344824291370354,-1.383110345390752,-0.3947145754851351,0.2145467489245738,1.1295150944484769,-3.5646116140072723,0.3743395811562611,0.7242599310264631,-0.6378253250938057,0.7974163659952382,2.099373054743781,-3.504739584535016,1.3898999098218137,-0.7912258931561897,4.316887287013116,-1.84650963352445,-0.1450008407734116,-0.4218222987430258,-0.9525231579692862,4.895494555525175,0.402751467479261,1.91932166871562
-1.6235868331370444,-1.465841951197191,-0.7805332115182944,-0.8975337179132903,1.1372278411784198,-0.6152803842193116,3.2106994718646718,-0.6578290707657144,-0.1532845424099994,-0.8253461098673525,0.6403715252338475,-2.509305115561165,-2.356807344173283,-1.0319321927690468,2.661277709222626,0.2301647395008823,0.1190981400509691,-1.870353065293392,-0.785298226543272,-0.1992360829137835,-1.1156198343921602,0.1292302009659976,0.072361098226017,-0.8965605695878642,-2.696299734677207,-0.6061152105720615,2.3785299278570875,0.2525595857954514,1.1937726578756762,-0.0833682882046216,2.5165023873045542,1.6228479582673756,1.3011310093598365,-0.0591072533319205,0.2743133112312771,-1.069346887420577,-0.1487866840139853,-1.4406504421283477,0.5569625703282994,-1.46477571934106,0.9616301332487496
0.9492420735383856,0.6653903213220731,-0.3126912940439897,0.135922947217703,1.5059873540168962,-0.545677533183829,-0.6997294742164979,2.9976097192029902,0.5978209954890533,1.1142785654270075,2.072817726722376,2.3403706231382992,-5.639470174906204,-0.1043984371156968,1.5933232684549683,-0.6282003847451226,-0.2391833428232616,-1.5526025236732084,0.8915937313140346,0.4932262102584892,1.3636302321776277,-1.7391047726690818,1.5864978430317618,0.3282405070639707,0.4312125622444571,-0.0332001910795614,-1.4555669634346455,-0.626125698641596,0.037233511420034,-0.2026504921402716,-1.671445122352389,2.7337479231978348,0.9735424470561111,-3.7817001002527615,2.390019710268116,-0.3075232647778979,-2.7733539936836444,1.3430629885987562,-2.861516715595997,-0.9003275759426841,4.737286654401554
0.3394589683318186,-1.565933855596939,-1.8859479472275809,-0.338101299056541,0.2484980253986702,0.1528165062191412,0.0131741755033365,0.3398299006186795,0.3920128210310638,0.3001485370759896,-0.9500397465666566,-0.6340359254828356,-0.8844820250200665,0.6307459456338549,-0.7430987449473827,-0.2277106144041475,0.2296241298797252,-1.5319370001504744,0.6293856763828877,2.117188463433929,0.7200241622967851,-0.0527179944089984,0.0407182375978571,-0.6694948902419313,0.0615383421010147,-1.8701288851294584,-0.401619468545507,-0.0081817699091934,0.2501791702766965,-1.161798959383069,-2.708168157491195,-0.915092899531619,-1.1405700646440362,2.46821251389506,-1.1986173653000225,-0.6830897847339932,-0.8046136641119508,0.2322702525253007,5.987551679982965,-0.8764880751211429,2.101567779258805
-1.5857868936524069,-1.077069881650124,1.3898023021332269,0.1845230688522387,-1.0306918897010136,0.1542244866952598,0.6544831022117084,-1.9337978103637008,0.5786287685302955,-0.4010455673561378,-0.9245880927661064,0.0128712043093364,-3.770439710905303,-1.423148276969882,0.8860648266196933,1.0694651632686825,0.9099744325059872,-1.238656853748433,1.484335558303559,0.744693672399867,-0.2211314727011202,-0.6551513715804291,-0.074992862021745,-2.24798751675533,-1.1868676932077735,0.2483913502046526,1.8028491056630225,0.6323834753010226,1.7786200660033549,0.0615878998181621,2.7148897332442115,-2.664586143631176,-0.2920630770239965,4.147747008766374,-2.211186433467242,-1.9151131797676464,-1.7946263895888726,0.4665290650496871,0.6051481553719144,1.578755751146685,1.7688134433390192
1.1037095334482354,1.6614138267175207,0.7813125058236755,1.72733632579966,-0.8742066434969147,-0.4313347556129383,-1.0933987551598456,3.56554764074699,0.1584283546748745,-1.1775205786877747,-0.9411171353336364,1.5635327756241262,-6.213140903622503,-0.2413092089350388,0.819645210053729,0.5402235920494205,0.294447468105656,4.129064937972403,-0.2164183426445965,0.8020490494609764,0.2150332493683298,1.052848747338435,-1.8883387340588915,-0.3998572958410384,2.6577516061102053,-1.0745171143752066,-0.822179816111785,-0.3284566624908702,-0.8489971835243766,-1.1350770248842044,0.7941165908090229,4.671225635400264,0.3712894683603032,3.900773935684497,-7.460656727337171,0.9895849401178588,-1.0773690021185118,-0.866620410884156,0.0114791400847424,-0.2872431391609863,-1.3984979464806138
-0.8755157311515515,-0.8072628565739295,-1.0204775988928718,1.3809911184636663,0.3449667089030525,1.1520556486111786,-0.6128243051517164,5.173646270359331,-0.1858976096852835,-1.270348516171918,2.345129427361352,1.612561188977225,2.721593008101744,-1.576016075223224,-2.737681237241294,-1.3293865883366165,-0.0797352199156974,-0.0247075623115393,-0.9548881913028708,0.2776661816637358,-1.6596330047880632,-0.0879725042254261,0.1180722057286437,-2.414246929831724,-0.4066192591963571,0.9173824003519648,-0.7456633832769086,0.3540969079788409,-0.7447512181497963,0.505808845526553,1.126418559420797,0.6859734764222452,-0.3807743569372345,-2.243075976057054,2.808846150430747,0.2100676160260938,0.7772096998410483,-0.8389046925393803,-0.9771387250138794,-0.760845855570257,0.7971160069756731
-0.9692401218343614,-1.6680441609077263,-0.9474273053859296,0.93110204667398,0.6809480529324539,-0.70882227891972,-0.8416217459681704,-5.5378527148320735,-1.228778412336759,0.212949881761526,0.6657660644385858,-2.852648368988621,0.3696510780529707,0.4781733676764773,1.931462793957178,-0.4422480026721014,0.8822113395830631,-3.4760596446110155,-0.5788198410569059,0.5274598324777342,0.6566191522779193,-0.2236386772047638,-0.7145146431570029,0.1432054455365399,-1.3254912272135482,1.1140606771902413,-0.9149936746075872,0.6813758464985142,0.0567557608850357,1.1622931957164495,-0.6354936654734256,-1.246259519478783,-1.1129902463189771,-1.5754642188598456,-1.0902746030711696,-0.1519308137236759,-1.017543449584374,-1.1443663266671191,-2.0416361678877646,-1.32558787228774,-1.957169579400565
0.0471955639275588,3.02754834142907,-2.1678910007060894,-1.317680571396903,-2.114239172470964,-1.2929321423135456,0.8199458217557729,1.3040578536806944,0.108067685370842,-2.905919956684585,-1.5480899273994493,3.531993835323748,1.1721404018378794,-0.505121841600901,0.1343330547886185,1.390974754599709,0.4340084506589045,3.715019779767512,-1.0254546119544026,0.917268806482094,1.186142034864648,-0.1742788473997955,-0.6844027490147271,-2.136775427625579,2.082468975330772,-0.1997786522271912,3.073020545401923,-0.9631822140182998,0.8157420623468258,4.641033004388771,-4.56842148570065,6.443094733283103,0.4807333968678388,-4.524003006937724,-0.7141237544042862,-0.7843826378694857,-0.3401677940882799,-0.5431219765347909,-0.3416939292518849,1.1989550163279872,-0.0671770332717928
1.2344341339742582,1.751886281660456,-1.0618690593698308,2.010074006111952,0.859712801933543,0.6653034610499897,-0.2895635003367214,1.929517944798684,1.9714349068963968,-0.5010578264675756,-0.4183509831209844,-3.165937600172019,-2.5499701166385638,0.0027854809514332,-0.4536844599043725,-1.460331863927906,0.7030915069258189,1.6534700337442525,-0.176010962828497,-0.2066888769718428,-1.2911331919812683,0.7988827000169393,-0.497976833381524,-0.664521488713271,0.5728392580998665,1.0572527421179805,0.5578846737504123,0.618728249419762,0.066969720288805,0.6952427110723909,-2.2097377498661803,-0.753414098318139,-0.666620258369248,3.583510756048798,-1.1405960451137165,1.106344524092444,0.8907513647120628,-0.2671095421757122,-0.4158126436769053,2.4158153147069243,4.272283733125724
0.3576790446264841,4.307532434022951,0.0113133463348575,-1.174392151941407,-0.5136343417438027,-1.2916850065696746,2.157850917637326,3.475668564711289,-0.4621082182955119,-0.4781423821160019,3.775703962080604,0.1291853032237085,1.795617698291205,0.9893857096855284,-3.354776932318299,0.4273185562666849,1.5910964390898246,-1.5659094340729456,-1.2480282539676526,-0.1225738303760635,0.2603813371089079,-0.9460662959970694,-0.50551042398511,0.2669505680792671,-4.324963803582936,-0.6070999013685107,3.97388114487656,0.5392549124846049,-0.9960156966574182,-0.5556962507179519,-0.1812138416912959,-1.5494656204618522,2.3862815982016654,2.839397987831366,3.207791304329549,0.4210804990101881,1.1706489509646063,-0.2538375362412712,7.616031763367886,0.1907642953956726,1.675348268409901
1.3116906946518174,1.182524756174128,-1.431435175232386,0.702889557307562,0.7952869509448592,-0.3826170858263595,-0.8508874000617241,1.2878519889733258,-0.5209469015592854,-2.063051283440424,-2.2454928591594565,-1.945998848155046,2.370312634221175,-0.152710530241293,-5.756721432701094,-1.3516437308158746,-0.6032482948591662,-0.1706000997932437,-0.8455642684433281,-0.1908112582544774,-0.814645203331013,2.2750081869570917,1.6500848053033936,-0.1745009711736032,1.0413220403873165,1.9002523441773027,2.950581295945581,0.5059656249781831,-0.5200852212907994,-1.8196292126560796,-0.6921390517855749,5.089786430886836,1.2512290262372143,-2.3216447697030724,-2.9214214722878475,-1.78169485210908,0.0659788521334808,0.6128502639632654,7.080442125197956,-1.2821387255701489,-0.1285739371354194
-0.3638547920053156,-4.224230612363776,-1.051017998295109,0.3637876765532206,1.4718470285842882,-1.049059998960884,3.0259196610992847,-0.948262037112956,-0.5445389072647941,1.596688414303627,0.0730082704400651,2.7107085537210147,-3.6781865830191207,1.0148388696353732,4.606128485446007,0.9943790688844816,-0.32491650959894,0.095086986345136,-0.5646530521911052,1.3485646595164065,-2.117757026822304,-0.3889840391951282,-0.3239391630814953,-0.3039124492127022,0.274072207204294,0.4331162681912081,3.257990854993012,-0.3088239489411434,0.3907948917832609,-0.4135500489004288,2.137400052373009,-2.1552294659598226,-0.7068929651966565,3.5581207823909744,-3.978855087386256,1.125413129767245,1.0306674801430518,0.835224769769059,1.2052187046967424,0.7537386959744897,1.422523123533726
0.6778283120392011,2.2911265758811066,-1.3504090858767357,0.0903028290593034,-0.4917710839808144,0.0590922385536673,0.7650449876947876,-1.3828831069145546,0.3255892028822598,0.0143714964614905,-3.9684778164030825,-1.5935877248343455,-4.577971783509832,-1.4579546748147896,-0.2546195831639064,-0.004788349163476,-0.0559365049437381,4.023288976435927,-0.951705206872142,-0.4399229640008926,0.6419833478370266,-0.8453306516234994,-0.2840873259351972,0.0299850541924407,0.5681113750384021,-0.8399062021505433,3.78105269492698,0.0256736258599762,-0.7960619091631432,-0.209573459990171,-1.2046149072407584,1.05017600016992,0.4538688817631371,5.959851041156226,-4.625189182256944,-0.6344470569535131,-1.2774483035858926,-2.286203823012948,2.968982257994161,0.9080969131111868,3.294531720662187
-2.23208067872276,-0.2297767794155759,0.9584705607677078,-0.4792597527168826,0.2386187956711302,-0.5750093444014079,3.7044772622771713,-2.1414432621894632,-0.9923780955561586,0.506810697466255,-2.759196204574938,-4.299348561202819,-2.3363161966576773,-0.851464194409302,-1.579684159095367,0.8280921028595251,0.0694673823161229,-3.524356515809966,-1.9236230939511691,-0.1098573734529749,-0.5218576891003445,-0.0324452563858443,1.8953031728588512,1.3767994464646065,1.4807893138994863,0.1683456202348181,0.84361115367738,-0.360409640411067,-1.7536514773872978,-3.596388265521373,2.699159533781632,3.337142673601452,-0.6028305133257383,-0.1742137070260494,-2.0392958030946016,-0.7984162970902728,-0.2449103581837337,-0.0194175894664355,6.996619518223138,0.3285943887710098,-0.4564319496897975
-1.018556480295452,-0.3980110343834707,-0.93659574548708,0.4248527857507596,1.6784466606810138,2.762943094008431,0.9051311119939432,4.667131123577898,0.6224920519681095,-0.9293631845003744,-1.466993764251774,-2.771769527102872,4.296841699663681,-1.2713295766253383,2.973132291004148,-0.1432004689165523,-0.9742538710832652,2.6989264097787293,1.7430796712967402,0.0181135651225471,-0.2122656543336468,-1.2971641072693274,-0.8964715775040697,-0.6397354874837022,-2.934844336351765,-0.9066164621573644,1.872051471313931,0.9434763654413902,1.0779517084951344,3.617826335747597,-1.1745440062423702,-0.7585576716479263,-0.9547890676968638,-3.4691754350194213,0.2574256691544252,0.8007286172838675,1.0939853743521386,-0.4133950975398169,-1.2117805887233086,-0.6644847968421983,2.172768800335384
-0.2865950240077977,1.5603635408405534,-1.273821814094516,-0.4452445416442782,-1.7297846110425656,1.670715665618855,-0.608130420802024,-3.686311260774057,-0.1040500681237849,-0.7190086591076725,-2.732183500555714,2.4777655558833853,-2.5545790266850323,0.7704097126625054,0.3731323854919002,1.937310904515393,-0.4962064141290019,3.65466248772256,-0.4543702439901698,-0.8913855944405532,-0.3246153043095631,-0.5301239824055403,0.9821981111388411,-0.6665540215140465,-0.8753936910699528,0.4815072119983474,2.17342571518388,1.7088089048132835,-1.098231570171655,-3.590238868093905,2.541676259954351,-3.636438293372555,0.2015716511174461,2.784419954911326,-7.91113063323383,-1.0234026188419143,-0.295565721847758,-0.8203108614933322,3.627321439253069,0.081150486192652,-0.6139803369630878
-0.3219605060497988,3.804958470009272,1.8655237035366763,0.4056925812449716,-0.0827870068930454,-0.0618979337469234,-2.0764204680898715,-1.7337770698843205,0.230892385319194,-0.9711007344003943,1.3496894839094151,-0.2633786495133037,0.3749733454997483,1.4271840462797525,-0.3538354921493696,-0.9766821243821164,-1.410090025405785,-1.314925614343215,-0.8394980609415205,-1.2952483495644032,-0.6159803978084939,3.0189584926617035,0.0543380631195951,-0.1026030139159322,-3.070013129236396,0.8342626954908301,4.23306882494291,-0.6637434540092721,-0.7368081730980299,1.899041499564849,-3.1873172440944426,-1.1900000842014116,1.5243238579679357,-1.0182093154056764,1.6652959777454417,1.0720583454170087,-0.0926019885280179,1.185359371031847,0.2504983352711159,1.0128815223349212,2.4850756944874908
0.5643711546148152,3.738300301055861,0.2481486740115869,-0.3652452464146156,-0.0701681803839705,-0.2090070400521554,-0.7877757579886051,0.9347459792954396,-1.1776816894490054,-1.2554071386843937,0.0018714035000211,-1.931349772455848,-2.5274134538259414,0.8069441335554641,-1.946036655045904,1.3007209460795603,-2.0246216053130626,1.641160138420219,-0.0100892419661622,0.8435904702964717,-0.3389471129081434,0.7939423320059261,1.5783389664664549,0.9027370140168076,-0.1020756732649574,-2.17046089474309,1.0847693877599776,1.2956629449353902,0.3384342349688631,-2.7981619968986005,0.9655156640477476,2.751665399840868,-0.2169497947112242,-0.7036658722447795,-0.5025289213785402,0.8278947055126604,1.5479241937016073,0.0454169210513323,-0.3377693890562422,-0.1662358645455767,1.5020094345008492
0.9798677615994488,1.5414675141523908,-0.4460124115252377,0.9511708693817092,0.1791508562247325,1.70334455811122,-0.8758552255637313,6.57893236910442,0.3960002086986977,0.4316448754449917,-1.43211913747148,1.8648650872542087,-7.987572619993309,-0.617681417544763,-1.976686884291401,-0.9455479529973162,-0.6251349686614078,-1.5511225049487756,0.289757650110283,0.8146543436602685,0.4219619811726829,1.048905539523437,-0.2818335131126195,0.456435890288429,-4.982971533246747,0.3141300297545994,2.601948410298406,-0.4297967368904733,0.2245594682987732,3.719319640889073,0.7406983087062111,3.813877043241816,0.5521040163687071,3.2793134519571594,-1.8861001357781155,0.8787094202003698,-0.2023961472191223,0.6466588274506765,4.995484187055751,2.549481695900614,6.679660052837472
0.1577737689432774,-1.3449506537845566,0.0686582480702548,-0.0070073811243559,-0.231062892078558,0.7854081120331785,-2.107579760385528,1.8992398662181584,1.6441178076010352,-1.6848037989001934,-2.122696040591129,1.494922028958256,-2.8901037598868267,-1.410597872015132,-3.5045493801540286,-0.7859299532961198,1.0302205425798376,-0.4708959371926253,0.2509698881991519,-0.0898470613191741,-0.8626670306517582,-1.2995746755909674,1.1841522448430135,0.2861163799911756,3.1033575172598478,-0.6900390879735017,-0.4527162250771008,0.2493115426365095,-0.1711974481177722,-2.815612941507048,2.1529346453120146,5.748701176215841,-0.9669229947594108,2.3815311504180205,-4.218725656640376,1.5578933676305546,-0.0740357927154917,1.2866018524718117,4.065532274069735,0.1668369326649719,-2.7367941891481578
0.8490928974420021,1.045581305382291,-0.6027027114556808,0.9063600273108822,0.9496409486444428,0.5720561343901513,1.0431413507238068,2.422616812660899,1.4628460035902706,0.30287649196599,1.55972762806019,1.493375867998613,-0.4253540170063935,-1.042007318724422,0.5193465865456335,1.1245698165367877,0.5888830937756608,2.9369882309933484,0.7914597244387811,0.7351886182487946,1.9248201981876707,0.7264412097060555,1.2705604172522993,0.9052162316868152,0.2914127307243095,-2.440852438522116,0.0461690753256611,0.5198259306920361,-0.0306598268979798,4.2874014134103104,0.0619945523751843,-2.917294127170213,1.4744430724736215,2.1821737896060727,-3.710134827574261,1.028018199853494,-1.4019312534204704,0.514636348124869,-3.1013314614462044,0.6624812348949005,1.3380985311520917
-0.2628267751076267,7.731225546343008,-1.2604964531223204,0.3119921290033443,0.9104523870344275,1.0493225020201544,1.142035633650405,0.6046859875283963,0.2643587166416222,0.0878246565883411,5.463213354974747,-1.2053882582765745,1.7116276385785891,-0.4139523769719363,1.169725101368451,0.5814143757227727,0.2104237937264033,-0.7921301822489761,0.4603750237886681,0.0622579662111546,-0.4899399617404745,-1.9773032139600883,-0.0340250001749099,0.4349108838754453,3.0206525134135638,-0.6663173519350155,5.359152062944411,1.0845911236366454,-1.3561897496344402,2.8103699372689475,0.1771793751155805,-2.689267528786463,0.2617532064617011,-0.7188330764105977,2.229329264039454,-2.073811600677877,0.1512192500192136,0.0536445840234128,-7.065357095744849,-0.4617996776954284,-0.6602877828366364
0.5596898370867022,-1.0409842282554154,-0.4394383237954408,-0.0175035120880856,0.1769695482565399,0.708748148696267,2.675769741874657,-1.7615873354229965,-1.8972262263825443,0.2356874601809773,-4.379361672884806,0.2152313955579383,-5.709756900350486,1.7039037313815957,1.1718694397535363,-0.7611200528045822,-0.3791886606453841,-1.0558256198041407,-0.1496614936266213,0.4101069541053513,-1.1197781502543669,-0.5903767692093221,-0.2204473799291689,0.7839975686773625,1.6285893964582003,-0.1915071695244035,-0.3739535493837467,0.3422482595875966,-0.2613071966148996,-0.5089669180199821,2.1979021390418474,1.4252732508875972,-1.4803087829171675,-1.4794885947519671,-0.5774898754771944,0.7184941052218273,-0.1949798356495352,0.6998355754570053,0.4477284810688309,-0.5167254493459547,3.839851551245519
-0.2196801928593722,0.907539374036987,-1.1410405869634206,0.4916994471238211,0.314029644655523,-0.8023145785993676,-0.8622017245260106,-1.4354503820166542,-0.2662749328625121,-0.6385129956227567,-0.3358349266719553,0.8223693480841072,-1.0778257709808916,-0.0401933142910402,-0.9401841741827592,-0.7177837028509523,1.0159501709032428,-1.7058196532062602,1.197006057117768,0.6738985063533932,0.0695768751684064,-0.4705160888631899,-1.515956372615134,0.2670929500711159,-2.892690580379951,-1.0006193091496058,3.391133091696783,-2.3472477573023047,-0.4225586532642448,0.1735942994933736,0.1722393005166576,-1.3980674533989292,1.995067572786544,-1.9813197350678184,-3.379808299228712,1.9252453481002976,1.9508854192577785,0.0804363279858454,3.670482491402355,0.9301552270466515,2.5410722874380616
-0.4084923134100554,0.7568812706088253,0.6658443449871604,-1.3659190118085822,-0.4188823978942395,-0.7337174075826501,-3.4049629009009754,7.242094139702139,-0.6564042705373168,-1.7448975264939015,2.8630824896084617,7.398385259499028,-2.5173930185972737,-0.1747820200766521,-6.528025446408412,-0.0269310230563971,-0.5323988007791488,-0.258630829046607,0.528553436721085,-0.7633744252905638,-1.0805877986185135,0.7452624773567113,-0.3216883204213969,0.3779375098119971,-2.5368974484108486,-0.4169454544524141,-2.7276508615489767,1.28714499070311,0.1369040722880658,2.5997003263708365,-6.241104773980779,2.2024712473445667,1.4810820424335225,5.484120785220111,0.5656325014773378,-2.053821982148358,0.1785783378536375,-1.132181769724392,8.868235624455588,1.5475455919700916,3.4672392123386997
-0.9560933641560782,-6.136260471110984,0.0379343188989603,2.0858129660490823,1.1560695423580445,-1.202006332054292,0.1903534674281874,0.4243648569834151,0.5382202872822702,0.1694787703580964,-2.2055036546725937,1.979203021057768,5.773872449247006,0.344656958605537,-0.2028972678562748,-1.2090514483243624,0.046490351200033,1.7961588112091755,-1.3063250292774808,0.1535191853806073,-0.1758633372478114,1.3860194873143388,-0.1208739741571093,0.0657499751792348,-0.176743687371413,0.8991642125604101,2.3597536863600945,-2.0676666001663024,0.2709358113133995,-1.181362571502854,2.514730748325808,-3.2483841311151944,-1.4095283140306103,-2.0587310663486877,-1.1234242892549515,0.8789074846334094,-1.1609259967505865,-0.0280077304497458,1.271265695939206,0.3022333880889646,0.3599417235260097
-0.9422650593322944,-0.5531667547306194,-0.945444862076328,-0.8939777587214253,2.1666982545588365,-0.5675716737465657,-2.27141649645281,2.274619169640681,-2.200361892289328,0.9677618958376232,-5.582923765949518,1.9718082762343736,-1.5591403223357432,0.6326991436383866,-1.8420597805934025,-1.242395196772631,0.7438083587065502,2.7554670159187795,-1.044599789218089,-0.4085863901832861,1.1670295229905918,1.3465787318176907,0.3189752469386385,0.0063406474989336,0.96776667555082,0.0899263309902698,-3.2372039560622072,0.6413847645811251,2.45864661438165,0.1846143205669992,-0.109952266607425,0.7501286775930447,-0.4028570404763067,3.286080940790868,-0.926383497697914,-0.0278800429090749,-1.0861281163880043,0.5528519765383003,2.1863720922662497,-1.1471342454120863,0.3666548523175901
-0.3609501502287368,-0.8187361548729619,0.2878512077091903,1.4715525406501322,1.2733308550811424,-0.2479730770048257,-0.1459757585786091,-0.5950764748483452,1.908875312459713,0.6553352550119613,-0.5672079937494758,-0.8361708995706334,4.095584105923981,0.31333593417227,-4.92723696732827,-0.4698448467310265,1.744036414268943,0.0059361137042445,0.3844104418934651,1.1749336231753915,-1.0195252860442685,1.2797646021198703,0.4870780393566609,-0.7459289472290076,0.6395979616418632,-0.5465486003704478,1.687683949174632,-0.615802174195973,1.7160623763363063,-3.549613596140905,3.024016781958,1.191934016952249,0.2583669756348606,2.2623924538287343,-0.3594755696266173,0.2588911862566489,-0.5496176260093234,-0.3384069940612126,4.839925289001075,1.2987183063172534,-3.927593791103961
0.3307032027059497,-3.053487899935078,-0.9654990380912452,0.2608450003794983,-0.2232015620310049,0.8154778887890414,4.798988401491357,-2.188599712622798,-0.4483408964706191,1.474702863558717,0.8548934054972691,-3.0420297054802843,3.038285169433598,1.9883124673496264,-0.6717997299247724,-0.6359762793231657,0.6127065517970662,-0.8949763005964646,-0.2646850378447474,-0.0566361094991843,0.7204022968589661,-0.4611049595783681,0.8153883613860629,0.4367133254696231,-0.2211061888125312,-1.4814944982119962,0.897502857516605,1.3050742676744926,-1.7283466329291886,-2.1725921329960887,1.975853667964848,1.321581959426141,0.0798611669565869,1.7940189485821705,1.6914168084376937,-0.8532248648239527,-0.8357256835043968,-0.4210750603405737,3.83997322311564,0.7897189536051559,-2.7089444184217624
0.9172992282404162,1.1023900647888814,0.2720459020135488,-0.5760067124748645,-2.4296230896031883,-0.6747513646998419,0.2773895777328656,3.245710824336632,-0.4495777210854743,0.7888535145679837,4.810722605277242,2.7280514330663577,4.319513993353113,-0.718527653770694,-7.344538542794136,0.151802865743242,0.8552391964933258,3.4814026661720923,0.4663093441453091,2.434757451959193,0.5126115154533631,1.5499714831519094,0.1666234288331227,-0.2970776860162874,4.584560811421955,-0.0208377739236442,-3.188760148455212,-0.2661749909376201,0.7443705631811621,1.868701809925211,1.577913655341244,1.9820786516967963,-0.378453866361536,0.0744691960702315,-0.0441412575749442,-0.7223533865622472,0.9123341508556354,-1.4797057071071835,-4.990939392418677,-0.3726420997743094,-3.4028138820401947
0.173685351495216,-1.4648472227027245,1.8043850612970007,0.9060804241411596,-0.6717810283198359,-0.3935905625431932,1.406456924626057,1.7563620355215546,-0.1359500825632557,0.5087109381614001,-0.4523246597100397,-0.5425939061447562,1.7623740431486283,0.1668892499709396,1.0015244466647988,-1.3754289047298784,-0.5270347974144891,0.7143238306829489,-0.2593150029619132,-0.9487808859844564,0.2118006353703468,0.7370490252703081,0.2372010914655637,0.273988380469419,-1.056976264544578,-1.0585216190162343,0.2784637905745073,0.2252461080052317,-1.4396651163647527,1.832681440545102,-0.9568537279391104,-1.577611010250063,1.0943510214651155,0.1438974924771132,-2.6129169390726137,1.123195811624616,-2.3303402636977064,1.5188205850251089,2.587305159680311,-0.199865338446807,0.7114605143096597
2.9837566468989616,-3.394450425001237,-0.8280709259083038,-0.2402614915063507,0.5499265620791084,-0.6350419685305654,-0.4705425427091967,1.430776888515059,-0.4383899183765668,-0.7461420557051206,0.66804303055119,1.528862897622008,-0.4782768989646482,0.8032123280132251,0.6161919479759901,0.733100119708765,-0.255940426797523,2.2139057402832054,0.6042689087453627,-1.2281067416624218,0.0328247274420989,-0.7965909311197591,-0.1464696061797632,-0.4073148090451938,-3.0325125608282657,0.2639888752273062,-1.9248704856685863,-2.0264920713796206,0.0631493703066129,0.9839305600380184,-1.4389685581437048,2.317211622835716,-0.3860636301834522,0.9438925253807352,0.781875007554367,-0.3026791616648313,-2.16831111621596,0.3578693237364893,-0.3348847741022518,-0.537967046034402,0.5654205925935383
0.8407893608367333,0.2412995877054098,1.0820051480674662,-1.4457629324509211,-0.3065782170967807,-0.135811372935458,4.335637975688711,-2.860836705122023,-0.1336554537282629,1.0796298245732805,1.9844649248756308,-1.9766114579254688,1.0529777569470755,-0.8675769195939775,-3.3534626973344777,1.7687046000928277,1.4994418954785624,-2.836141759891593,0.9199078703495404,-0.7213356041019303,1.7744857006887884,1.6256108068241453,-1.2680724138291994,-0.47762319547194,-0.600700947162221,-1.648803348936689,3.9172586497677977,1.3643359439881175,0.0262536029417349,1.6098429292311265,3.260611052415932,3.59009420028097,-0.1776386265159006,-1.5366740525556568,-2.461002845066191,0.3658337167562107,1.8140777949757696,-0.368726908030383,2.9358751613130702,-0.147841299220711,-2.0063676979357945
-0.2269899137023133,-0.5656790234223665,0.7625968013200456,0.1396065012790733,0.6235559315689291,0.0296366967915425,-2.9109593503884685,-0.6266676734891803,-1.8449654030064848,0.2683018308725138,2.1129281078541444,-1.2734795507086138,3.702876628930471,-0.8684243962565841,-2.8530143385813203,-1.3673416566737937,2.4034877309651037,-1.3466736175255156,0.9229143133647568,-1.58297397837793,1.846769519314351,0.2658819352576498,-0.6081334473633095,0.0799637202515346,-0.5051329205164361,1.2633530721236863,0.750971573536654,-0.503697239044018,-1.25366450732449,-2.74589253928709,0.4227831742306771,-1.7500485527181926,0.8476533317286445,1.426932841594684,-2.5278558085072564,-0.9883423233700116,-0.9768966062068478,-1.4207507361095355,2.941412599630731,0.8872342831242208,-3.3143462849590875
-1.455703869186154,2.0858613614556645,1.3814898226556571,-0.0931996006887578,-0.2493671680260143,0.3590554661659635,5.315171234376726,3.8453335630737016,1.118296722485378,1.600852878265372,-3.969805719388008,0.6642873601382355,10.94506959839732,-0.4946487190527768,-1.88289473564992,-2.0831865557263285,-1.0079156379589622,-6.466846086670665,1.0252719996562762,-0.1640241961943254,0.3521072279014052,-1.7574097405780664,-0.2608923748552682,2.085629520800534,2.781170935311626,0.1623984664852421,4.507453184016001,-0.7201638259088339,-1.0290976268298462,3.463353082070733,-2.8524758049716032,-4.008589940876258,-0.1550694331474912,-1.9954855670188103,1.3734705969114016,1.5489549147983648,0.4750239547920791,-0.3297323045274715,17.10315337862751,-0.3621170016011441,-2.963779180962537
0.6151085070059792,2.695980718442259,-0.9634172409413834,1.0112389116233689,-0.6676107095859491,0.087808019639572,0.8306711784548555,1.503488648607707,-0.1679235397311927,0.6819297169229369,3.8647686879924064,-2.1967045312818803,3.760906939805268,-0.984297406957114,-0.019401665115174,-0.3706685314530495,0.526725824204843,-2.9116737466706706,0.3251478326676274,-1.4917356126407897,0.590575535663784,-0.8107303399216645,-0.4250447905245456,0.2563805036750128,-0.883837826378786,1.1454243331466984,3.249919921500335,0.945550717681102,-0.4958303271912318,-2.1866947343242336,1.8804003152089168,-5.903591872253836,2.2326232259939767,0.1296621001255335,-1.8470577925479643,2.236764207784207,1.6619470593809773,-1.489472663957482,3.6428700812394808,-0.4692041213947211,-1.3128896438119173
-0.0164596110251437,-1.0226289544512737,1.3952277564098636,0.0777243750258124,-1.57894731858405,-1.2206554883808736,2.381369896927977,-0.9748603510925304,0.4605457117838729,1.2694383718795514,1.8903859862920287,3.192115403197052,-0.4239030278179626,-0.3320628348938918,-0.2241726107397358,-1.304076254850138,1.3651583902739526,-2.2681486953073,0.5162434900238266,0.2642305402446645,-0.1251637596182035,-0.2078822304116294,-0.3570659901505177,-2.158217852585094,0.0086492931453663,-0.3917411949343078,2.6586722086225185,-1.6307297992861447,-0.9784237879718912,4.297662469241363,-1.0805856702407537,-0.7796961408811383,-0.200526742571054,-1.7511453874734966,1.97020147120442,0.2430568973897252,0.228731052017806,-1.6128914976989228,-0.968965787541262,-0.1851298770908543,3.5349545341695485
0.3482609235576155,6.665236231271693,0.3844276138148651,-0.4366606613726511,-0.6282570053086293,-0.9807023577935512,0.4725222348164739,1.1810114835032737,0.2494170861635377,1.808298016303863,0.4615391910653483,-1.115616791947696,0.3364124261911272,-0.4445888629550521,1.8500961955104145,0.3060444576152946,-0.5671335774182256,0.8446313814478472,-0.3285709738940106,-0.8480521775178145,0.663696028713852,0.1673650249613435,-2.0649367378612355,0.6998471713939083,4.132179116977099,0.6704214866761806,3.773396926244845,0.416288712939418,-0.660496568337522,2.7796066887802846,-1.4763321612429792,0.3735269657610126,1.263963793343961,-1.1722519571099288,2.6952574614341307,-0.3816023339024303,0.2607104108644461,0.3077482011060189,-5.761218552052022,-0.1815211554367349,0.272053579706607
0.928621057123006,5.573146498671466,-1.4139267258485924,-0.2474893181624469,-1.1618004284491734,-0.3519011979281254,5.203229901379356,-1.2290131731687437,-1.2178077057397103,0.5692465333007508,5.755119807291365,-1.818776612193122,10.160443736765735,-0.9482650047868756,-3.336749562508669,-0.5986409787551489,1.1553785697737138,2.563455351090555,0.3076323960838077,0.1211191357454779,0.8036129068043568,-0.114157063527143,-1.1838866380672477,-1.07267777214099,-1.109150663492512,-0.763841466325615,4.734101633126911,0.4929813234946977,0.5674051620197339,0.7183931404400983,-0.9715936109652,-4.695054789771958,1.7122319434931854,0.0297375326303921,2.9493693895444264,-0.7001642663116724,-0.5078098700529542,-0.5274755112297094,2.387042445680996,0.0646432597052363,-2.5551369141967677
0.6149117178187239,-4.860986081780025,1.135349252799142,1.6578218567871006,-0.4674103204830319,-0.4783631009715285,-0.7652157691674049,-6.20194204157672,-1.411337437895383,-0.7813680820122111,-1.1706871581673737,-1.391712168170915,6.079487780131457,1.303012893453989,-0.0883219902857181,0.9827226407375784,-0.1142271921790378,-0.417343600167797,-0.1148411214067853,0.3888099316711658,0.6840464160586183,-1.0423158431052817,0.0626067988560719,-0.3464094804654382,-0.0637194807232666,-0.0846027310138445,-2.721431677238895,-0.2381239017454598,0.8163033647667621,1.408400844777582,-4.059686435734383,0.1200224179221369,-0.4082304378510626,-1.8219588426236772,1.089814448819839,-1.8033182902980935,1.2762895140087274,-0.8301279590630136,0.1209823064966057,-0.5717993815603762,-3.877961940230729
0.5543062014087478,-1.1790242866926208,-1.012472537611528,-0.2604731681288672,-0.3702974215581484,-0.4906517106417337,-0.2776370303848411,0.268654649662768,0.3236980834731467,-0.7344745455168783,2.486871002214479,1.3214345974986252,3.625774265059121,-0.2604759743416418,-1.6982496146148232,-0.919073257428595,0.6738727948211306,0.0902879494614526,0.6938817551497118,-0.675043790215231,-0.4186896843808653,1.1251282294788114,0.849609855480036,-0.8358948189514533,-2.724736530402443,0.2108529462976202,5.122708788482907,-1.309657762068433,0.0770814155515502,0.5043202605675678,-1.5561370950079656,2.5508904815517384,-1.5317818298430756,0.3670111018649189,-2.838013000274884,0.1637557782335345,0.7153982464547742,-1.5048075405017691,5.594316956557622,-1.207098014870655,-2.150539848580361
-0.9001262242598577,2.114332879264904,1.0618407871677136,-1.1847203007402756,-1.4739945692014338,1.1476226955716533,1.7427045968386243,-0.1141585438691914,1.4770528274601191,-0.8902797362461485,3.53814773273492,-3.773476002865967,5.5975450819923225,-0.4632389393612608,-2.3527609985416795,1.1238749488522877,0.4626141131543708,1.4677601751532643,-0.3842351331520617,1.5245898757852785,-1.229071255085097,-0.5913899283057631,-2.448776479164828,0.0253210529545678,-1.133832625762647,-0.4044199132094961,-2.179848065863374,0.128444377362265,0.6588132212255112,-1.3841052884234115,-1.899895921233298,-2.1761647222474387,-1.251478496888682,-3.359522564402256,0.1078339871366536,-0.3224294890192616,-0.0078735762669095,0.7512797160645347,1.1297774959231823,-0.0990121384942576,-0.7246899972528185
1.5008247073457226,2.522362205033461,-1.5172279686098458,0.0379740519035419,-0.3506335162380451,0.549481317792832,-2.165368798608318,1.447415320589388,0.9028186969498548,1.5858619818208837,3.395908314553688,1.9243510081082484,5.010241544148591,-0.4430086947939204,-1.2678132847799657,0.3361434577098822,0.5525147824728114,3.486444342038076,-0.2440380703595964,-1.7550270976829834,-0.2884208010190926,0.3484208429560525,-0.4567144123894721,-0.1426661663640093,1.1517165212487337,1.2905794105757369,-1.396514304771178,-0.007950559878803,-1.333884165497428,3.470380092188716,-1.1722276338178816,-0.5281407868156367,0.6332755552510794,-1.6879820163470605,4.500259033943401,0.5603220262349854,0.81157304227258,-0.2563310902155333,-9.192092459669295,0.0373334310843415,-2.4866918119473245
-0.2067639172771185,1.0693639879570809,-0.5983621813987978,0.0270035755866027,-0.4569276811285878,0.0277433116330745,-2.347127804360404,2.7815819150709062,-1.3238878684812077,0.5593237090522647,2.3131365878977626,0.5477605368334646,6.257684445201197,0.5749793228443355,-3.469473860930793,0.3133259202050515,-1.6364307814523025,2.981451172604423,0.1567392742091896,0.8141153115923511,-0.5219679767646747,0.2431150526939069,-1.3518539566500225,-0.2178276449588936,2.438417871609806,-0.45152988567457,-0.2312843915808726,0.5099546418631458,-0.8749682130501676,3.0306270126575483,-3.0692455113083783,3.528411620728254,0.8648715076941562,-3.707344251688231,2.6269310411108098,1.3567056263923052,-0.9643094499980068,1.135967922336626,-5.259157209807732,0.897654240985345,-1.943306659031956
0.998333083265644,-0.6994528538761215,-0.9610150608215576,1.0660498094380917,-1.5339637888424775,0.2122425932382539,-0.0309854633235653,2.1914993149112467,-0.2398003248350574,-1.33887741185379,1.082603216922248,2.329648102257172,-6.737662882703952,0.5964259464636217,-3.742766093149623,-0.0144010767385846,-0.7824760149250344,-2.2195065129179463,0.7417284884458788,0.3829262230404795,0.3009332786803494,0.0340024570631522,1.9320877412475104,0.0200961371231576,-0.2443243229807827,1.1980134948120882,-3.59743270768665,-0.2734338783250228,-0.3873282501282656,0.5607113540038662,-1.850517235423669,4.153224613054542,2.2265459871388784,1.3322035105820844,-0.4270601710274035,-0.2178489078268468,0.3002976234538899,-0.190904880083054,3.598149273251832,-0.6703037211508135,4.237929410700392
-0.6942734372321859,-2.3548475353869045,-0.797428119055567,0.7705990735645882,0.9926804865099768,0.2374246994042229,0.8882441095076783,-0.6216569047266174,2.1839701775685505,-0.6546455768123846,1.2683156017664627,-1.5680379340965789,9.524919498702229,-1.5278855768996682,-4.523361705923925,0.8093025238458107,0.939057595231924,-2.117386913597483,-0.2730281601954966,0.600493918499759,-1.6699836078244563,-1.9326131868793988,-0.3200887332965321,-0.60645550959977,-1.0037860741647575,-0.9103637069831764,2.5636175934104863,1.3179856746105558,-0.5343615674896018,-3.4845969692796306,-0.8591372005073014,1.2501787973621696,0.8631643185778257,-1.8021134278470607,3.564443235585057,-0.6019977077101679,-0.6377090208864419,-0.2372122152739378,8.424859755206533,1.2039354082160525,-3.972558813562252
-0.6567785754705235,-1.3852387899090155,0.8492958066726016,0.0217698769896989,-0.0237368793797282,-0.6738887016342041,2.751827565985913,0.4399188287610853,-0.0793145110326332,0.6926153181336948,2.485534365003021,0.7206587095782542,2.7231060038263704,2.2838499437657607,-1.369045882537267,-0.9367017078907977,-0.3580504329062603,0.0359356307984144,1.5475622338719628,0.480637676584432,-0.6461421200804348,0.9293963317358216,0.7340014305313793,-0.8475208012757279,0.1110659832391101,0.187424897766598,0.9323822492853232,-0.1261455761182246,0.0609523006916265,-1.5925805409267235,-0.0120171627273474,0.9372172340910536,1.5419284278089145,0.0795541258460654,4.6694507761900645,-0.223763902843206,0.3744978518374475,0.468468703965227,1.4827966239433903,0.8094527651589257,-0.0992673326689963
-0.3884444101012744,2.988572555778904,-0.4740205182772425,1.7233067355186396,0.8752694419246517,-0.368018229342148,1.7824982705971206,3.881691581254965,-0.0968255175516416,0.9380242317402716,4.141642303455331,1.9302491799495975,3.465842946685803,1.605438698086053,-3.465996664656339,-1.2926788141536618,0.5399055429387897,-2.495649829526359,2.235572600032039,1.7276858176228145,0.5930559178756222,2.09268038683791,-0.0709621464205752,-0.534868123030284,-0.5664007149696488,0.4514625149243209,1.4721854393933187,0.5443102766046796,0.2434352182800753,1.625844132919061,-2.418293726377235,0.0989175691143828,1.1640933144920114,-0.9158963575126128,3.3986395662337165,0.2606402007313761,-1.019925026356192,-1.55944777383064,5.325355372051613,0.2477350743535454,0.3596043342194504
-1.7628578494045293,-4.193545708372997,0.5491463534488212,0.3814351829566502,-1.3378352870683312,-0.4833007244742391,2.518426904460873,-2.7238887834336394,0.1745808260196871,-2.084566688133476,1.3500063119746917,0.8635912959898807,0.2614607727769894,0.5101222397169223,3.991000184959842,-0.2202165981671434,1.727950291195973,0.790628997472739,-0.1206326823070166,-0.4492630351109308,0.6049233400118875,-1.023209783981886,0.4074027887405579,0.9472051039261418,-2.4338894928491945,0.5972434646226469,4.223043645906143,1.5088270284899985,0.0393173787228548,3.4263011391820126,2.103312152878439,0.8977183384251897,0.0508972472374963,-0.2077664127414566,2.411180931192571,0.0521426764685725,-1.498004598880075,-0.2410428644999973,-6.208947140723162,3.196137470745529,0.4501684379226746
0.933670321031728,-0.0100395844249047,0.6248498960308696,-1.542333966627391,-0.2874919516430335,-1.544662113068882,1.801084800353089,0.9104635765817104,1.255717418958142,0.3157729193820461,5.260532206827532,1.8007681222105856,0.3436283932257641,1.4319599326252412,0.8350478289787833,-1.4893862548618544,2.054958190748859,0.1306143506704982,0.7225621487573253,-0.133899196651867,-1.19659024136815,-0.1919136160075925,-0.735708533296478,-0.2302394598387446,-7.181155074292279,0.8081014052476788,3.828474082425539,0.859568283158414,0.4931381894073732,2.700553088342531,0.2741392830142821,-1.1312093835236423,0.1566025797297366,3.7784105664654057,2.6324515628677774,-0.5928327470015802,-1.3050365071568444,0.2659205514596259,0.9721728411410722,0.9099989179396024,0.8620745011749691
-0.1282701796142563,-0.7918134610354938,2.0946086143505984,2.348432305211155,2.225502562339048,-0.9000451980082506,1.2543632844811952,2.7857516005701437,-0.0012166952260236,-0.5886520604007592,-0.4799059349652701,0.1862189337806455,-5.248322807545016,1.2672914344994235,2.225702946921271,-0.9764364386567974,0.5546594234069788,-0.3646428308105262,0.8822226997616295,1.0360140964767444,-0.9098232034564658,-0.1103037035377807,0.232624619072789,1.4466547994708612,-0.1515344881512663,-1.0967698160042545,0.5289322987636924,-0.3850964684487504,-0.0649536473149415,1.2976124941387703,2.161836413136214,4.417552223912601,-1.1544821175418878,-2.9586239997992445,2.8983753991544483,0.4737102777898258,0.6448649252853523,0.7405441218442941,-5.186033001294566,-0.0055260172000378,4.166387912570057
-0.7111443071398436,-1.2165506912550426,0.1691834746909312,-0.5244773727129771,-1.063985672060556,0.5957903960259355,-0.7696061431472961,-4.246956620838787,1.2043490765874607,1.827380799277745,0.5744441160947953,2.8403044775801733,-1.7774840688684268,-1.337369625033268,0.4788741801946667,-0.6225486334369014,-0.9909441497401044,1.3046628470396309,-1.1515085570713788,1.77198561605043,1.0976796150365336,-1.1041369252650777,1.6358327325399074,-1.85955419874239,-0.4140832749520431,-0.0118653445667241,-1.2366430348736768,-0.4460334398178029,0.765204074717692,3.2676224790399933,-1.0003443073278222,-1.0576953311242687,0.0276434405492062,1.8230673494872964,-5.619664659420709,-0.6746241337621812,-0.4927256653455528,1.1028380454891218,-1.8818909196832831,1.3705796270139308,-1.6729798148058432
-0.2599145634234693,3.0514473431148423,0.6093152780562364,0.9059812039677848,-0.5078259258229534,0.7784413359354421,1.187060081575558,-1.2694964612485942,1.1920684366478025,0.6131893596249784,-3.9206130036555766,1.6928442697828654,3.96579254779307,0.0551449734420526,-2.984426623631857,-0.9426329562784016,-0.5971483105237065,3.0505266186191946,0.9079239436750672,0.3560406023314258,0.4245799110581161,-0.2095890258081804,0.4366691133689928,1.663012906521923,3.635336424571691,-0.4508133960228854,-1.3352854672927303,-1.2639159534385178,0.3537178913743245,-3.066759525651497,1.5654713549120989,-1.5730937987557734,-0.7432205487799536,-4.639823556352182,0.3711550594444829,0.7551811374879662,0.4050178885767989,-1.696634056670367,1.6494622730689286,-0.6337033928433224,-1.3383038477494076
0.4390313990869698,-0.3234076682659228,-0.3819535067634988,0.1596400839349331,0.1901245785812591,0.494230675668388,1.325749128835502,-4.227613222184301,-0.5424720428603067,0.635029221367642,-0.8662427099220804,-0.249823160889026,5.446581923662055,1.1904535619897771,-1.276727029939461,0.6022140099048365,-0.4090420549441039,-1.562345082807949,0.0854293483634481,0.9012863677401134,-0.5161981256060667,1.5338670492750928,-0.4438194333262903,0.4765934782740286,1.911485995537578,0.8972616719939895,2.242451989130925,0.99749923887076,0.6916340504067113,2.905125407986449,-4.683693003230416,-2.031121835192252,1.81699916999919,0.3488716895711921,-2.543190660714012,-1.18831576947943,0.7999324500514622,-1.535695221196911,5.731675941051009,-1.6015058535876812,-2.23454695428894
0.0635348148213658,0.1986447475208095,0.7478679428005272,-0.4431735080517701,-0.5621635530670591,-0.5835351560865459,0.7817353746104926,0.0497881621486869,0.1342497964528296,-1.5071426990849508,0.3526005305571488,0.5782613751632084,-1.6299252574716394,0.249787943923619,-1.4752657894153944,-0.9680934828949735,0.8486911240499374,-2.306902358519766,-0.2856682394552033,-0.1826331291243277,-1.125315883647519,-0.3115520213435727,-0.5185562350001404,-0.7170291497141092,-0.2279538631460094,1.8765301819276217,1.244477143478132,0.5737350396433932,-1.414709722096936,2.097782311034819,-1.021102740082564,1.8892537444001625,-0.2922161360278281,-0.01209705198983,-2.426842595841226,-0.5113916897668477,1.132200700675541,0.0921130253817204,3.576250348030085,2.80164684593768,0.8800886029768216
1.582897320389652,-3.511865553625108,-0.5427233040250078,-0.1073217169114536,-0.1056576566292925,0.6695264936142842,-2.6183283032802267,2.345454673290339,-1.0857098544603598,-2.341676098959053,4.597224780675748,2.759972371714669,4.27894681497248,0.6826256477240763,-1.7785480190226688,0.1908637526255728,0.8809669010086597,2.9177263286127797,1.8420726074294231,1.2950263451401898,-2.0338397908568475,0.5018050420904212,-0.531334581149361,-0.9001348556064666,1.7713229360846747,0.3722163418091055,-5.031798081973396,-1.0064423234307762,-0.2537646560644016,2.228860926735634,-0.6614720332656441,1.1685153800527055,-0.4213855848732156,-2.239809567279328,1.0609283652883843,0.9111533501221928,-1.4411232436111745,0.257880057386372,-8.57819366665621,2.1094284768491467,-3.1759831114575703
-1.6318186135440291,0.1305869928912668,0.8375085674511623,1.5324933584762588,-0.7033634269089517,1.4838341590431232,1.0394368950515582,0.4487247536997527,0.0491685480808807,0.6634307829341091,-3.027778412774538,-4.361596201347108,-1.5908035248694623,-0.0457452562560246,-0.14306269184575,0.5090448341572271,0.7260388200969251,-1.618110276822582,0.0792867605162674,0.2177233298775536,-0.3538991189725221,0.2784951537392762,0.5639824531541425,-0.5224806229952086,-1.0632441407689504,-0.9276954230892,2.137217661276506,0.9286721702803395,-2.0263465090116544,-2.4160668018702705,4.724115122776649,-0.9910791692128628,0.7225428989941644,3.7329537473867753,2.2333207494574894,1.5704549092469775,0.5361804414270622,2.103572467692819,1.4296901187124558,-0.9436476001892712,1.2575264917490083
0.0415633948366762,-2.151924740510842,0.8345071419819845,-1.383527153533145,-0.0696701121486997,-0.8295289177199408,0.126938889764034,-2.569534395356312,-0.7695121883106925,-0.4713354221157888,-0.4807558758635619,-0.1748468437263979,1.3785971412286433,0.0264904099616155,-1.0135144394898112,-0.5300716196815717,-0.1546909877407025,-3.1454360771577505,1.040562636176259,1.0838515763717276,0.3871991194168699,-0.5416009264625338,0.2478500005085243,-2.097088458226063,-2.9044026450837706,-2.0372966884644894,3.8679997297188287,-1.098128366623769,-0.5047463932130826,-1.2928915680456434,-1.2586537845076242,0.1477454425648822,1.0786699743143624,0.1515023444903613,-1.4390934957551882,-0.1871921904660682,0.1067579447524427,-0.1197680640540615,8.104421119413566,-0.0692598300983014,0.2931429116820248
1.260092342279244,1.2536540685360698,0.988617731913322,0.2308908913694959,0.7582146547853824,-1.343891784724317,-0.7088614366762593,2.5853038445287333,-1.0995480868767895,0.8086756035663701,1.4470923219223846,2.663889350808001,0.878791764292482,-0.2227648590171729,-1.4735272322047426,-1.16523647657587,-1.3134981378098334,2.355419688909243,1.4306221809910058,0.5420455481481319,-1.9421339316570383,0.0435046635716544,-0.1794679101083415,0.3206274599417309,6.147311944627596,-0.6941206061499721,-0.6723610355353116,-0.0590948796323783,-0.9395926443671796,2.256997394923609,0.6116891269592046,4.495129435768041,-0.6337402217032361,-1.2697373791527773,0.4429797777145154,-0.6366279945101352,-1.0704572568242454,-0.7278707560643339,-7.133755691336036,-0.3456930486219244,-3.225747976529384
0.004986310630551,-4.131689948882261,2.0736471504266616,0.2369069797738214,0.8506963132760099,0.7070309532305686,3.935731811335611,-0.7152461970484614,0.9335263746579128,-0.0339637179308781,1.5393559773149204,1.9003179328347255,5.179470021804752,0.456588473104434,1.8704760801814733,0.7318190288792178,-0.0299076341401968,5.306053161080702,0.3602083744592938,-0.1775842527004214,1.072128391776937,1.5699257572391054,0.2645397493352022,1.424516588996388,0.9266418733824452,-1.7855652424949704,-2.420082910715001,0.0619117251737132,0.2350360624206504,-3.6456486828738495,-0.8436981559267147,-0.3815697958817752,-0.2600213390911549,-3.369855042338507,-0.0088893638790954,-1.8455527439734845,0.1087397830849183,-0.4415119788409979,0.6012638210934621,1.8662855926811872,-2.2083056927719387
0.2351974846504461,0.8817328927238852,-0.7144987204518239,-0.4377076656787135,-0.3357203716374362,-0.2053141768099955,0.2582121881050505,-2.2339991048417263,1.287924186821153,0.9893978574077236,-2.6128704364303195,-1.5631454246000485,-5.867197671370012,0.3007553860252522,0.3247370546395324,-0.1784832628061138,1.7862851214649398,0.5875943508774506,-0.3745835758810982,2.7915063345896507,-0.3182699255937935,-0.9410094441554464,-0.2604547735591254,0.8234048446439541,1.2884135469034277,-0.1512250498205606,3.753310352385428,-0.7542961769286669,0.4078154441744586,-1.4760128384347089,1.7627304316255483,-3.53434609996996,1.523778717869505,11.89955814134359,-5.896319287298333,0.821600622756647,-0.14624769937399,-1.3737959811919336,3.93374361374142,-1.019224606716728,1.2904835333140892
0.2838255715742055,2.1681774659056217,-1.359817967739622,-2.712591954570009,0.6287452661724885,-1.1385473520863825,-2.123721805389569,0.0422263680606188,1.0701439059231304,0.1365177712172807,-0.2595025370180028,0.446359504897974,0.9081991965124389,0.4383496766621514,-0.1328198243268731,0.8299220070175598,1.2112313998317104,0.6062175697482204,0.302220470567092,-1.05127477769788,0.1287113789751246,0.7815461094232313,0.2682360694463409,0.4771654021891843,0.6045445356805603,-0.6642118031123952,2.621182111058909,-0.2656608373288537,-0.4000486321563513,1.1342403732134805,-2.690208721153988,2.6446882068202022,0.2706498094972072,-0.1079929894141322,-0.5507841680050849,-1.007335400549035,-0.0389053807453494,1.2160362210382378,0.3828244593670037,1.5519918277153182,-1.4474754213026182
1.7582014007896836,0.7861623122716725,-1.3878676612311922,1.9253208032191085,-1.1552606671425705,-1.6485389930276535,-0.0923922128455678,1.2540126754722882,1.2457883457972736,0.8140274255185483,3.8247760763969474,0.0139183699613468,6.723588418657623,-1.3764870910321612,-1.672762528690495,-0.649942619154702,0.4524444421524615,0.5581893764493729,-0.0709818165165265,1.2928176049668894,0.0582439193211223,0.6029837582098343,0.8791841165815308,0.6924270688365827,1.2272078357567884,0.4123975099193778,0.3630152793478655,-0.8738841432569312,0.1655057268631126,1.7442985724660782,-1.0789397477288327,-1.096551395299024,-1.241770462243719,-2.1577023692944586,3.2646303691264658,-0.220106209763217,1.8453326618415755,0.0780236015440117,-3.4592573055599543,0.2380417347533384,-2.4887697280389167
0.0932503691739723,0.4487291239531519,-0.3351005704937171,-0.3362604302993671,0.3865074458111055,1.1697376190731634,-0.6169170492677103,5.562269493216236,1.7582688146029,1.810152776239396,-3.004846717785794,-1.466879486164652,-3.5696857650739635,0.8782869340836662,-3.478658958573305,0.894072698098992,0.6819792071328187,-2.850884366246209,-0.1276873427440891,0.7621149927425824,0.4072900690167614,-0.2485137042574772,-0.2275606055574595,-0.0937130198932266,-2.4091725092950345,1.7213357732876549,0.6601459679420001,-0.0291496955528823,-0.7994336721103315,-0.3229820834084165,-0.439990738975022,3.6791622043983336,1.315785431735241,3.7133261951468777,-2.392542471078927,-0.972377230924038,-0.1574299561262398,-1.3709274969279972,11.026837761952429,-0.2363887303897753,2.6944308876557037
1.062222216628793,-0.7668583009265583,-0.5103092031809516,2.2645090975804285,-0.355810681403371,-1.200921644220193,0.8282967270286519,2.0297594516695154,0.1083170028380093,0.1483186099472507,2.3362310080355626,3.7730143741512823,-3.197999960468912,-1.2701875324898604,-1.2866997985603086,-0.38298390736974,-0.70677384244982,1.3164627366804829,-2.400486517322499,-0.2512571448777334,0.0948684050308096,-0.2213137534414947,0.3027110234959669,-1.4561261920488873,-0.6278822102953736,0.5012278037742246,-1.9640540733340868,-0.5366082643884634,-1.133786649040466,0.2972692948629545,-1.037890383184405,1.9438171043447223,-0.8098829612535541,1.1459244720682369,2.7559801693479216,-0.8995236352978074,-1.6606517978918285,-1.317636004120363,-0.7838610014923464,0.5864859823177107,2.920603308179812
1.933998567982452,-5.158363235901776,0.7371756165717933,-0.1387051341282985,-0.5498680655175042,0.3348507011046459,-3.5434596051875342,1.168406666230439,-0.0846532803378909,0.6593910686188889,0.628406658029474,3.9984868979026182,-5.812192217130002,-0.0302889534043609,2.1527200596882365,-0.0600158943082427,-0.3222124913860695,2.801906628669047,0.053821013447098,1.9656230422577767,0.5930832181381468,-0.5819154830830903,-1.0069939244751696,0.8524156277969227,-3.474615104556677,0.2160902665637438,-1.627193922010623,0.3548424686275997,-0.4649617088708067,3.3658819837794502,-1.7883529793706634,3.970271491656686,0.5202199826625662,4.232134413908687,0.8698340724422478,0.9113525814514024,-0.6423575161914615,-0.024659787999146,-5.887850524152092,0.6495735036824631,2.622716065437084
-0.8196792766139107,1.019326736253106,-0.4263764584519023,-0.113418180263837,-0.8128486245679947,-0.2707925967832637,0.3953774651941305,2.6871548349771284,0.6962539013449546,-0.174345317327615,-2.5251255714514453,4.103337732530642,-10.669907568511304,-1.7178856128776148,-2.449750006073928,0.5024958320777194,-1.558287575908934,-3.25391236244599,-1.3216235808953405,-0.663612492346371,-1.3781094028111678,-2.476326813826462,1.3004765215316476,-0.9567919404929162,1.5192847681070432,-0.7793723958503207,-1.8644053729092944,0.1592903563571652,-1.2153703398876765,3.191492548592049,-0.1330494302264732,4.905104739179385,2.237244575650367,-2.610002020727139,-2.0888003270009627,-2.1013353504723717,-0.6663592515585695,-0.9048049158285728,1.539304701329161,0.4467704322036013,7.587627496847434
0.8474249326745963,3.6357139764193054,-1.219568668369053,-0.5256072305596224,-1.1127064545018628,-0.8696801987993966,1.5894392054663649,1.172376023505272,-0.3097762738748009,-0.9101729686158836,5.3315621606954,1.1611218767998253,4.811939450040428,-1.2224329570211636,0.3831111145826418,2.171913423962006,1.0243873567717343,4.690058730976594,-0.3935949135418952,1.2316472913254757,-1.1217011086260662,-0.8462360070078394,-0.534297620438741,0.772756542973531,3.3668762651334445,0.9934285449903676,1.2325739894700551,0.2603733560335518,0.6477402078027278,1.2941877717235633,0.619298152329891,-2.020006777760296,0.4354956335235765,0.4833653512869116,-2.717862130926058,0.0049979116437197,-1.76334083060481,1.4203147850464466,-5.598796484329011,0.7184858468747505,-5.041959337169512
-0.0216529773134374,-0.8575707202714966,-0.3567847877843886,-1.6038714027302894,1.4852981535969665,0.9986274853723,0.5251363820986013,-0.2330469478766972,0.6727695606831771,-1.6294748782766724,1.86600445394137,6.488965709098738,3.3459838018481585,0.1043436742751739,-1.801515968723972,-0.9585223975160309,0.3480080187627065,1.5563860267426683,-0.0618073583747771,-1.1303606817038114,-1.1329611060778095,-0.9082934634438492,-0.6839226435671876,0.5580101449207858,-0.7959185933919053,0.7837173830300481,1.9030059612103247,0.2836113911840408,0.0617048844438627,6.198211740432651,-1.0463723709237254,0.937316533121658,-0.9039141465441796,-1.466629234119869,1.344432360445139,-0.3789087229338795,0.1797610287781517,0.5455876023647952,-2.3626450404557824,-1.1103891764093607,-1.002777668064692
-0.7454600596539723,1.8021533856225025,1.0857912280383355,1.1428529179294915,1.2221074250706936,-0.6572828688817408,-1.680352588528386,-1.2163412098215765,-0.8420738329014641,-2.2133237767339944,1.117677570987803,-0.8835021925675248,3.5575753167824606,0.6607688579559725,-3.3776319193820443,0.4398675154943827,0.0612939994471972,0.4990171461064336,0.8974456186292672,-1.337248185554974,-0.5329148586731266,0.9471664174064718,-0.437693257010205,1.6020732412032233,1.283582263411815,0.8458717112077727,-0.9161827311813356,1.5101640247384909,0.7489491904364384,-3.300422942300066,3.089809363173051,-2.1128775520468768,-0.0005349837030176,-5.109357546655351,-1.1393111387508783,-0.4743646901881168,-0.4196930339359351,0.2410492976562037,-2.636735125681419,0.5878913223333685,-1.5938583504936303
0.0066887321048839,-1.0012769638136223,-2.05155260854556,-0.178227608773267,0.6668592321215492,0.1218684012375347,-2.4994872771652146,-1.5362473724249643,0.3498737558386695,0.5673785400481913,1.509535644814774,0.5295225518236573,2.110172232730511,1.895747651690049,-0.0152791299114356,0.6672843257823922,-1.4776728540547357,0.2407708886007304,0.2355631765691906,0.5525382758456924,-1.205482258069395,1.2909217012869538,0.6158496546009988,-1.627206266197449,0.3628021060811972,-0.3851326288110774,2.3982005212081146,-1.9131070740082536,0.0361943335596119,1.7555934740073114,0.578920200340534,-0.8505669007714449,-0.0635570079156634,0.9460077162051436,-2.1788500008492377,0.7925208656909802,-0.1177018468706489,-1.7382234627021411,-3.772175224838028,-1.0304421433280118,-2.4694964624491185
0.1696392276176786,4.931550554051432,-1.6143582409719024,1.1081484544051812,-0.734708435732411,-0.1353488786309393,0.5975014241003729,-1.115291533601806,-1.2981657190219853,-0.889052797509576,5.847759725946499,-0.4714647664355387,5.574470520270113,-0.9377206729131772,3.7630324288915578,-0.3045645967866202,1.884557713652726,1.169389102689235,1.0571980279673447,2.578228877838065,-0.240057948664425,0.038394836228606,0.1677314770277837,0.338529707010233,-2.4857275264698013,0.9039812570770244,2.68049899618021,-1.4581189453716912,1.4960982680130448,3.3799965013890056,-3.187928405573708,-7.637619069953999,0.1215142894366799,-2.508773072034074,0.2408034967918293,-0.1883270565179972,-0.1931396805240252,1.1317441550741778,-4.350420152349184,-1.622288523794576,-0.6978570997690927
0.8483257430387848,-3.966116099278657,0.0790272588813432,-0.7320496236149923,1.6970397447903618,-0.335408679175882,-2.2757166404598905,-2.6515756599593523,0.0436930430859889,0.9707042338998144,2.9319881102040743,6.532484056612711,-6.628478887990159,-0.1453025235930169,-2.8975993417390318,0.001889924145807,0.7704767541899823,-0.4416885096742239,0.650366336835822,-0.1357149796165558,1.106261470266616,1.0701230352964586,0.5418170481035224,-1.3106714660980925,1.6127889747720685,-2.2586173838066568,-3.038796749988617,-0.5792029253125871,0.472947572213331,5.435547381541463,-4.535423824430663,3.294704802310279,0.6767924908325449,0.1195585130553984,-3.93896756443804,1.7850424045726674,-1.0425894098648325,0.5504261239249075,-4.171259481352218,1.000781254759316,4.337545641667896
-0.9720497539535052,1.3226181921708149,0.7852166554712658,0.3412143974780448,-0.97083453562408,0.4355788966608501,0.0395517631579318,0.936653057868693,-0.5327739143895449,-1.8320196946047729,-0.4112200003230626,-1.814640520539935,4.527657355263302,1.108030852923771,-0.996028575530406,1.1650223664747208,-0.0935608713323403,1.2439338793792745,-0.4533290475998195,1.8000393034909752,-1.0792391573988591,1.9201083631591296,1.0939982530063568,1.8548949347304269,-2.6567162753983107,-0.9598154996703284,1.532020701680023,-1.1957165549287636,-0.2564293977707763,-0.3718392111870561,-0.5234612617357755,-2.0390390662054343,0.4264947519916415,-1.5385095503727224,-2.558101682702781,0.6866883632437734,-0.317650122314452,-0.2994882114357612,4.446905229794735,1.2594182219383172,-0.7562520864929518
0.6746299834766982,5.733736272856564,-1.6334575478369966,1.82093004719408,0.7405948482685923,0.4506262248190381,-4.704656761505441,-2.489720625974253,1.122324342941736,1.9874806177918207,3.697473006907781,-5.398166284508046,-0.8368936866992456,0.9162128990123632,-0.3687424345703947,-0.9654107733204786,1.28436079803816,-6.944650581531112,0.3860701843129114,-0.3331435045528215,-0.3445867326015837,1.598771619371817,0.3375374511205526,0.4496095364371119,-1.1787307420352735,-0.128447949281766,2.148884582239304,-0.4007012038366747,0.0444544109378892,2.976472898167074,-1.0465610761194473,2.845350757596761,0.3215298540252078,-2.93978415730496,3.685204250145401,1.0799885638578062,-1.6738933850510465,-1.3191476941238678,-6.564813097952798,-0.1923413804643231,-2.125499583779272
-0.2506261456579951,-5.144677811816839,-0.1521992573118668,0.3776256999784282,2.050375421423872,0.7251034214818262,-0.3888957172907725,-0.2842530196399768,0.5897339662228493,-0.0043241402023324,4.404046820482647,1.3141429957441475,-3.832626786965172,0.7114348336865454,0.5027831099475377,-1.6013022124746157,-0.8873764247085714,2.5074264920979954,0.9716448834168832,0.1802209505776681,-1.666413871699196,-2.516851317055528,-0.9598962017175776,-0.1753413957261835,-0.590188786707529,0.3454268238998609,-2.3202260232059677,0.8320484641318628,-1.1169121034762322,-1.7687753160725843,-0.8988018012789287,4.4695725004798215,-0.1262430143288617,2.506728078744045,3.498101833851848,1.4184709044635917,1.153290006711719,-0.6662423040103711,-6.245032078418744,-0.9210821577339188,1.811124277887163
-0.0161197297761964,2.0022231139446696,-0.5924159312734177,1.4864634035519844,1.2261685446002235,-0.3273503633014825,-2.791988762909222,2.180181022636747,0.6590624070730986,-0.4665398732028118,3.0049417047327447,0.3891686779694151,4.831819507006106,-1.5146936694542956,-2.081887675028772,-1.915919057321653,-0.4429365416558949,2.1617700620550746,0.5900338600365004,0.5094732613488118,-0.5627530498246239,-1.0341077175881892,-0.6530769839815443,-0.5387250893738275,0.8252552681821919,-1.05464257900353,-1.7412901023636589,-0.8401307678263134,-1.4851185798760291,1.332720804518444,-3.414316820482336,-2.042458909440463,-0.3273239193135014,-3.370712741575861,-2.2808099523910643,-0.6108299493622167,0.9069800938024732,0.7814710216006834,-1.999435356325955,0.3069304036928096,-0.796652497887486
-0.9507070780470795,0.2241105235263212,0.1961711038539297,1.4008453472025093,-0.0388238391083968,0.7617050423141258,-0.0831510435423887,-0.0642589080098496,-0.2908426337631114,-0.764623888815965,-3.2258403384297627,-0.6577899471431615,-2.4818598101917893,0.064785297980057,-0.4255237391640525,1.4840365620499238,0.6750139833919987,2.188572244639447,0.6798443671425796,0.5107711845615327,0.0523893328728659,-0.247182679125427,0.4164244321557324,1.5618318346722853,0.5763717682725684,0.4658126870877302,-0.0777350879710043,0.3144730006370917,0.5923850966101171,3.498845774217827,-0.6189822479013942,0.0617585655799641,0.2606904801873195,3.021618582906036,-0.4972263322085593,-0.6465064861312773,0.265562064877156,0.7105762483506649,-2.4998344204726743,-0.5862277434212285,3.050628933135316
2.0100218322849925,-3.170676934140369,1.1668666013130828,0.0706773440735427,-1.1914287108876371,-0.5047040581883611,-1.9462768833327455,1.434470074327124,2.103869626241908,-0.1439163950517796,2.6894864663651603,4.56941382033385,4.238393055787808,-2.253169252881768,-0.9600738360386712,1.59482305770205,1.8203127205146616,3.222472226863969,0.8084885998539764,-0.3849778039087728,-1.3632196307096611,-0.9919889950623134,-0.4033869165259463,0.1521486162589981,3.27825819783116,1.085879327569341,-2.7260580505860426,0.911658519171482,0.7777409639022499,2.17059648363389,-0.7382252989848475,1.878604529246883,0.2806083657823649,-4.877884067079497,-0.6504462305867011,0.984632404739067,-0.5728028347636881,0.2268550566954706,-7.306351245668213,-1.558999994225349,-2.842649463939218
-0.6567785754705235,-1.3852387899090155,0.8492958066726016,0.0217698769896989,-0.0237368793797282,-0.6738887016342041,2.751827565985913,0.4399188287610853,-0.0793145110326332,0.6926153181336948,2.485534365003021,0.7206587095782542,2.7231060038263704,2.2838499437657607,-1.369045882537267,-0.9367017078907977,-0.3580504329062603,0.0359356307984144,1.5475622338719628,0.480637676584432,-0.6461421200804348,0.9293963317358216,0.7340014305313793,-0.8475208012757279,0.1110659832391101,0.187424897766598,0.9323822492853232,-0.1261455761182246,0.0609523006916265,-1.5925805409267235,-0.0120171627273474,0.9372172340910536,1.5419284278089145,0.0795541258460654,4.6694507761900645,-0.223763902843206,0.3744978518374475,0.468468703965227,1.4827966239433903,0.8094527651589257,-0.0992673326689963
0.0260109495251557,0.1608878549354941,0.1883972164399435,-2.113304749057006,-2.763446008798529,0.1121705589076563,-2.6950547822672952,-0.6057567998788052,-0.8291407623636644,0.1404767690552076,0.7088788594465224,0.2314276839968326,1.6846547209052376,-1.3213194513200972,-1.4563891222766223,-1.0704838443721538,1.244795311542941,1.6525877366324293,0.9050695930365196,0.6255632239369856,0.2143676538587434,0.9510663909498422,-0.6250586534353293,-1.3030667419999873,1.0400558307755352,1.2817104507833303,0.670202415902744,-0.0417105181412586,0.670742121084,0.7420287282896547,2.0046331833629987,-4.847532067782828,-0.069043400599876,-1.8243723321326293,-2.2473900204399944,-0.2110143004590252,1.1992506911800775,-0.3586590999273133,-6.477018202027264,-0.2204891509560534,1.8819018604243376
-0.026000242307434,-5.048706912438034,-1.3431855926412295,0.1252528147829645,0.1448420282311545,0.8829865143589372,-0.3601389394355394,-0.0246260913717994,0.1260582627434722,1.776943537913782,1.6470749600721857,0.6153756167152804,-4.655019691956963,1.6222782898950587,-2.101852850134001,-0.5237968470312823,-0.9414084159941052,4.320411999000633,0.657650858815548,-1.6228444904099633,0.2567256191633337,-0.3806316468708541,-0.3477577737686707,-0.2323788639753829,-2.9008322739447987,-1.4489138085356656,-0.7830228919973747,-0.1200222331740357,0.2763522268029803,-2.7518498520640597,2.035679528373399,4.8537862119283695,0.0279930757786949,6.100225562883642,4.547551210989976,-0.6594010641830726,1.3645172210196497,-0.3255382441208237,-4.430108530314428,-1.807718565691884,3.1791254938119846
-0.8852979836132516,-3.3180757700305388,1.6037002351288077,0.2210317924477959,-0.4312552091423801,0.3475672550221635,2.5860967329969884,0.7572582980964578,1.0113759973057568,-1.1348632877195368,0.7982152538050808,-1.4369091621341337,7.371033769052988,0.1622055864304524,1.424095163236608,-0.888672607886863,-1.6917298214099137,0.9447728747905152,-0.6027284509146894,-0.6866218809941255,0.6243816955635453,-0.3414085365826191,-1.0511174464512956,-0.4877668175234237,-1.8298858839626344,1.1343046137454864,4.903582624689525,0.3538172984461903,-1.0457566444381012,-0.1246205838530603,1.2643541910924658,0.4581138811111064,0.758486969029133,1.4671939059407677,4.381789511175848,-0.2718174664302485,-0.9645846113485363,-0.2430826340154494,1.4901207627361135,0.5798013433135277,-3.327942820520388
1.390658615465777,-3.10418686190066,0.3472578259822975,1.1530209860393483,-0.5591649080098172,-1.9115167911355249,-3.1896449718980566,-5.275470262102668,-0.8237426017336408,-1.3429706137778852,-4.134496064264551,-0.5179325699415986,-1.7357171724701947,-0.9385022476676724,0.3489395597466644,0.0352317945240598,0.979002351151827,-0.3180336774171093,-0.5328077473771404,0.947011710012042,1.1006465908936285,-0.979303689967079,0.0028318693101795,-0.2298110866601872,-2.865490232666492,-1.3849086121451728,2.2057426718505813,0.725037483222418,-1.6226857244341066,-1.3919076544730378,-3.585587136271954,4.4804502317970005,0.4998385111235082,2.931913803878233,-5.283564848564888,-1.1010324727373575,0.868470868905441,0.902527727063945,7.694249524611131,1.0922634479221025,-2.2272818675241632
-1.69201408058144,0.5123239437205322,0.4557469691059729,2.4189228250554704,-0.896361575930369,-0.145904618544228,3.3661281618198378,-0.262862263205954,-2.16810978256299,1.3528071261153145,-2.8045489233435883,-1.6754021338402905,7.397579360035232,0.0158421829004591,-4.5553701475433215,-0.5610869526947595,0.1480437989319004,-1.9978941480516212,0.5402627231331107,0.1040902604000992,-1.421801127631627,-1.3656417256546731,0.5186849266787238,0.884848364976506,1.254527857831675,0.727107792661755,4.746726030101934,1.185533772533163,-0.6424994625858775,1.2738211192513835,0.1251081882132609,-1.280506617729484,0.0513102206651597,1.8164472298048164,-0.4193887988981735,-2.7730503791485863,0.0138269074521495,-0.5568250219991205,10.198825541705686,-0.6422709615213495,-2.242069617148836
0.7626774789653149,1.4136786507846444,1.4619867833856508,0.5073259444980756,-1.3588670837996095,-2.298708010811405,-4.1921111516289535,0.2576318307020586,-0.9052341109899646,1.062278936975743,0.3657606777262449,4.009205855454576,-0.6709741636320807,-0.5908813032896773,0.675226972711886,1.0891304483495494,0.6932853085142268,1.6469385985003462,0.6992793776190954,0.7842154256486237,1.0230284529359828,-0.1274766185181758,0.4921949987991034,0.6413234791198741,4.9505983589617735,-0.2657356145816092,-0.4815338877021784,0.6791136793080448,-0.3852488129762557,4.116825553720304,-0.7921980426960793,2.372120959506877,1.3364616431781922,-0.1947292887426249,3.453743756602996,-0.0624341713754445,0.5581462137152633,0.3578364292518404,-11.738111747463732,0.0620381935078866,-2.0436869243509075
-1.3625253609294787,0.1758354261397059,0.597802113252951,0.060030517592323,-1.7631889417955404,-0.0416088967594546,-0.316054710652122,0.776408851880229,-0.2661579249982174,-0.4398071124509132,-1.2698070084266453,-0.9647831814244192,1.2831841693564583,-0.2372235402610078,-0.3957116311431218,-0.2508192693734651,-0.1910067424729818,-0.2329734317176706,-1.7759522936347605,1.2411923266807483,1.2087337082927212,0.8587895043363434,0.1400236472712689,0.508186483246279,-1.047735275321355,0.6890674999672476,1.7139886398968702,1.2540631306383103,0.4449316629518652,-2.587907014033498,-0.415497244027827,0.1297882080517441,0.0623123494463244,-0.0634397646498791,-2.476979079951777,0.5782452834494315,-1.3587543382989329,-1.0212893313897606,6.183480129054381,-0.3381832309775714,-0.5825315687748548
-1.685813203622344,0.5644313347460589,0.3127080426868174,0.6483397100352704,-0.8221062406790652,1.8949770439673403,1.6281092197940177,1.3342318503745694,0.8029724200698711,-0.783394026433203,-7.094651508074477,-5.523846115890842,-1.7560498615177411,0.8354191419401722,0.5689092577751691,0.1994054989121611,-1.800659594840926,-3.32756667929698,0.4034374460420821,-0.330981912783081,0.0051107634603969,-0.2178246107622781,0.9174122637286184,0.8962919452440476,-1.7019518657063863,0.2770329681250964,2.4019345232748064,-0.0808086137823129,-1.4377901587158908,-4.785521506200038,3.4568088430934214,0.9713254088326476,-0.5308257182642052,4.295454726068284,-4.969131815175615,-0.7429083005059036,-0.2822622660554262,-0.0650403485244265,14.203076937843331,0.5082898312866103,-2.051565525014276
-0.3334856916730946,0.2244307078843428,-0.938372188392487,-0.7540030129567773,-0.3257295059612392,-1.7456497812120817,-0.9080948863898276,2.1633833735716363,0.0624133118469251,-0.280403085546994,1.795234540179533,0.3680649581989562,1.4173443860353288,-1.721769933576217,-4.452670214094422,-0.9814853822231282,1.0431201238713987,-2.598815521412144,-2.41972682406537,-1.6426322701571754,-0.6302898101445342,0.9699960625430492,-0.2491779671350312,0.6463513853379452,-0.0706916899039421,-0.6338569082234912,-0.7591627293171297,2.002448106886129,-0.5076412858504837,1.280429879726864,-5.168791809800921,-0.3647306416094638,-1.406521988242465,4.258901768206101,-0.752937925833506,0.4284911940752198,0.5486286575057373,-0.519982215453966,8.438412426625845,0.8456278938400734,0.7072212342525822
-0.2635317976835619,0.4340403052102735,0.2981779937007327,0.3789207872484452,-0.5807343990275615,0.402018707643904,-2.6202984996124266,-0.2973028116096662,0.6394180241343781,0.9014928382252066,-2.5070255327530706,1.54983585128039,-3.019764786011001,1.0279871491100148,2.373512309268449,-1.026773187220979,-1.1862984937473702,0.031971579954159,0.3257441531338986,1.0756677798233574,-0.6573155582520571,0.1961920712841784,-0.5663805796238153,1.421837430631132,1.365484547336897,0.8169674458743056,1.4269843592456617,0.3659936355541046,0.6387556022376907,-0.8705385617164477,-1.6169699302272464,-5.719618146149637,-0.1671047435138543,7.870005918700098,-2.4045570922219808,-0.1044799615757603,0.3802938910127617,0.4050371524445383,2.522792909155589,1.5902618260803874,1.428887500667961
0.055560181119678,0.6657189611889762,0.5360731153769882,0.060256914418651,2.167638258344617,0.5522297865923852,-3.545952476092852,-3.1320227883656107,0.0625481169439496,-0.3795014805939247,3.152392092255313,0.993653166714084,5.688230781870264,2.684262201344058,-2.9207526104164105,-0.3512556220580684,0.3358250831654024,-1.7113985216491172,0.0671085637234401,-0.2838307184679525,-1.8786736061425129,-1.3117971183790644,0.6711761304878426,0.6726551921743845,2.114531222232702,-3.2592626970661094,1.9589671080817015,-0.2511732565124978,0.0319400055277355,0.1414046252880063,2.192232525262748,-5.888351297822554,-0.5322414523093271,-0.0168844511619,5.294899863919441,-0.1307788476352264,0.674409626591309,0.3808241591898296,-7.877962521881322,-0.1330773318167859,-1.8614510287809487
0.3380235328060609,2.4651717824900934,-0.1005682361872694,0.1239273186648848,0.1625680493306312,0.2029358438589922,0.3535516929707489,-0.6925181925169639,0.0737281209789022,0.0747471627174302,3.5039402631452754,3.842220414119296,-1.6352761225955137,-0.714297971514561,-1.9040859541418025,-0.8556074346413726,0.7047393278011166,4.1879398446178335,0.1001107514983714,-0.6471833505178806,0.1528998066765468,1.336041643683976,-1.075881286028173,-0.7217142283490054,-2.1801802274329214,1.7344883950259222,-0.9529494160148586,-1.1890656102233066,1.54405854187766,3.9517733643039343,-0.0052911484449761,-2.378581113866283,-0.0269080153292632,-2.935767984625772,-5.84431925487776,-2.439058236666707,0.563778439422382,-0.2144578080500057,-4.505647260870324,1.6148557390693112,2.8991964879014955
-0.0332982097354991,-1.4390267209585113,1.3461132330440968,0.6049592581761466,-2.336347293603593,1.1639534520208925,3.0747422601954546,0.1742726770826529,-0.6339773999843473,-0.6759211230454057,3.4295948330544586,3.414742328293608,8.202479384440997,0.6362963209205134,-4.299311632104477,-0.0862767307345026,-0.4980834656380137,-2.085986052218028,-0.2512635984606544,0.7117102508234507,-1.2881318067513905,-1.5506356133266177,0.7052117387485994,-1.050293261407797,1.1306975294463664,1.6080248936960193,1.1381270103915613,-0.4915879947338376,-0.8075691069720464,3.0580322780786373,-4.504265038638232,-2.6653527616327377,-0.1367441954093005,0.4602695628929416,-0.1156851907473641,1.847028948750553,0.3339980280001718,-0.1122785750050663,8.849810227632306,1.313098322629071,-2.145382914172281
0.5702011531762253,-1.8298245736612089,-0.1534703078288093,1.4724597190869064,-0.0084165566112758,1.0043355672481131,-3.1405016737059066,1.5947816978314002,0.7950261629192299,-0.2627215963555669,0.3946849849534274,1.953605006754901,0.9753011126272036,1.195368916230084,-0.8252788304833701,0.5119708744560739,1.3165851566403513,2.413900511585737,2.3418236246570365,0.809673152973083,1.361905118013249,0.517693150943474,-1.0972942510677586,-1.3504993611555278,0.0418605880910978,-0.0190437579109092,-1.5970998246798112,-1.1273683027786887,0.2851540396682694,4.69401318457416,-5.527606896767054,3.91800983858273,-1.7574402707904078,-5.247623985311072,-3.3447467080493234,0.3569718001959009,0.726745019507738,-0.1700933516421857,-2.955743779364034,0.0753881754984613,1.8492943625366003
0.9758899132879651,-0.1830584608653493,-0.3271607604847486,-1.8005932607038568,-1.168370440320632,-0.1851892989360984,0.5359806501943218,-0.8023466589799626,-0.3190103924215525,1.0570771433319257,2.405043386698659,3.5041026366463663,7.101878834347313,1.3939258139517434,-3.332645348543901,0.2082020976670196,0.2660206890301316,-1.2114092251426172,-0.6481804321813994,-0.8831558216654465,-1.6656293034060998,-1.1137654478734365,0.8517060729240024,0.798592057054233,-0.4085265956568099,-0.0749200290127479,1.8404869535713264,-0.304534572942035,-1.409035730629039,4.163183114681152,-4.052830344007094,-1.9285112296379068,-1.4766435764588892,2.988779301815625,2.633742271626919,0.7637160906668067,-0.5735716286403991,-2.2282586499523207,4.997031062437739,0.0924696368095422,-3.2132350058432584
0.0408382929560651,-1.8990605887410124,-1.2342485722598084,-1.074072785184742,0.7615496196540027,1.7842943170233236,-4.236390187595562,-6.300320076589333,1.051338258877033,-0.5636778018217343,0.4447154461821033,3.541645888688997,3.9272249153560312,0.1456316114862409,-0.2024772254449756,0.0574264309696418,-0.4706585602626048,1.8497413834196796,-1.8713679697775096,0.3646032071601902,0.9960407349136152,0.3899730258716661,0.4107100146062875,1.166250490344462,-4.047560428600525,-1.1418398829427898,-2.0568037186170307,1.2319432824917698,0.6278367208567381,-3.019465926159853,-1.984901596580575,-3.029128807673577,0.0426665717539342,-3.4286487341231324,0.2750784400404649,-1.4852512052925784,-2.7570244889873825,0.2299461454140914,-0.1227808294699413,-0.687324432417634,-2.708224264604347
0.5376751036360095,-0.7046089145410486,0.7485246904530993,-1.8260151142380587,-0.1525749638872755,0.2898362995112493,0.5202113669369623,0.3807635583407938,0.945479191130177,0.8882920844059654,5.311156210588137,1.984191077662198,7.554687311380047,0.8181868924519087,-6.139957769259043,1.3359338983130662,-0.3443383724979687,2.3334396605233847,0.0064864568325355,1.4281593911387411,-1.437759076071063,-0.8175418950859678,-0.7289982396599719,0.6036275248650534,-0.8856851650763118,-0.2998093538388418,0.941262204599986,-0.1182352831634747,0.6927713956121941,-2.3774846288736016,-3.672289224565653,1.5966615500364911,-0.5113866510907014,-1.6293483064037022,0.3750255832872107,-0.065188000817277,1.3587457002118677,-0.5185070439634156,5.865601585593227,-0.2970222810615424,-1.975912313916324
-1.8289357709894467,-0.1702291109762892,1.7022964187255152,-0.3008743650081724,-0.0625900254979591,0.1687253852908647,1.3333580638387683,3.8017203556183614,0.0548383087081834,0.2900000323009467,-0.9729379975981975,0.7449530445528352,0.2502031121907284,-0.6126150725127885,-6.00143363263708,-0.379753048201867,2.1038053669918195,-1.9352925513267916,-0.4889766666025846,2.385995142929139,-1.7358286168755597,0.8678301767973345,1.1464213319379122,-0.956003511700258,1.0789391454834192,-0.8851326217410977,-0.8941987107706153,-0.5354154813360962,0.0859702685775928,0.7450527923230155,-1.247197138023891,2.9026365466552058,0.017887260722849,1.3114397655768544,0.7010108219974461,-1.1007557441787303,-1.191116629250466,-0.2701503124929836,7.84042695388038,-0.2125182406271226,1.991236284440715
0.1828687788258356,2.386766836701465,0.3766444954128616,0.0100620228361804,-0.5405588415192729,0.8202709137786807,-4.974153676966704,3.052638352921193,0.9279651779884676,-0.7152388550358495,4.289919070908235,5.78265565963818,0.1787943059584006,-0.4465390243711467,-8.931928815287728,0.1685196379757418,1.17435267654272,2.7575689800937675,-0.0337199761288885,-0.1855956651943541,0.7413545708603956,0.5001193121208668,0.928811502090323,1.1728391395046995,0.8753536617816426,1.6065814427796832,-2.0628377166414773,0.5217144805992412,1.573420102444255,3.002909368608216,-2.28862632750752,5.581649093857235,-0.8712199064202553,-1.436729571279927,1.1695586311462574,0.2751826383335136,-0.256237050249644,0.4257173333253229,-4.4425020807954425,-0.5122116507946147,0.5391966687429663
-0.869020804349134,0.2766105080310181,-0.6467578000210683,0.0943515072587771,-0.0922265418262441,-0.0334695469067249,2.1685134936724006,2.3208915171377167,0.0008963586663123,-0.983401430059677,1.036887501337585,-0.0365435228271422,1.3317208630353634,1.1530735183195393,1.9477950436759373,-2.83440563512311,-0.5242018853498028,-2.0852844429143724,0.0183781085508809,1.938997491770334,2.122754836869399,-0.4656644517773169,0.3759933748334638,0.9857092851783974,3.4059035408494083,1.3163903256404337,-1.5465392407100065,0.1487392184089522,2.0265072691688704,-1.401706941607079,-3.1875959731991603,-1.9411476992951264,-0.4852660085607647,-3.3976900374426657,4.920266374919574,0.6440892970430945,-0.9673390735021352,-0.3829786575589548,0.7731059805338716,1.135731593905572,2.7337466489121685
0.119311480992936,-2.4892831289031863,-0.7260199699195959,0.526681756306727,-0.9699914386905542,-0.3261775617263442,0.2304035141720894,-1.9283346906718903,-0.0573307756339604,1.1866014286357418,3.4390562910682205,1.4000444398723992,0.048610686040244,1.3153611817903568,1.601637729081554,0.8575047725263041,0.3945231755494917,2.2805293492507004,1.473129541712903,-0.8159010322641432,1.6280466747411468,-1.0318499284460114,0.2946659865805307,1.867354880072172,-4.947523527838957,-0.6953250564267105,2.924273589546477,-0.9973884293109428,-1.4822394844684406,0.3296564294720094,0.6742174548235693,-0.6408757890497343,0.3023915920570993,2.369968182481581,1.681174122820305,0.0264510939260516,0.6096027477121061,-0.908828190295956,-3.0292872956617147,-1.371836747397596,0.7936415735525985
-0.1163591964658588,1.034644578016812,-0.6653983250717355,0.0245541114325164,-0.134970600856711,0.1128026737519624,-2.557694840073794,-1.6068699968038476,0.8201703070800526,-1.0692165745449154,1.6329906005218344,-3.801730765430129,3.335071725982412,-1.973642197339728,-0.9665890184043174,-0.5563802810352457,1.5660650111640255,-1.2497996139459282,0.7564292580914294,-1.6700553413022934,1.4925953052383147,0.0305765739630861,1.0723830044863822,-0.557131825854833,2.244763779039679,0.3626669960198957,-0.3270858789419489,-0.2475222814584844,-0.0936870759593108,2.230790644626336,2.505301741508197,-1.334806763058979,0.1269429817745848,-3.710591740492101,1.5101138453965617,0.072452231663198,0.4508011873159425,-0.5557183809228047,-10.55288751752501,-1.341951761528615,-1.892851955746104
0.3068783093111784,1.1791090429797242,-1.600691341051646,-0.3938585342105447,-0.166257678570691,0.4272982443388725,-0.0951591548603694,2.3940367864103083,1.522310320971122,0.151132321748521,-0.1929916798982656,1.0039538732792628,-4.385863850211969,1.8254101869745312,-0.8067110015587137,1.0329385006374936,-0.9909819941231944,2.2994554810222656,0.5769003545285981,0.1945409408961945,0.81735309515922,0.4853518070223221,-0.4775650382734974,-0.0139747124805873,0.7652330258335752,2.5843621046008804,-0.8763235150134393,-0.2509615713303674,1.1614384081135098,3.512432093991272,3.8382696035577664,-0.6102177994583503,-0.6820550502903854,3.6994628178453937,1.750331706367036,-1.4916982226143003,0.2862022307739731,-0.5131413657274978,-8.462191636894808,0.5285345140459137,3.0124206094283483
-0.0942085171871929,3.06901921584962,-1.3891613235758085,-1.0602039192810186,0.4882078242692899,-0.3774220982834165,3.0150663667960256,-0.6937218122067088,-3.634669415855902,-0.2471837610445609,-0.759083051305959,0.0148240532386999,3.049215334249358,-0.8803441323860941,-2.507317694811612,0.3805000184310235,-1.0997626924080364,-2.7151558637403648,0.5998020883975854,-0.5714480382922047,0.6114738610049414,0.3512644510269453,-0.4922363723000828,-0.7840968107147409,0.6576452374141284,-1.0098802994512175,3.023439127036609,-0.5018179019790812,0.2394266592829367,2.6768854940752624,0.5357550945116925,-0.1499803900817928,-0.3411039166535402,-1.702477444703527,-0.2502481903342115,1.6785210953395884,-0.2473122093662263,0.2488641010243425,4.999253044396103,0.6888894293515081,-1.3453466584498357
0.049144054362458,1.8330657917050488,-0.593850096828085,0.3101870371013288,0.506230657998656,-0.199517748792422,-3.265135975180165,-2.790696051219871,0.4361221740715174,-0.4276926914659326,-0.1663489691834159,-0.8089646110616768,-1.0202980381531526,-0.7336725826851294,-3.3401585570941346,1.2431919424225766,2.079701127294835,-1.975067686902514,1.5690391880931889,-1.0633376578800915,0.1000998854554827,-1.0908743082611856,-0.4103998972832655,-0.0180892751350158,0.3687678212957768,0.3054873069541233,2.383108802248695,-0.1108096707996919,-0.8337580346843271,-1.7848785756821148,-1.900598463497873,2.118611568928674,-0.7801185323922724,3.9429778515239775,2.3228122533089075,0.0784028469777254,1.2036987480517267,-0.6010458940012768,2.214055451779736,-0.0837248521612768,-0.5761207505529189
0.7096153424820992,-1.362809280345911,1.4474939525889703,-0.4335349741722276,-0.856986419043476,-0.125628249838319,-2.004232149207809,0.1415666145297811,-1.4333937504569592,-1.4836691818197654,-1.8739759950813688,0.6502732030252764,-0.0883912396205969,0.2747657900898793,-0.6776581939122457,0.1522650649900667,1.0288637351609349,-0.3724560759612088,-0.567297985444273,-1.2062091657390093,0.0617592574915059,-1.5900584801443085,2.914697816801536,0.8183154889202241,2.422155162464788,0.3592687543492352,1.1249304474560562,-1.0209205530598469,0.1579752223134388,-3.995493779519302,-0.401428390191612,-2.9593609114447794,1.409475831370996,2.473388751913065,-0.1796315678370862,-0.9712300773419128,-0.462334755727612,-0.3736918531109507,2.899214509063111,0.4194036869357636,1.7792762005961114
-0.4458604226545183,4.455617429898216,0.275022166691033,-0.4388768801375916,-1.1752528323232287,0.3788675648926643,-3.729392487750229,0.1046650595162209,-0.5140926082667855,-0.1272168412415038,-1.6301291516667376,2.086917143732044,1.033083190812928,-0.231747768786996,-0.6331549291418215,1.331122306216518,0.1976575956763738,2.581869864376019,-0.1243535340356983,0.6261656568883684,-2.1475773016581585,-1.0685877787992475,-0.0469965651516386,-1.2410721384809285,-2.964253265177507,-1.6809856058847652,2.9509559759197708,-0.2315784934767869,-0.0715063784828036,-1.1406199409463498,0.6824529866843493,0.315145914968101,-0.4777854239394442,0.9445647615702104,1.6797764833091122,-0.3681629902760307,1.3952505901927896,0.7301592233787305,0.231286476591599,-0.400333021786371,-2.00332734890693
1.2551857755452018,3.870336197471535,-0.0221545442330693,-0.4775843794068559,0.0020646546604106,-0.5261715677293579,1.8497251275216509,2.051686189810785,0.5253923992897236,-0.1344384695991685,5.492086653184353,1.1156380305369735,4.434592346590824,-0.4532061321441604,-0.0538701082956497,1.008175365390382,0.1527155573136466,3.2209405929844586,-1.095717782076795,0.3717904670703746,0.011426135720721,0.4602901409346124,0.1897753436863967,0.641670636467157,-1.0477115947234577,-0.337556852606846,0.6743506941122319,-0.0067515114014232,0.1035999953837177,1.8896593492269664,-2.2346582450153725,-3.0983234937846875,-0.007420687443686,-3.4215130381005454,-0.4500491765941824,-2.060512151645018,0.92093326660422,1.4469350292467429,-2.122272628799266,-0.496800815095181,0.3051042250192415
0.2431812080807409,-2.2966015729709763,-0.5983038442308977,0.6943027234238741,-0.162016508724795,0.150928519356282,-4.544261744551799,4.295946747964012,-1.7019759488061466,-1.2321025632198097,0.526303673006273,2.6286716613520635,3.76516497708688,-0.5311263342688032,-4.492983410937772,-0.3731702954544263,1.4245905981208868,1.7165558809978103,0.174004107029765,-0.4919884199527616,1.2429534166265128,-0.0956946837757719,0.7911746814982641,-2.465395142942905,-1.65573301568626,0.7816285523313644,-0.3604015711682811,-0.1046614012992376,-0.2714160282950511,1.0681976337247474,-5.1336944859969,1.9230809291767028,0.5129731664670667,5.526330142620827,-0.5516112689707577,-0.7188019431464059,-0.1685786159655007,-0.8827362025001364,6.525518990608198,-0.2917237130614086,-1.3933598482796483
-0.1454000785109127,4.077378872301063,-2.0601101189443405,0.0755586216133208,0.4196053536900216,0.5267849947054554,1.6388202338118036,3.723265679043792,0.0289235115148908,1.5248801583984013,5.369244290672531,-3.1969605730894037,13.18203482024908,0.804075245115989,-0.6591002153730389,-0.9236722261399292,0.1079320226813372,1.956752202354714,0.4358311541096096,1.520590400231283,0.8810056404781501,0.2290153213814123,-0.344903934661596,0.62329055680348,-0.0658043554401797,-0.416855975473876,1.8042386076381915,0.6545890112059792,0.0934833106785778,0.4082693459509966,-3.5923301354099446,-6.318830807471041,-2.0199601851774154,-2.0567446753957377,2.5600182405900185,-0.5560246751697862,0.3372247056957902,2.3016310968894045,1.8569661462221747,-0.0129992823822895,-3.5502402764489105
-0.0349918663591487,-1.2883319063347225,-0.1925203234928077,-1.667399783521115,0.5644582140229234,-1.1411873878638736,1.230768621197873,-1.1768664820084185,2.000542837910716,0.9021358754882378,1.061807366916876,-2.0836985237565884,9.065369459991356,0.1243197306467699,-1.009420373884615,0.4837808206613278,-1.136274561603249,0.1535341535445656,0.9927821263952228,2.566619030447834,1.528798466606566,0.808639435902096,-0.0211776291111565,0.1519423169852812,1.0351124316026017,0.8853472448679035,1.2305159994921482,0.3617396818112499,0.9409346974322584,3.678884556960848,-3.5214514997821844,-3.1260899834096985,1.8000346680844412,-1.873444256219892,-0.9181205596170346,0.719045275784169,1.0238359121475729,-0.559422217875075,1.2018161277526012,0.1860328053453825,-2.2287738027853203
-1.1016911002818643,-4.116542248195151,-0.3864591653063196,0.4253983622574153,-3.0024748600614983,1.14486088631195,3.3487381563393077,-0.5674578222942036,-0.2052984547179008,0.1666614103875638,-2.583195024681328,2.993587711039123,-2.831670981047289,-1.5088297440679987,3.2756239282902144,0.4257305961149754,1.4047043786755953,0.8551347037852495,-1.2763092835934875,1.1719761230943817,-0.4429825524379353,1.2763905436509588,0.4358133616844181,-0.4141409682980512,-1.818424674872156,0.3575819643131217,3.1530650258204767,1.342817771504709,-0.1842201590849055,-0.3324804715020977,2.0851137577594008,-1.8142649501367856,1.586057665646102,-0.0703441007050285,-2.185814702684722,-0.9630569043628614,0.2193443737463816,0.9266052739461248,2.9475163961832327,-2.034282010918991,4.3087216910282
-0.867035129119697,-1.256780954896705,0.4254723339249694,-0.6123165780132611,0.5061451730279977,-0.4078582644748562,-1.561673847091543,0.1047902606677975,-0.9099885286775806,-1.1260078261381732,-3.5720054180488283,3.4404655670005906,0.3057993896844659,-0.7158044506958824,4.086575055683741,2.476270228684241,0.3576980486291891,-0.4598516384051494,-0.2689170358276574,-1.649085169093349,1.1504123261624428,0.5392141032268328,-0.4659938681112338,0.3279610811429724,-5.1589192560677,-2.426876121103023,1.7398046812315178,-0.1541336926261329,-0.4976095537571278,0.9912545044569108,-4.306827037091863,3.1971205260855573,-0.893930299012229,0.6278851805883874,-0.5255721137806706,-0.9796582284638412,0.8020568918509938,1.0832909471608123,9.031828582122287,0.0346146274909402,-2.758749570848501
-0.9213827830389484,-0.1241520427898246,-0.1377587472441276,-1.3764490154088298,1.3142769749770602,-0.3387663402012439,-3.0804130428776237,-0.1117484544335851,0.2283129673668918,-1.522055363848776,-0.5916495022848025,1.339225183828508,-2.0316515708491547,1.865606370669216,1.8809197175123569,0.84272619009267,-1.6092344271020071,1.2605866878766845,1.21705990140637,0.4857057558179669,1.2260668334315077,-0.0959847601175161,0.1007169833138053,1.7871768167076385,2.0695723026402644,0.6591721770910016,3.140239463643211,-0.042090102168716,0.1626474892246187,-4.271382009105584,-0.517295907653216,-4.107283403629831,1.5101482103308752,0.6960837185498454,-5.075363962159115,-0.3236474757097071,-1.1208772768943531,-0.934318612264292,0.5740599485456855,-0.2484238828650155,2.8224879808016823
0.1278792212270193,4.448777365139348,0.3408783712038145,1.056419949964636,-0.580665486002232,-0.33837225098063,-2.2968259812015983,0.0237907174148808,-1.8545109869583865,-1.3125577292370068,-1.0977491412079656,3.3290951500308705,-7.887718258657257,-0.0696989801374806,-0.5715624746253878,-0.1138419071986329,-0.4833922549893619,-0.3666727686465001,0.6386801549654513,-0.0809280574565768,-0.9192713000327736,-0.4003341421601832,0.5704782698768558,2.580861504669784,1.7453361431102938,-0.6777645833382915,3.5467940665160684,0.4391312324387308,1.4869138673033453,3.4214220245335083,0.1223225038272248,4.687982130674036,1.3089690809500931,2.7383202714143104,0.67182443668104,-0.6912889305006932,-1.393353938625752,-0.6938071738655668,-4.416227431877389,-0.8124089651666572,2.4716558536503976
0.2128578853953827,-0.8508913215208256,0.9244521557856163,2.031599838151373,-1.4540469987847555,2.080922038004634,0.5162250789637179,3.7920083709066312,0.4941212271558887,-0.1588396911434607,1.9707287995191387,-0.8366310078220598,8.81477900736929,0.118106279184266,-5.78510282683705,-0.267269412651111,0.4040582322008746,2.607359214507221,-0.3895985773923194,0.8933599127314693,1.016883580927027,-0.1091612782403719,2.1131466684459275,-1.1839245225486186,-1.0870662386329468,-0.6823161686551831,-1.830490249559494,0.5842281178925095,0.7772667146958572,1.0646954345223605,-4.4013797427277055,3.854061845920751,1.0736452538174217,-5.998520049455989,2.8148467211184287,0.3146427969104708,-0.3980614066537498,1.0978730704518112,3.3296660686906967,-0.7010884036822822,-0.1529426519028396
1.0898995923903771,-1.5865619819590315,-0.6194654607326456,-1.6604675187030005,-0.2181469439868023,0.210148119690125,-0.7287656935831821,0.1878475125805442,1.5244213731003389,0.1377176133990437,1.509317312331812,-0.699939086214227,3.769806653776657,-0.9092305576039812,-0.908025336626649,0.1303455702877829,-0.1345413641479786,-1.244324043070721,0.7856043094195487,1.5059763828855253,-0.5122062632291521,0.8109269985582372,-0.4806044437136114,0.6170449340157529,-4.054142415120869,0.0036225177172953,0.3089556701932672,0.4708632658338059,1.315703213790666,-0.9934482107604792,0.2383400335472585,-2.921964867554077,0.2478331302214364,-0.795963286018047,-2.187770555725358,0.1227085957510636,-0.0935333500120989,0.61595953925064,4.732457372147009,0.7377247052821301,-1.15085564011635
-0.0538163804553807,-1.3689926737090583,-0.5165326934354509,1.3943432044341897,1.2405799276008769,-1.5750248444763628,-0.0565756741581212,3.6867318786556886,1.424997300909878,1.4313921317980158,-0.2812283138354774,1.8476495445156296,-0.5929208192180546,0.8942610456135172,0.8805548449275442,0.361906312770071,1.0381540397322029,1.6197595674793628,-2.0327006553870173,-0.3202473532481995,1.1536144888495468,0.3753925086731408,-1.550982472405998,-0.5022781527560073,5.896631848377269,-0.6325087344230954,-1.1368803805100542,0.0413422652905409,0.3811336536832603,-0.9362410451775958,2.2968378096860613,2.510689797001754,0.3813755253855069,0.7417968190625759,-3.133306446253904,-1.111141840390058,2.6032027552436965,1.960986251384246,-2.587706203968887,0.9299394323835064,-3.330912018810896
-0.5371784897117627,1.7087526539831783,0.7500795755083529,-0.7914882894282169,-1.770587018855777,0.7682162739155668,-0.6773635396612625,-0.2046446111669519,0.2767747126718603,2.1580685526589707,1.0654975620908314,0.8152938851693149,-6.422902919114592,0.0016356298667606,-4.354158596179795,0.8069074489846378,2.020099883877571,-1.7830386240506133,-2.573190512157039,0.4912207890465927,0.675205489214951,-0.2427013145762657,-0.8180832089027817,-0.1467147243548035,-3.370329451924489,-0.5205311101133553,0.1474408572531739,-1.4178499593268992,-0.1437711821899648,1.3190267298832827,-0.2557060851525162,3.1351366727075547,0.0019249727244097,4.632703866358368,-3.790844178279261,0.3688197014465902,0.5392431694750836,-1.094105943495395,5.326600317294033,-0.9224858828056158,2.1602299823394056
-0.6052039189598916,-3.11831617996002,-1.1225764331887729,1.9419904941664528,0.383952675563958,-0.5890610459590705,1.3066510442322354,-2.110985502470372,-0.5774352100915295,0.0086666254796806,-1.813824082645235,1.2157490557854054,0.2302301784918507,0.0365034613642003,-2.9801882001069258,-1.2794415086013462,0.4079878866743321,-1.757460272223633,1.892809968714867,-0.5481936165190673,1.5402162523484295,0.6571825486211342,-0.589334437647506,0.6538296619786639,2.643016179933325,-0.1048359257355479,0.864980684911192,0.6053715607532751,-0.3428981229875379,4.326709363972514,-1.6819936501737105,1.1069117338543109,-0.4201631661055144,0.5060436563776662,-3.307205952851935,0.3526582578465087,1.2841342312640145,0.0124006271921713,2.567195329044295,0.9361410053402484,1.322686318825833
1.1544023160304195,-3.0293478261053206,1.3772654332577112,-1.5884915429681172,0.5180395797246327,0.5761977980479209,0.7445034954248466,1.707949524701122,-0.5065579057944107,-0.8571774439637663,-0.5603737016508332,1.840664584651828,2.4507596710318578,-1.8805833875047693,6.593864446449734,-0.9806384286458084,-0.5299078940763037,2.852395456374251,-1.8067962221317493,-1.4332506577630597,0.9896308074785514,-1.001993772764156,1.316283375371352,-0.3687140317404787,-0.1553856226607759,-0.2080252916306133,-1.5742956127547107,0.8198599808035196,0.6658516066940838,2.677222907672255,-0.4722157926363813,-2.774874883029571,0.5787629426315545,-2.8675501216316883,-6.555964759547121,0.2071152474968583,0.4265942692631176,0.177903558304115,-1.752856466665609,0.3402314462393423,-2.918364226337524
-0.5900635427873991,0.0604433795960464,-1.6393153788220045,0.8848042246981019,-0.5600546645220321,-0.0479719325192319,-0.6121772231895009,1.533365067797656,-0.5855103673077059,-1.0419815148652134,2.611696255553189,7.312053657288034,-0.0161385481171963,0.4071153069590424,-2.23922190749898,-0.0887051738324563,0.3825850818546084,0.1896921561598052,0.6939661831434341,-0.9494696583471418,-0.7536827605600821,0.6338882728436089,1.1622353293456689,1.106786189897898,-1.4025666458799382,0.4585516354759095,-0.1491329927400935,-0.1641984237320841,0.4757485099284418,3.992044701671415,-2.504804615889223,2.4414250957142585,0.3998093610465515,0.5173738234340004,2.8867987159291277,0.4256208494103568,-0.5460165083462084,0.2843049060757086,0.6703922332352078,0.0657464805789005,-0.2019637809884515
0.7356383113462716,-4.013671907685296,1.414764153235955,1.346104825895262,-0.531947802310594,-0.6577384589416727,-0.5419472947113275,-2.140218332547083,0.3047027234608588,-0.0779447225590808,-2.831867763071233,-0.3858717057770581,4.727093703931395,-0.3867919680957342,0.5962272170111642,-1.136657103536729,-0.2623599765783758,0.5508725051420038,-0.970067255992348,1.0358244265887808,-0.415095522205787,-1.5121811768377489,0.7465007016975063,0.3242052554413542,-1.529001990014902,-1.0380226917628907,1.6798583538161254,-0.1635489800215827,-0.4469804729979683,-2.498244755714643,6.349212187829678,-3.2638152863337933,0.1190351150572214,-3.68089984867764,0.6245667155980423,0.3044543313594784,-0.8641173675605863,0.3837319975861513,-2.635772496886629,0.282448418837253,-1.704972357574012
-0.7336522222740223,-5.488850224266689,-1.5917606679137288,-0.7936915042932255,0.1892447656915719,-2.6302158542502907,1.810624585728223,-2.7502221156083078,-2.746660668636358,-0.6660817059794795,0.6356455616126389,2.6324605342227363,-1.5528858023173584,0.7378899999541328,3.934133507634736,-0.1721983443586565,-0.904763268278916,1.8724788045770613,1.7931884503197713,-0.6586880808165478,0.2564561070964182,1.8170659667866047,0.2702798612146367,0.079749651527137,-0.5635162741312074,-0.986555490442771,1.86210281477597,-1.6220629511547742,-0.8463034953984252,-0.516710092328345,4.068711466303178,-1.9290177276050688,-0.3152714067241276,-2.836114401079098,-4.763046921140416,1.3536275056655305,-2.158429769120574,-0.7540027883757584,-4.627063586815496,0.6323800779585788,1.18252420768424
1.2399809890527298,-4.692703138260659,-0.3977259321662224,0.0124815061552393,-0.1224710484895425,0.800705660308304,1.1104323106272755,1.7525618375049308,-0.815741819868109,-0.2818789387903331,-1.345896631081172,2.555358589990031,-3.4422622434712573,0.8437456618939644,2.1959484294020646,-0.1589234538618448,1.561890602275215,0.3422072008995848,-1.303636719700164,-0.6831698716684446,1.450942209121341,0.5423192381788676,-2.003358029824874,1.6468239270415626,2.8966599973662093,0.0235840127261703,2.9957790360746364,0.8846774996183809,1.0946096109515162,0.5093810376111507,1.3304524291610025,-0.2923393983005852,0.4810866632095258,0.506053964216602,-4.331980120616931,-0.1002843426973563,-1.8112339501810308,1.965841681691644,-0.6236411661459537,-1.187731433804118,4.152936227438306
0.5324327496529744,0.1094695283016158,-1.4837557437739293,0.6796657844769197,0.8979990187551407,-0.0090019398521123,8.013716586443913,-3.157778034709196,0.0216319679949336,0.6727676406268708,-1.3116770300146938,-3.631106320607788,3.4126335648445627,1.0293810357245432,0.7271245913673658,0.2434787639795414,0.4638762831217974,-4.492931176385551,0.3703971909543589,-0.6853611050384143,-0.4105609116234262,1.3593087268076365,-0.4849598068867378,0.5441338252000428,3.3377203498148127,-0.6837961469992921,3.755457997938785,-0.9645973386043478,2.5968914423647376,-0.1486309147119218,3.2009478810697303,-0.2296100448344822,-1.6380818722972577,-4.2242014914053865,1.0596957560360565,-1.3057796103617656,-0.4572005501677001,-0.3029145132448064,4.194204890625007,1.080135359160986,-1.3456242974989143
0.9078736059442388,0.4144885328728586,-0.2547356080540952,-0.5609838707730123,0.7016479029016472,-0.826157345021761,-0.686734440445224,1.4138498733722202,0.7914936955946402,0.8856383900195474,2.607574159003854,3.4912645065305945,10.055484257925242,0.5184327644762748,-0.9470872555514216,-0.4892049059116382,2.098613005104295,3.2534406457617484,0.2106976062856397,-0.1098636181460189,-0.3695518270898105,0.2053548018545483,0.6964070995825098,-0.4512627770075507,-2.590847611070632,0.2194704221052332,2.51649005152436,0.5095035674762773,-0.3583347572537401,0.9431997647875756,-2.822040406806993,-2.437807765107246,0.7166576364775451,-3.0952957461210926,0.3239932815844846,-0.9767553641671516,0.70786893134296,0.9132822428615892,3.112828335354417,-0.820582963011697,-3.6843521369083128
-1.424002011428655,-2.178931338543176,0.0781599820033017,0.3601624690053848,-0.4922038778874308,-0.0343614540275431,-4.182921419531988,2.2626759880320986,-0.8301511038189259,-1.059639491985133,0.9112489720438944,-7.720088816085,5.116102247174369,-0.291061525347526,1.9327932149350917,-0.4020129005170271,0.7920986107239382,4.595541341355715,1.0739901751873897,0.5183828826759792,1.0715454112525205,-0.911380325320252,-0.1831122041448085,0.1873924668394883,0.1134278339442975,-0.2766374072617308,3.033917808757012,-1.962525427349763,-0.0728803204812037,8.490035999463448,-0.7353179696383849,-5.73815705807576,-0.2051020152987293,3.2663993520953807,-0.559936572675672,-0.0987239323036431,-1.1850583349221302,0.3669931002973146,-16.597996409283397,0.999351019994893,3.713563798462258
-0.4417495963553998,-3.1684377330739544,0.3054559217323728,-2.3809425394960195,-0.7011843284754088,-0.0790634376779729,0.4538816995986496,-1.7057721387536775,0.3733979441138963,1.9502024863156664,-2.3594161517873657,0.7824132774404724,2.1618485769267566,-0.2959096422618368,3.512273841070644,0.1999215991781346,-1.7460527191285005,0.3363444881521469,0.2317830365909211,0.8574882168594037,-0.5086797397822621,0.7745855809839663,0.1947237004955171,0.6557720328105238,-1.526039922780167,-1.380839673885875,3.363229239982217,-2.1188095552149764,-1.2834639231679266,-1.5389847216510295,-0.6003349680198251,0.9757969511800624,0.1816002553321154,0.3596284574029433,-4.646404342983637,0.5066051067924922,-0.8743158630547867,0.37331666986584,6.627290942656186,-1.6119073638847534,-3.753507468818294
-0.8184128537271491,-2.0443532854316704,-0.4905102855915801,-0.476192313039714,-1.44852341392773,1.8183742346023424,-0.5794247178161686,-3.4124628961879275,-1.2423132864011406,1.0292678211313435,5.344378280252299,3.649731142241506,-1.1699105729255657,1.9759532717050143,0.5319297052316181,-0.3830635937715749,0.295577423697455,3.4383569423798965,0.6969512378979907,1.174292406275978,0.2075961026741073,0.1763265628957863,0.9610502833065871,-0.3027295207354497,-0.1630821223470014,-1.721816693212867,2.991181727195901,-0.1578594080552807,0.7293609554017267,5.761990512149849,1.1110353315549326,1.2846876279593469,-0.3659203264623389,3.5408255907047907,-4.9931155566774645,0.561597379134402,1.4736455889005688,-0.4793930295676229,-9.561704803635,-0.4874033412037601,-2.6647768967284806
0.758600914988975,5.470068575921836,-0.6569035798593554,-1.0496444891166918,0.8416374585090176,0.5575175550194588,-2.330940913113126,-3.167003762875848,0.0355178911627738,-0.1749818156860871,-2.558471906999875,-2.7242904685238947,-4.561018394701013,-2.7899964675424536,-2.2780586952252206,0.7432825904451542,-0.6029074201996842,-1.242868267421802,-0.2551104835743543,0.7351523646896029,2.053770491518123,0.4484078646681123,1.1641099921662243,-0.1822920013614661,0.216611746542656,1.3284404896603286,-3.4091729316929635,-0.2717468930605147,-1.609890804760724,-1.2044820002693963,4.404426377766651,2.773402081914171,-0.4725894500002168,-4.275501753842006,-0.5983402974543497,-0.5288050894159728,-0.8211346867814582,-0.2176733676553865,-5.11837885161927,0.1929178107895251,-1.3718320127756125
-0.6661581583366609,3.844997499736359,-0.4160977716281344,-0.5489506786614188,1.142971678337352,-1.005749067316675,-1.8138243936309988,1.8286873796814545,-0.5868850117090004,0.1621512551063232,5.181857779514528,-2.3753317274076378,6.276869771977734,-1.1769889063750258,-1.3975872163326253,1.587653839909081,-1.635856223320869,-1.3910005835676509,1.2644542881381342,0.5098794967376452,0.0401231266290016,1.3568006420645835,-0.0289746122070913,-0.0687021799910882,-1.0353152267918313,0.7690693006403356,2.24274424328016,0.6872710537916303,-0.1052408619429294,1.8449298628129545,-2.7504448887498683,-3.041370683669193,0.5206465700632332,-2.891800022929853,4.731088977070755,-1.3074563823836258,-0.1454997653633174,0.996565998303258,-3.4447260714372434,-0.74031481457933,0.2797720513374926
-0.8689369318173447,-0.460169645105419,-1.1914736975686842,0.7613972967584106,0.1885942981245164,-0.6204973137382026,-4.563142358870128,2.4615942582944976,0.2903538510532886,-1.267460719423392,2.7984702095846017,2.741036411875505,-5.456731054759416,1.1884565291126854,-0.9278955197789112,2.0472734335530496,-0.1835881925522963,0.1974603068823872,-1.7352917986516905,0.3130920311907469,-1.2400377302652352,-0.8403476438103485,-0.4768186026258394,-0.2087521406383155,-8.00787240602557,-1.938194991028503,2.6080028077872486,-1.9261581065210505,-1.2106538286891064,4.502871236259908,-1.880784502554476,3.216292950083758,-0.5002701821505855,6.637209971260129,-2.739343058979886,-1.5030163372500809,0.5770821401319863,0.2429102082096668,1.3242044872255954,0.996777000842597,2.0888159175178496
1.0588158119117443,1.838741579005576,1.0623375251087293,2.886565189365091,-1.730784510638817,-0.2960330915576782,-0.0456315242104868,1.5590234197365185,-2.2397265996694222,0.0254941524818144,3.2854973759964605,2.4758406098950423,-3.419976340130357,0.3409670183701641,-1.168337301951736,0.1920017104328133,1.740965618120468,0.7430296822710165,-0.522884241638009,-1.628485076483769,1.7957591982825996,0.0660559463837129,0.0922653170848267,-0.3663117132350479,0.6990770973912561,0.4528005104640984,0.7975564682817654,-0.1678224248712685,0.1518789132062268,3.0809513278644043,0.522352966600629,0.3484183374219651,-0.1246004268424682,-2.2536859726849063,-4.128389279211216,0.1978286059814755,0.8677293421493398,0.6312859502706389,-4.306532738787658,-0.9994566870940432,3.1017577876716738
0.5840699877751009,2.56304737962632,-0.9060802364376418,-0.3759949659016176,-0.8004942968995267,0.990727987209383,-1.2372768134657508,0.0406743207107831,1.4380186472452023,0.2928563598295164,7.186319459939245,0.5822745922953797,2.750205804999815,0.5816179961238088,0.0295848489547219,0.4538619798893978,0.2661137141105167,2.0750430192132105,-0.8910840118933084,1.1722913982635714,0.1657982703312802,0.8570635601833628,-0.3965894441824515,1.3446492358905715,-2.1194915317403997,-0.5226675281734623,2.2561932398644986,0.0040837104631127,-0.4214172097016204,1.5435968496286938,4.504916251484587,-2.006243074999852,1.95216611324708,-0.4463603389450947,0.1485239026008606,-2.37683857994019,0.0273730610828103,0.5888707281069014,-10.183909838122398,1.42172752781357,-3.7853186117970536
-0.3458680318167697,-0.6143142151872937,-0.6382390039113035,-0.302924527426758,-1.0298577681935486,-2.5283660030460804,-0.96404532690545,0.2773389187615727,2.628130807075272,1.9338544359657772,1.0848181657835425,-1.0149255274969216,-1.0378869725423805,1.5805272683428235,-1.0778775984730895,0.1958763261905249,0.8821075750526709,0.5803713876807559,0.7546926107543428,2.243265630454794,0.2913381687846771,-1.8820848724121064,0.020051490462491,-2.304585353165761,-2.623180287935729,-0.5065951572487437,1.2101816944078247,0.2462399469204441,-2.1310814701713072,-3.466717107969269,-0.5069693509764781,-0.3699411555102472,0.7292999493396025,3.7452743805990063,4.54930381458168,-0.5325635192145909,0.2608235914786578,-0.1823668992153977,1.2000262800938024,0.8095402228856923,2.903150644361892
-0.2016486745194434,2.020216024535481,-0.3546183481526125,-0.5595115452037865,-0.5324164940770997,-0.6066171612917334,4.186123010130132,-0.0152674733883,0.1710347027892234,-1.5869904685715988,-0.648533878669064,-0.3592574871188176,-5.8732799655226815,-0.6808370009522787,2.0215763657626464,-1.436272508635137,0.3874995574071029,0.9625361316103054,-0.120753597969172,-0.658624303048565,0.3616037974942496,0.4330085639520067,-0.961473535887162,0.9507888736553226,-0.3493555504550466,0.2333796000792942,2.043652392839816,-1.2068715593494748,-1.4922304784932388,-2.0249687565537373,-0.0139885208409915,-0.6009858795917331,-0.3420849954833673,3.5882678740417195,-5.829943325254941,0.394984028662166,1.8425902206069893,1.4690070317547428,6.730781737905239,0.8545299618304332,2.8999066025308786
-0.697507797596354,4.161317562399292,0.9668181139695372,-0.8223632809717712,0.6418040470143297,-3.4677271863346277,-0.6739037941437437,0.5496194943462733,-1.9770431337308487,0.6530074386923429,1.9478696860001143,0.6373256244447817,-0.0665425429367485,0.8294950367629401,-3.987344654458988,-0.9958692741085896,0.7338918412549932,0.0417429521311003,-0.4657095968580342,-0.0452280703933804,-1.788326684528216,0.0827247775100506,-2.051619162336284,-0.5584690331362814,0.2375889644030179,-0.8369385042618855,2.842026135315643,-2.0028308428593635,2.338717824357946,-0.8292823842206973,-0.2678278911634851,1.913506622212452,2.022553130347025,1.0076517118763344,1.486469769590165,-0.4230786551805422,-0.2487287631724453,-1.1917964334572315,1.4144721755134682,-1.4212153278662378,0.2780286325897363
0.075999215059234,-4.6004230437424765,-0.7198536177111677,-0.2749320317183351,0.2821312881134869,0.031969940417843,0.1331000278886931,1.789646473655149,0.1654099906297169,0.3561477692748979,-0.6545519072203132,-2.564275658507904,-0.0239725289430585,0.0309278888558183,-1.6759817131074055,0.9522335259899422,-1.119703426896189,0.3767708470926312,1.2582206152057858,-0.727832069618121,0.4113461865040675,0.840083725332116,-0.921528662473917,-0.0209553644697011,-5.12978236676088,-0.8371140392765757,-2.578779027661561,-1.0328433834554869,0.323882041682977,-0.1350320326396268,-0.5497385362129388,0.4561722844387197,-1.1545050676199595,-0.096360499257857,-0.6675058873660856,0.2560273153110627,-0.6097063757631436,-0.9812694391435146,3.589910590344084,-0.1588550627903327,3.796768138126168
-0.7616722792427121,0.8466034542629624,-1.046873852186929,0.4963194354010029,2.8417145711571794,1.779712382273502,2.771054705418952,2.875172794840629,0.5454187057933463,-2.760271861339562,-0.2011199607232749,-0.7098346683779055,-1.3421384414508617,-0.3440433116865374,-5.166801923498012,-0.7673286346949467,-2.50719654810172,-3.8278878023749994,-0.0868889808805914,1.90336795095199,-0.7194977816581225,-0.3708593957957385,0.0527302220022542,0.535915375024307,0.0348884888070903,-1.703691671752861,-0.0394931893537802,1.215237233455564,1.5879893148445865,-1.0088187952792689,-0.8228951228011809,0.8114051541416274,1.5724094445622394,1.2817258721119438,-0.5166019763396947,0.8845196765489441,-0.2565266781739796,-1.6600755570761443,10.705607058174364,1.268262634174362,3.501784618225716
-1.0453864349564304,0.064481039825941,0.4158740184993227,0.4608745008885652,-0.2505141259156122,1.5767847153328367,1.9133030204414805,4.5292426343855015,-0.5317537163132505,0.3392873819200603,0.8266442517146518,-0.4920764440936414,0.6680104186464816,-0.0403526286339231,-1.7216235938402065,-0.3442207299438247,0.1598302111127553,-3.718101250038956,-1.00808062926611,-1.3033080764850884,0.3043043222980723,-1.541561419077114,-1.3069551961628785,-1.279909133906037,-0.3892361777958963,0.8849827178447531,-3.018897850637099,-0.6231106394182271,-0.2668554935328426,2.1136542560837714,4.260974782756595,-4.7953163079640815,0.7949313469913805,2.3187682110601777,0.7815861515804612,0.1446078557456719,-0.7515882362753493,-0.2605132397286833,1.648138071889636,0.3112734026771502,0.0081877371514343
2.4133877971900626,0.4613513212019946,-0.3831023637643412,-0.7931460138658176,0.7827161249740855,-1.5845975306552946,0.5430506486382336,2.0866348553369614,-0.9034700081392149,1.1631671646225974,-1.9302181016705544,1.854238048191283,2.7363333026039003,1.0847657068901402,-1.3279179368484086,-1.603163888789334,0.2743201995890265,-2.401120966275796,-1.2743043807385002,-1.018750143634428,-0.6894987296372762,0.1876726982458882,-1.5332751711334178,-0.4945829567187851,-2.10414235098735,2.19944455367484,3.3453361460554363,-0.8660642644681756,-0.1953395645762528,4.33972967370529,-1.676906747024312,-0.2866878478180628,-0.2881747220511879,2.588279954073607,-1.0611964617082368,-0.1845487348038829,2.122933641068855,-0.7329354777802998,8.416308410254805,-2.6506988552598765,-1.048168712457166
1.212150967103132,-2.3507398456562454,0.0291043810084953,-0.5748593366449503,0.5588515914221479,0.2073775049885861,-1.078047905284914,-3.7099587322993575,0.2172579036664348,0.5139004814930839,2.944866230930594,-0.4847739378792086,-3.862792171377253,-1.1457698002678984,1.3040246667871642,-0.3166899917355539,-2.065923795079223,-1.3171030142125415,0.8190598992881529,-0.3445251764899845,2.004703756624678,-0.2974727436715646,-0.6393436396014262,0.5967656624229551,-1.2669976625238055,-1.6524779444108473,2.1417785177256965,0.9678590010096124,-0.0880065169077872,3.3038803967328905,-1.4076677652391296,3.3178663352617166,0.5653796818373835,4.561479442029889,-3.795598200495653,0.8530495988644097,1.6795982389117936,0.035502463293333,-2.5742955364287856,1.3402953723848283,-1.4845672726464487
-0.0069082243268165,-2.6082590603551883,-0.0400151316575872,0.1111892379269633,0.0743909680784399,1.8351752040395397,-0.6821932977244769,-6.719298421810126,0.1649575267222643,-0.2588831775954667,5.962725141323115,-0.1340585317072724,0.4252146079828988,0.6489172554909582,-0.2043116450056503,-0.3337352068457337,0.5662885817772535,1.9845053398489585,-0.3565192824550396,0.2391493789080855,-0.1335830607916283,-1.5249476601219123,-0.0678285575610255,-2.0477487591405668,-1.8157854280320995,-2.1884426799859003,-0.9371019793007334,0.5093968439730046,0.043935346816746,2.895949979206618,1.45370823259,-0.7940601920033983,-0.6661694739747505,0.3836059298996319,-0.5733667259751828,0.9764424411287468,0.3813409362272688,-0.2851252633095382,-11.766327815248472,-0.8777648788269791,-2.044738502677278
-1.0777541462551568,1.1137454295843483,-0.9791150421148734,-1.5605442460231316,0.9756854683987146,1.455679057490116,0.3574063111576964,-0.2871492611947472,-0.2364099067953857,-0.8149121328593222,3.898231519318665,-0.9562875465925328,6.922019145861994,-0.2845492742186793,-0.6520528829776434,-0.6774065993887302,-1.5463374827429437,3.61446687700334,1.4140363670768397,-0.8619676807756057,-1.331596109536121,0.2743150744085957,-0.0527694241609355,-0.5806506694343199,3.24373003065906,-1.6177205415264218,-0.1199988752793552,-0.169080933018605,0.1871119337552527,5.356139189032952,-2.924656812011426,1.168344235522382,-1.3641115680237592,-2.922055995605379,-1.102209629756027,-2.0216123048698567,-1.023243660069021,-0.3678324753262579,-7.770863846613087,1.5493870346822651,-4.183951154200569
-1.4643178717587293,-0.8740069952676526,1.3652022570379323,-1.333412723812481,-0.7959761179869494,1.3277827299623006,3.661434696166867,-2.536133183095337,-1.3154042320275825,1.5754692054615915,-2.160702973000418,-0.2179205642862507,4.337799830531242,0.4120041460912934,0.5319984425578608,-0.6052528086726896,-0.7128234985183296,-2.774020756355414,0.0733094312724165,0.7039717792854133,-0.5569501537266258,-0.3868063705946013,0.5832770652213444,-1.7453606890988975,0.9182291937467768,0.7416670353603405,2.3765382499738106,-1.6645887368005596,-0.7875452755517803,1.3702110037056607,0.5466715085494973,-0.4385445925281128,-0.4996153915893355,-1.7224419764252743,-0.4373220531432509,-1.6184373883275431,-0.550609313108285,-0.9570584581823064,5.590107760424047,-0.0304716315306385,-3.347801731886043
-0.532636652003215,-1.5898836233511418,0.6642542449217472,0.4123946968618972,0.2729426166429464,0.1171908732122868,-3.660864415374255,1.996067197361798,0.3942294744015049,-0.5304401199868242,-1.121508174401414,1.1130495282671706,-1.5137370882512435,1.4255281525187942,0.1081036312972625,1.2725265806535098,-0.9759922692338372,0.373513809380949,-0.2366942734191094,1.056421461382914,-0.6323881029371127,-0.4217862748219278,1.734575833996062,-0.9283239433700324,5.718086843872371,1.0146777590150382,-0.3324957207471795,-0.8872299899795069,-0.3101354244594915,0.8030825018179668,-3.034347627678938,4.525049428055797,0.0562041113859611,-2.037890435539919,-3.431235922191643,-0.9964191247323696,-0.5410751778146273,-1.5068085696455962,-3.0460169984978367,0.2325483915911727,0.0319638755076612
-0.8698281912658283,-1.9689958145677595,0.2118300761442158,-0.8944668568927345,0.3826348906560237,0.1369992357553822,-2.6168321693825947,0.0677169409027064,0.4053843749637479,-1.0961411980878095,-0.1613309074848317,1.2201585101348291,2.3115998689553146,0.0075691907594008,-3.4556251135360405,0.4683076263353801,-0.818445788488674,-0.0333979814734035,0.0949213357034389,-1.2237763091171696,-1.2960495582227962,-0.6353883365634188,-1.0975097173498738,-2.1678036909885363,0.5061328206871946,-0.6033402543800434,-1.4141657982837217,-2.4232945515442657,-0.0345965863181948,-2.067283791656008,2.2736695534595333,0.2660945905517364,1.2004859460605892,0.5284883998617651,-2.378063027824377,-0.2921771357108416,1.8122365813892785,-0.6021686352872457,1.5291199902052326,-0.6015446268922426,-3.5101463527367924
-0.8473966625507693,-1.6319112528272468,-0.0701204250148893,-0.1665788294049717,-2.091518280072451,0.9900106481775508,-1.1273419026299427,-0.869460751823899,1.5105668244511488,-0.780344841076021,-1.8217580988154236,0.7914942603009827,-1.2783983016166474,0.1575245630837633,-1.7636155469826271,-0.3578479883371053,0.8867337166481145,2.3602481910378925,0.228060502797586,-1.6021797641326243,-0.8479749027605836,-0.214850726369972,-0.2522925216202543,-0.8224779546055594,-0.2084268432293213,-1.8669258097205432,1.9587156921060176,0.4265314002597892,-2.8756792369511404,-0.2931716185419053,2.2281866278235896,0.68713319477076,0.2582727448048939,4.365971788082535,-3.680035130416441,1.57492774233745,-0.0582483810630193,-1.363081580169231,0.5242803128396821,-1.0126036998757415,-0.4381153553106618
-0.3193038814696435,-2.734616721812069,0.4638355070403084,0.2053944651913095,1.237937346257416,0.6285614807166502,-0.8698967654771478,3.344770900211288,0.829568840799088,1.0589609647988685,-0.0209237060189897,0.5422799057751124,1.4428155116751833,-0.8257143454865913,0.6968901026077672,-1.5902763134532587,-0.3457583471823321,3.702418821394311,1.5022011903115935,-5.046305305124578e-05,-1.3709805505798385,1.255210711080638,-0.9945456616922312,0.6635363502796252,0.899957213341062,0.1973790649142689,-2.8280282956187497,1.928186334211428,-1.5307042653485163,1.8765515607792125,-2.76619437850282,0.527877217817035,0.8348305946185427,-1.006682984796642,4.178713518174897,-0.6660254446861781,-0.6181374111838496,-0.1889114937189856,-5.838653907938254,-0.7349369211190867,3.180544330077928
0.0932503691739723,0.4487291239531519,-0.3351005704937171,-0.3362604302993671,0.3865074458111055,1.1697376190731634,-0.6169170492677103,5.562269493216236,1.7582688146029,1.810152776239396,-3.004846717785794,-1.466879486164652,-3.5696857650739635,0.8782869340836662,-3.478658958573305,0.894072698098992,0.6819792071328187,-2.850884366246209,-0.1276873427440891,0.7621149927425824,0.4072900690167614,-0.2485137042574772,-0.2275606055574595,-0.0937130198932266,-2.4091725092950345,1.7213357732876549,0.6601459679420001,-0.0291496955528823,-0.7994336721103315,-0.3229820834084165,-0.439990738975022,3.6791622043983336,1.315785431735241,3.7133261951468777,-2.392542471078927,-0.972377230924038,-0.1574299561262398,-1.3709274969279972,11.026837761952429,-0.2363887303897753,2.6944308876557037
0.7679286435269023,-2.357939369375069,0.6213920821755753,0.4118364408924087,0.4321199432093785,0.8053463699786501,-0.7102580705149635,-0.1505661668668627,0.6209565947311597,1.3452701005400678,-1.9578068132184236,1.1078007046757374,-5.285567596242145,1.9928351639173807,-0.6109022530941931,-0.5102044510866589,0.0210273132884736,-3.4385784547794067,-0.0063700289176582,0.5940781179979311,-0.1650666160948724,1.1880260007294337,0.1754630606215644,-1.258593045352193,1.4739236328048553,-0.2295801329826515,-0.065478895281978,-0.9644763219148504,-0.8150182473647348,-1.7807496264368057,3.5872502393139425,0.2565146111345744,1.5568712180741653,0.517601181820736,-0.7495172562305374,-0.4004770332704855,1.3490877822786558,0.0849251195341811,0.2186050081095485,0.3145313443074601,2.705097895241328
0.7801024219677821,1.5160292454541278,1.1582670116884604,-0.0037828051004009,0.5156370166859888,0.6991765423023877,6.883290432401433,-0.2903486851157115,0.0990955439644577,-0.7338334775500152,-2.70650784739827,1.9062180236736943,1.2873780722459678,0.8158304972473377,-3.465767574765703,-0.7186714826764287,1.5159091537340708,-6.072367417553557,1.422565686397524,1.3043395963362043,-0.4092143784701153,1.0228127495021488,0.5341963340357375,-0.0338026775300624,5.162124880794679,-0.0856726286364918,0.1223284305487706,-0.2217344788154331,0.8385605646810087,3.003039590926292,-0.1106497999897192,1.414960950499379,0.1580153221328358,-3.72185208800858,-1.7544292786007647,0.2479692155493294,0.7012360597847843,0.1651384024665094,10.700762863764428,0.3436000289144281,-0.8713201429449846
-0.2227731088150732,-3.3160902569756194,0.757941697675871,-0.9525392188611498,0.8980587501205888,-1.405738917371146,-1.8949619650928435,2.802631915944439,0.5047113663140712,-0.8566831972014358,-2.1356741447088288,-4.388443355880217,1.0808926706262172,-0.707225270076746,2.609927240721849,3.372543875088795,1.3184478306497935,5.354407961118064,1.2272623583275806,-0.0635266207853771,1.7528383701734795,-2.2159061978248142,0.3702728085312148,-0.9861827032856108,-4.753681447044899,-0.5403234482136555,-0.4448138900399463,-0.9610349560943288,-0.730901190386538,4.8329416550071125,1.0761104541961344,0.4040105784521326,0.9794389006145572,-1.0408353453183552,2.7329663347766338,1.0002602236525016,-0.4662210659991046,0.0867749439956083,-11.045846331629177,-0.3419531326683648,4.290445389651039
-0.0161197297761964,2.0022231139446696,-0.5924159312734177,1.4864634035519844,1.2261685446002235,-0.3273503633014825,-2.791988762909222,2.180181022636747,0.6590624070730986,-0.4665398732028118,3.0049417047327447,0.3891686779694151,4.831819507006106,-1.5146936694542956,-2.081887675028772,-1.915919057321653,-0.4429365416558949,2.1617700620550746,0.5900338600365004,0.5094732613488118,-0.5627530498246239,-1.0341077175881892,-0.6530769839815443,-0.5387250893738275,0.8252552681821919,-1.05464257900353,-1.7412901023636589,-0.8401307678263134,-1.4851185798760291,1.332720804518444,-3.414316820482336,-2.042458909440463,-0.3273239193135014,-3.370712741575861,-2.2808099523910643,-0.6108299493622167,0.9069800938024732,0.7814710216006834,-1.999435356325955,0.3069304036928096,-0.796652497887486
0.6822780944133839,-3.89674870058155,-0.9613765227556988,0.9070722679203398,-0.3266182227107569,0.026776746698948,2.6623694223799097,-1.1965766852282216,0.0077607896617352,-0.6126740863898262,1.1973598827463217,0.0017388021850814,6.904757054171616,1.3782929011522247,-1.7250226929733612,0.9174650494818152,0.7047459772452143,-0.9625311152390256,0.5971696816630497,1.785060085877512,1.744732200513425,-0.0127672162091497,0.4431091350925247,-0.1161686405283627,0.6239374220333596,1.222375957962304,2.564254703574673,-1.230364847339163,2.3329650199340186,2.23254406049063,-0.8598204252233546,1.525316836598137,2.024938982717208,-0.1259530264348956,-1.9684484553215404,-0.013306058924639,0.4052352351012189,-0.3456312887213892,4.77042358276406,-1.3489206812644745,-4.46460489521628
2.8181435671494874,-2.718206033961757,-0.3736575823481843,0.3576112985074038,-0.9456504144686966,-0.4194262348408735,1.8983572104182984,0.6004734280294793,0.1679268421148791,1.038122157276099,0.8018989980749271,3.3517616809084805,1.976731432583542,1.2653909200971187,-0.538931786954671,0.0283550265163443,1.929388562793634,3.1471748848697154,-0.1682431144028944,-0.345204549256439,0.7623030560185493,0.5511666202543418,0.6608580591250086,-1.055223102375772,-4.585162502731514,-0.4130454825458597,-0.1050518962337754,0.0685011217751676,0.2018472941818726,-1.2967870250137672,-2.539395909074376,0.2951093375430822,1.8310573702143933,0.4563006901754416,1.6001107386150155,-0.3310427645865115,0.299134698827823,-0.5999038787494286,6.039222169682095,-2.551438348807764,1.5856183943404014
-0.1175451691212799,-0.712231693746648,-1.2480866862058777,0.6032299602210249,-0.6721714831667521,-0.5295165681328011,0.187769372666877,-0.1100101502716066,0.2049739302660973,0.7307119174986639,2.0810268446891698,1.8906227755522156,-0.1774487709454142,0.1021480591412922,2.6303630827214546,0.7603502814973677,0.5416501180531808,-1.5896414484674724,-1.1645217072570937,1.701087089988964,0.5301439933100658,-0.159363914779794,-0.0139385149191268,-1.1064182073546822,-0.9066450262891018,0.3600602441438143,0.9088288685820092,-1.0437562545493773,-0.7383748021774966,-0.5537029955475812,0.1730488056126833,-4.68871043479969,0.9033393333690772,2.598290004179135,-1.7320157560960614,1.5634981152896636,-1.7321271376400769,0.2790177082231915,2.006137576061581,-2.0648775507583665,-0.7188381720797219
-1.3369142654813273,-2.7384843800995373,0.4960266680521929,0.2296524433679936,-0.3121791027647502,-0.1741636106499862,-1.3788221076531442,-1.7398655446388045,1.4242745271134578,-0.1746879662456925,0.5373645669356557,-2.552618320420721,3.8448008056347462,0.2155607235289517,0.1348126475110719,-1.8561457219277189,-0.2316849517267435,2.0472049777774903,0.3023029181007818,0.0243208092186749,-1.2039443998098267,-0.5754626254170838,-0.2493798288018178,0.662771890973561,-1.6202287355422276,-0.2465423934686577,-1.0555021783633425,-1.993832791690913,-0.7804922429000971,-0.2287986604719268,-0.0181809816765663,-1.1666343101321153,-0.240473745558144,1.7717809589547004,4.902927923007018,2.1946273862222245,0.1835194384715824,-0.2609955351138163,-5.215734711759112,-1.281162279686335,-1.0975637591869891
-0.0527863548679082,-0.5651136653679518,-0.6895195489939362,-1.4932040691722206,1.7378280892184963,-1.8648658245065752,2.986957621444535,-0.1450380204676773,-0.0928657228387375,-0.3345676913393947,-1.038716308393265,5.424613298234721,2.970145596422615,-1.5197532371667843,-0.2148433079187092,0.5397816355870024,0.8495163202786831,-2.9159374119193187,1.2862878061662897,-1.5439926748200623,-0.1514555844067923,0.1241150956218078,2.6899397276526047,-0.3738132648560464,3.615755438881921,0.7090205578754081,-0.3438229110676352,0.3997642894367237,-0.2976800045453643,3.745811379921397,-2.3694257293101013,0.1513435097011646,-1.511318309196282,-5.66548936770786,0.4995531317043788,0.6667345308993882,-0.6987871673854151,-0.5361737728747433,3.803032393442901,0.0418909078217516,-0.8203012735277955
0.3126326331979329,-2.186438815471644,-0.4998593803298946,0.2889361994029899,0.1006517400524235,1.1343355603853311,-2.310028601042819,1.5676376407448855,1.1509794379918787,0.0249559856605521,2.4569012022433787,2.0601216539728204,8.075246699836491,0.7765452253392726,-3.143223509010536,1.03863469221462,0.1845677476028738,4.883455269139831,0.6673421829897206,0.8815564398667763,-0.6911426285723445,0.8286346231908154,-1.8735308282803933,-0.3248465635708173,-0.4771387205939006,-0.83195954133645,-1.2523021249209978,0.6636484902136875,1.00404506395841,-0.2029410366050263,0.5728592857907466,-3.394389377019836,-1.8329794031412936,-2.210430591280786,-2.0274332917276805,2.4196981261754598,-0.1424247701619163,-1.6562735691512582,-2.861526198819922,1.4114853380199592,-2.477753976443549
-0.3669181339258747,0.6098670484832904,1.2781025007712885,-0.322316294507146,-0.2501704474562299,-0.516530771026339,1.922380755755398,3.949931262744675,-0.4386259926235853,-0.3053571043108058,-0.0282711049062873,-1.0437307432259604,2.5349582430014648,-0.5190953485736336,1.0059355882184635,0.2930713852986699,-0.8543983381980379,-1.9423446474585224,-0.3071374795769623,-0.2807069218210534,0.5851899557154421,-1.3359049018186464,0.452716289308285,-1.2514305269390544,-2.481061247780964,0.5499241324580626,3.4638835275364896,0.8281201483956392,0.6826521355871843,1.119200159610046,-0.4357934860277707,-0.2939599965388952,2.289689618879214,1.2071322755372682,1.493761608165496,-0.0279622463031371,-0.1568397505664213,0.1476135167273588,6.262669715586348,0.7182836001217922,0.0558838210495321
-0.895366949605322,-3.4813150509600144,2.128097871353533,0.8115404378323584,-0.8708688753462104,0.9091838463394372,-0.092210135446406,-1.540326984514896,1.8511080272967588,1.7654658087126975,0.98684033184011,-2.241467212173021,1.2245568744196833,1.297750735964537,1.4910488959285817,0.8569912892451098,0.3722360387129226,3.834965347250937,-0.5285728290136572,-1.4412597777725638,-0.6405749330546461,-1.2122274036503466,-0.6205003104458376,-0.8736752037057574,4.131591307335342,0.7966785774704495,-2.76996110934322,0.3786073469926789,-0.0572451662736161,-1.3101673073310207,0.4877190807308393,-3.55617935022839,2.010949250689455,3.736371597093992,-0.3786496315145886,1.3182154876236571,-0.5515497381267126,0.5262077727908259,-7.904173659986518,-1.8279193332426145,-0.5236998623859344
-0.6443850528634292,1.5219702176999053,-1.5879709866595255,0.3984061585264699,-0.9519117446836322,0.9858529183278638,-1.4569185663634112,1.2758268235987762,-0.6141282502706195,0.848638426284341,0.8057821926444625,3.262024237228373,-2.2365356609808464,-1.3800638625325603,2.401524182419561,-0.3578018161262249,-0.7082269783272024,2.060976495450567,-0.7600542800094235,-0.5402396205248546,-0.3439795959033335,1.2735646502179705,0.8517971297172594,2.4163525014759517,0.1589607139228416,1.6201163139079433,-0.146392693609259,-1.4273515143075248,1.3542781235500032,4.649878279961757,-5.628780445410219,0.9436669380786754,-0.1119473657381376,-3.928855244093103,-2.112003627335389,-1.2898677528377849,0.7514875179831968,-0.2531501008331277,-3.431511333422624,-0.8068772771243772,3.821567270691461
-0.1435156296169063,-3.488642169895943,0.3171022086944932,0.802894621401628,1.0317791107116543,1.4735744128454116,2.796574901106087,4.141448622437641,-0.5812442185687755,0.1787147015297255,3.3011280300684485,-0.156886882065743,-1.4762003774924402,0.7074661067319802,2.6618253539659733,-0.7690788739021189,1.2098726504212698,-3.818176221600269,0.2994450593868681,2.3436470767306554,-0.0009258971375718,0.0974896739702745,0.9505050077356496,-1.0479662757735884,0.2997205424984008,0.534440981423404,-0.815700985185192,1.3915066619532437,-1.149993957849909,-0.5711218511940404,-4.95646468067049,-3.2091332298481814,-0.4738961848925979,5.121748310366442,0.0074760164219431,1.9415681887409912,-0.970235759786098,-0.7676391804662813,8.168993310641186,1.2311823204332766,3.5035968424359907
0.232804815150166,2.373214814721423,0.0978728550471448,-0.1199683553086889,-0.6857625613800759,0.0926221000572238,-0.8855903112725854,1.5271246204051598,0.1295079775561629,1.6113089982334745,-2.1861972849559974,-1.1318656348181702,-1.4343719675154714,-0.0128947618983373,2.606849951041813,0.4143153440564715,1.4231089218307376,1.046985276859828,-1.2580079430331683,-1.7062066349017424,-0.6010217482158726,-0.497477891855109,0.9955732940226296,-0.8085515540313151,-1.858945777970809,0.692414614096516,0.8310700395623528,-0.2310963564194774,1.4300665913315047,0.6199036351628833,2.9713158597586284,0.075392265751045,1.8383248666364984,-2.3849914011124445,-1.979460431849366,-0.2300177656438951,0.9011341781630752,-0.7308187301547304,-2.567433560495358,0.1737213198957927,-0.2868025723139209
-1.4740075192282174,-3.438835525262559,-1.7477256671733146,-1.0300597654613306,0.2243354070046138,0.0818015114088013,-0.8972249455145649,0.515965614763993,-0.7564427101355914,-0.0271474449163673,2.12393398859829,-1.9773584250758247,9.407518619089528,0.5316756055545683,-3.918454771694201,-1.058149970250943,-0.7029979000134482,2.725413159757399,0.3676254241064943,0.2725723120968186,0.5380932308584312,-0.6515080028013425,1.6971973675828704,1.674104024825397,1.020164803040815,0.983866383755395,-1.2964141278105743,0.430761040329695,1.0267699916515252,-4.60199148906251,2.329440050663762,-1.599113656861995,0.0640217441629992,-4.949866752223751,2.4162077156777304,-0.1183966994611049,-0.5006605795696848,0.5965253433302169,-2.84041686078765,-0.4781438957137002,-2.2965673980183907
1.9171807743468927,0.2231773264164733,-0.2866939764463334,-0.5315945749890589,1.2023736864621417,-0.446048273174343,-2.993996039457977,0.986989267015629,-1.112564382226443,-0.6828429721714885,2.5024632785233774,-1.2810484061616203,2.751267382869667,1.5866249694072505,1.876203857006964,2.0889526149477016,-2.477607327430384,-0.595069075298595,0.8679108296518527,0.5306117991381439,-1.2599781629608129,0.2265257390769795,1.6371832176954064,-0.6497270051121792,2.001892893883785,0.8950841605082263,0.8325479042877855,0.0551767185040708,-1.2401178562038973,0.0149550803944743,-1.279715464357758,-2.8538119620243907,-0.0205286864409865,2.737500987857281,-4.491264150652369,-2.292077541276288,-1.0184215969524772,-0.8679354786687973,-0.8666406123408746,0.5346565250045288,-4.349646278333152
0.021866817724314,-3.82380271106436,-0.8239825348513108,2.0987929063572586,-0.3237417273812214,-1.4216634346077603,0.7220627645776825,-2.1039946720219893,-1.58884494607405,1.5996947918256603,1.65495280118401,4.025133705882443,5.956854234991226,0.5899236523142065,-5.963317678051335,-2.4778406065640666,-0.4133170857475127,4.411515028743944,-0.6400868068803222,-0.1802348310296497,-1.0784848415154566,-0.1597748493181911,-0.189983708435229,-1.191925959294872,3.548051359621975,-1.386460907013695,-4.935721994650268,1.9165958087567332,-0.4431611490905305,1.444371948679684,-2.0886766759398085,-0.1989467003491232,-0.0385186990524258,0.3615811101786095,1.0813805214006926,0.2795402331795008,0.3574186521648653,1.348707914034374,-2.2174437486400915,0.1936848394125173,-2.30600605683849
-1.3516772980727103,-2.3693915955405656,-0.1602216438810074,0.4988290509582136,-1.708985431173896,0.8291131947873179,2.0892440881002776,4.534486628183898,-0.7038849296411226,0.1399494099961914,0.1617864832947397,0.2126431213754096,-6.1459550832619945,-1.226039410360624,2.16645878665004,-2.933192107177569,-2.325786382021968,-1.4047526200563,0.3418231184497062,1.8419091294167436,0.5903134986453669,-1.395822253445957,1.2271731764241167,1.2036844445098025,-0.2810850467583768,-0.2065059738515484,0.7678614957045562,-0.3284286266585583,0.8097765764073157,1.8493605450613737,-2.749914649073656,1.229999546884403,-0.6130811752978326,0.6613753642823628,1.103915006495911,0.4609701069338661,-1.1951871122735198,-0.3921469784605224,1.2008252170609444,0.2411282061048575,8.795888352617624
-0.5958988683908628,1.909823920602672,-0.1285211856166611,-1.0645509062454317,-0.7447356258451767,0.5997213676897496,3.5112487611734564,1.0168093436024452,0.1625233392576506,-1.682250527302952,0.2390791335668749,-2.2191806868881345,2.6737216983189382,-0.1105552196901112,-4.379273315745757,-2.1516247207542043,-0.1655992650234234,-2.5169660950667265,-2.228940492863202,0.3102665443541577,0.1671593690659514,0.1233572284989026,-0.3247836922038955,2.7445788695756077,0.2042723575394138,-0.832025507380673,2.780598930209006,-1.5231741940534065,0.5810072683209756,-3.0125697725766454,2.562372561282696,3.3274320333006133,-1.549662990348978,-1.6645680272112324,1.5466923096578742,-0.9981381732302,1.4165638991481486,-1.4407632545679323,7.518231788636741,-0.0984437197658538,-1.5075910101121353
-1.022359298873369,0.4738672345418586,-2.067219672083213,-2.2234868549586464,1.3704188258275365,0.0097112563412347,-0.8731111892452501,-1.625309752530197,-0.1326832652989105,-0.0934882011797418,-5.229720072890287,1.5683586634294857,-4.361478640172885,-0.7994157608201923,0.9411998260824224,0.6675587159180117,-0.2122217242538935,0.5358220046167996,0.2857071218072996,0.4111144459590009,-2.220658041928222,0.913833083737024,1.1695331161001736,1.563273592198481,2.0830857859882506,1.6294779059855844,2.6319732023706943,0.4360736229408223,-0.5743598675592789,-3.048437923426936,6.404750355667096,1.3208167127450472,0.685513541105187,0.0752137743426412,-1.3689931859708424,-0.3296345488247197,0.4611728163447274,0.4508409729897002,-2.052802217246297,0.6917725914799804,-0.4083508810666567
1.0018935377682965,-1.9961329741651024,-0.8489056347444012,1.411017533810593,1.4068279649634403,-0.3486304823896535,1.053466673456131,3.658267470899075,0.1501933368968961,-1.2194527150757626,-1.8752394016822145,-3.564401020976251,0.7584239148854388,0.2946400732589444,1.9417754327978225,-1.6348483405542031,-0.3416787136945463,2.947330598164316,-0.1900282512956934,-0.6569505987017,-1.0023862550035023,1.3144469327914798,1.0359741436290244,-0.0729121872027641,0.1224539857144615,0.504736980313455,-3.2251344939352435,0.4289657821679748,-0.6041494663274624,6.9554307323886,-4.824222109993947,-0.7264960739446391,0.0717896635534613,-2.004491951533831,5.77077724854227,-0.079620596389434,1.5184667367915474,0.4361497642856086,-8.275150990239613,0.0856572235168392,7.854499607528836
0.6728123272299651,2.713847410013956,-0.1739645548950488,0.8708983106295002,-0.9742565450384983,-0.4720116955372496,-0.9756493855520132,-4.42115475955581,0.7607643863166652,0.3360896579520739,-6.4300472821369,-2.3836252113227694,5.429761964709476,-0.2373126149971169,0.6864884487088689,-0.2174925153326096,0.6313390029607625,6.617149883038363,1.492424408500534,-0.1701861197245167,0.6788236236946149,-1.520836321854789,0.3197357282501233,1.181589528863656,-0.180850199474529,0.9271365155662882,3.460648488963381,0.7667357671828723,-1.957505622011696,-0.3815446027086345,2.36951868968932,-1.3707092223504995,0.9433645987531571,-0.3034535097578716,0.1287988808132198,-0.5945909338847531,0.6279252395358214,1.15822057773569,-3.7947651780724265,-0.063905313022375,-3.467076120153407
0.1885932931714808,1.196472955129611,-1.4331888981931586,-0.5211970316216277,0.1126572789532735,1.030544753297649,3.63417905312486,0.938351780397062,-0.8907678834230849,-0.781722654742745,-0.3922919516165748,-2.6995544357492336,-1.7997531895239869,0.0778283818230039,0.905787721776608,-0.753104468896115,-1.3220599340315926,3.401449338345816,-0.7646093040447534,-0.2714712303020151,-0.7089146592523735,0.200466217792481,-0.2276368185354854,1.1485273599587655,-0.8594219305222558,0.8264164908012263,1.4163542219696144,-1.6559248982418189,1.6074859807939978,0.6485225098326322,-2.7102031624122502,0.9486116931968134,0.3902736345290614,2.3077837321146357,-0.7700294097635065,0.0350315959703762,-0.8280835216536458,-0.2031177981881231,2.1018595029727187,0.4347026718500033,4.096646378101815
2.4360069329520635,-0.3905367309090464,-0.7754762771472365,0.6462449091280813,0.2945899097487731,-0.4827141156218034,-2.9226887232817416,1.257809009333011,0.8495072660114316,-0.637695861218271,0.5267578586032802,-0.0745286300133973,3.838739852852732,-0.3113149761617097,-1.2075276506581163,1.9523537670050528,-0.7711202813203668,-3.397287797728349,3.229206819572973,-2.579308685791624,-1.023993426964975,0.0114773171885857,-0.4497808376798607,-0.1792682250154899,2.368242914448231,0.6985774252165036,0.4641117148509519,1.8431086280178297,-1.0679160345593357,1.873457204386564,-1.0431376748527432,0.6045413266617906,-0.1853975254697243,-5.48256497124387,4.33268214446696,-0.487759492486588,-0.2136483520693491,0.2750437048900015,-4.137464435606576,-0.3382073739243921,0.0280134529120161
-0.1402519344932381,0.637052473936615,-1.15696078749946,-1.6091833190204707,-0.3776817804447041,0.893331239002951,2.783936599280652,-1.3861523869633383,-0.681413469770991,-0.2374436181645241,0.9438689059650082,3.0106504180828506,2.990513255406476,-1.380094591890579,-1.9027401478175725,-0.171617185182182,0.1340312925937765,-3.466013381993182,1.315408333129268,-0.0585035067485585,-1.693781678289767,0.0696841662223885,-0.8768982390294214,0.6377233501355275,2.0279260939436603,-0.8055228032966917,1.0414599137332123,0.5221584911776379,-0.4006477122803794,4.123666383130587,-2.030399197756973,0.5114674001370826,1.1953018888200375,-2.780571168965768,-1.810453717018898,0.364726437272039,0.7635941051328115,1.5507077622901306,4.948501309096476,0.14984175156054,-2.2927244967545635
0.6026084372895341,-1.734531968064049,-0.3793963600338126,-0.8915203503607532,0.8377255946154469,0.2225571270861659,-4.498887494283807,0.3911143811102191,1.0602224057270957,0.029189872768745,0.4945857989991227,2.9223221115052223,1.176986208463543,-0.969220086797992,2.830769700309986,-0.1908902252116242,-0.283772798126389,-0.2999690070518219,-1.8250413631165123,0.3167262412182156,-0.104500992038329,-0.0665218931834448,-0.5439567237658391,1.2357212463269245,1.3465053764058434,2.4383777788205574,-0.0663584351250026,1.208101978466452,0.4011053926831945,4.29205494464378,-3.907105760509961,1.6983051374957665,-1.1342862253414925,-5.243521145289227,-0.1530644553865282,1.0247041557865644,-0.0753433156815174,3.483846213825178,-6.694750953463107,1.5989259852538469,-0.3020822828075961
1.731713127671429,-2.5424264825927594,0.4552488077840501,-0.1515463192858095,-0.8645063552659574,1.030504215092475,0.6820060067440552,1.5303400819372035,0.3898448914214594,-0.2677961084234442,1.52293643621742,-1.258184006669249,1.114065550595541,0.6169034219786979,0.2489755017226027,-0.6831218097796383,-1.3923649526598405,-0.1602109220131718,0.7351058717337744,0.8275878282308721,1.7595530174566818,-0.0034863120630857,0.9508201364069988,-0.1835814277626392,-2.2197652968576493,-0.7555577472872534,1.2801937500356568,-0.8345589291596313,-0.4569132942883387,-1.3880863792631044,-0.6567125252410811,1.2955870203926532,0.7051478303758857,2.910048407763381,2.16792115717398,2.174937720697467,-2.2429852384470075,-0.0043842797297015,2.882986847212559,-1.3090080443944736,-0.0215881878228871
0.2012869153640815,-4.253258522945539,-0.1500113277047808,-0.4937545916542847,1.6105020859001775,0.5354278006082435,3.9416204140303854,0.0639694979042737,0.2554544286154099,0.5098430605661262,-1.6696473981338895,0.2779610066103326,3.1639480537735265,-0.9929851375682948,2.08720397192765,-1.3526881862381543,-0.0803598251003074,-0.6090281524046985,-0.5087096806932228,1.4669601929000091,0.2086027995754715,-0.4002214952011259,-1.290275549617797,-0.655809548610948,-1.1907707986121867,-0.4313170318761414,2.0843883044005094,-0.3219125063271135,-0.2057502892905606,-2.236074323438671,0.776214149347294,-2.725018807593355,-1.6838003410014932,-2.9641046161849385,-3.701866280491217,2.0591754828764555,-1.6168819393463147,1.856120624595711,8.027512969396003,0.6459146344514716,0.8553806095240705
1.5429390280702442,-5.361147023622618,0.3018654184828898,-1.314949640387952,-0.5851577924344131,-0.0859802399211755,-3.054240584291264,0.5875289371683212,-1.1533005562145586,2.199648590723085,4.493350455079058,-1.2323941389337345,2.319265225315545,0.4456625392212031,1.4954886240303864,-0.4300482619792146,-1.2146935686909088,4.287481168790952,-2.1731536486183733,0.3629880124247215,1.7459121318699662,0.1309631120335825,1.728460173861,-0.1970290709410347,1.9314816835916344,-0.7320180417504702,-3.290905218421803,0.6304622626394316,-0.7641359100615613,-0.9162465066113608,-2.047371248802728,-3.4974912716912545,-0.7059200633861812,3.5592120076899643,-1.7778978405512773,0.3924901805494338,-0.5753581703910512,-0.3329592062715646,-8.467136513436675,1.41414596359734,-0.3609358125786606
-0.0189611687917237,3.4041263832770423,0.1173800579624622,-1.1168101265859316,-0.2204177332337562,0.2582905816463614,-1.3927658092570183,-1.9860456745837616,-0.6496359774408622,0.5213171348410104,5.501745873469291,2.9336071059667463,0.8863190800277144,-0.5442992510737429,-0.6555455314672515,1.6866851034799697,-0.0251897512268439,1.023539040107046,0.2772096498170066,-0.2537767679450304,-2.830297997324573,-0.325308687165007,-1.2789656406080456,-0.5678815778353415,-0.4769123813954317,0.944529053087945,2.5974403784221343,-0.1881170918348153,0.9725918600667638,3.442833607434616,-4.010890789274041,0.4911672049202987,0.3863429248948342,0.0727113263826111,1.739725671641629,0.0325388490117012,0.231034014292768,0.133477290715154,-4.5796893705018125,-0.9914650115741352,-0.4361082043422457
-0.1681160451375208,-1.7374736174884269,-0.4382042907184096,-0.6343828620800801,-1.699836850623377,-0.6882695109408004,0.7857100289730865,0.7452063693629003,-1.0899394041083603,0.5927932297034996,-3.733881758339815,0.8791195380535863,2.482499166303414,1.4198176105791882,-0.0135753842065688,-1.5075630957027604,0.1788083413745682,0.6728249042248802,0.2652848541186548,0.444100089895017,-0.4063928417621437,-0.5929685589259032,-1.6558444242535726,-0.4135055166468424,-0.3047365190522121,-0.7850918668703771,2.1956967212012164,-0.3832992416553419,2.019197667156378,-0.4870387728135308,-1.9320507744406343,-2.707142014235493,0.0016028312477181,2.678378363601796,-0.1092123933521602,1.4658218995208163,-2.468913766663339,0.9415437481333608,7.204439148341032,0.7427286410283944,1.6840827645690446
