duration,protocol_type,service,flag,src_bytes,dst_bytes,land,wrong_fragment,urgent,hot,num_failed_logins,logged_in,num_compromised,root_shell,su_attempted,num_root,num_file_creations,num_shells,num_access_files,num_outbound_cmds,is_host_login,is_guest_login,count,srv_count,serror_rate,srv_serror_rate,rerror_rate,srv_rerror_rate,same_srv_rate,diff_srv_rate,srv_diff_host_rate,dst_host_count,dst_host_srv_count,dst_host_same_srv_rate,dst_host_diff_srv_rate,dst_host_same_src_port_rate,dst_host_srv_diff_host_rate,dst_host_serror_rate,dst_host_srv_serror_rate,dst_host_rerror_rate,dst_host_srv_rerror_rate
-0.6580731871836847,-1.4855462023008614,1.4781399838564442,0.5140875491193434,-2.008322547099661,0.7554164707833013,-5.3564549321721096,-1.9748650478483647,-0.921435366259043,0.677336937011371,1.7737510822947815,-1.969834576191806,-0.9136805715779328,-0.0905973670279024,1.3297409009012529,1.6744748463523442,-0.88201414007092,0.4928332572500725,0.2326325634252688,0.7795034896474787,0.0544193524936591,0.6254726698393984,0.7867737148675666,1.134737102255888,-0.2076313188275271,-0.1631321256303745,5.009493623466673,-0.5342820725696452,-0.1134234552275424,0.6748313560744825,3.37342247814184,-1.4289941733544167,0.0444549776086138,4.236699685310558,-1.5449620410229263,-1.6968057775392975,0.5346781005957375,1.575380900123574,-10.04261116738187,-3.2499247589820563,-0.9106097634135764
0.3143838706670521,1.7215641074478598,0.2042692082536705,1.0351179578690437,0.241523798247895,1.0232949953317727,4.017485076770365,-2.100865974499256,-0.4050502615939376,0.6629726490631596,-2.182496139223553,1.8271181475037217,-2.8079019223661037,0.7920716406718881,3.840534261714037,-0.9751386737657384,-1.8162275018010972,3.2510359770517967,-1.0224645456096946,-0.2563017919578135,0.6269782054468752,1.423255693863813,-0.3068093151579633,2.02928442953342,-0.993205263963225,-0.6166626241149309,2.2151243440966217,1.4412286627704458,0.452760705669846,-2.039440462474791,1.2757538543307478,-1.1412598368706586,0.0812201520646994,1.152946478708702,-3.129986571165517,1.8497126550479177,1.021850505863724,1.2452030684574429,3.552998361170856,-1.0786742020003652,0.1821993701697195
1.3604994639528232,-4.252337574922056,-2.5200256449359992,0.1419518587835777,1.0124379530820182,0.4143087082377181,0.2514863306105519,3.6790018345794735,-0.1436196524251913,1.7686817783763986,-0.8668568443413913,-0.4815607694996384,2.491212685511201,1.1895715217159513,1.7312730379353054,0.5087375063443449,-1.4779976980075908,1.3768827899350444,-0.0846474239449695,-1.2277270864515435,-0.0850644332364634,0.6787663626028685,0.1968923432762737,-0.1197334377028507,-3.1395380285710344,0.1920484975402685,-0.3139543679177041,0.6699335579071419,-0.4410353291758734,1.7565595576410231,-2.140055368340804,0.7142725770830876,-1.7505309512909213,-0.6165205736541539,1.6726475170984516,-0.7544541962344582,0.8693730508273514,0.1825217598884601,1.5184162848032774,-0.7743714485765324,2.086471181496809
-0.2470829497325916,-3.404313040575456,-0.3510522887968197,-0.2553282491349002,-0.0735709090679952,0.1746327413395874,0.0662191364796631,-1.320870939209437,0.3504183525894396,1.5324303791074865,2.8659334522619013,1.8510769129066804,4.061338518976356,0.3532314496379454,-0.0661615730678156,1.1454711256428354,-1.1405121002987844,2.106633500790177,-0.6589958472022855,-1.500073514576702,-2.256005661009274,1.711295493305632,0.4900626791305392,-0.3226391167862414,-4.322353083437769,0.7418839809522589,0.7511084757049012,1.0186295434881554,1.2621787381177436,1.625479060430011,-1.8879770593934548,4.664411324169239,-0.598644078802038,-1.1701639042866276,-0.7054379201847049,0.6160556206479663,0.2481565696531995,0.5566067590593433,1.3640086057617642,0.295537970177574,-4.433900488734519
-1.457795242328102,-1.507013422907634,0.1575373334576162,-0.1852243457393132,-1.2126118348764092,-1.0605067981760776,0.3926032564093883,-0.5922591880666852,0.1287769538057763,0.6476000378137148,0.1676615946422788,-0.1655201778020555,-2.9693539965302684,-0.3927031825515032,0.7694742758958685,0.4060371966861978,1.5608144392357295,-0.1374289405525413,1.588981197537731,1.0600622880384778,-0.6209691494645548,-0.981710165253332,0.3538516491655603,-1.3040471873322934,0.3846582404247198,-0.9595924871425768,-0.8111484646984755,1.56185882431227,-0.2341697380626527,-1.937549122726556,0.1223296102545576,2.650181294615022,-0.5262757254839825,-0.5015107602243396,-0.288918575717083,0.8891971968763939,0.1067090205254112,-1.822347166261958,-0.2276870083499699,0.398036875038397,0.7861646378670349
-0.5221976562755852,-3.121394550124494,-0.9390764965545116,0.8091506903003223,0.7536827338343749,-0.822593272372887,1.4726112314653488,0.8895572376372348,0.1726795628372381,0.0875510957478752,-0.0256672904627208,-2.4687671774597195,1.9961938450195644,-0.0387761229312601,0.7130008399871932,1.484880838084658,-0.9191778892065268,4.172281515223136,0.2535004461492208,-0.1433632912506379,0.7107822339994242,0.8792425438445657,-1.3726368452604645,-0.7442913268377934,-0.812701082025339,-0.1190285302050893,2.294769959180158,-0.0806062964117286,0.6526270521739982,5.140528300068171,-1.7025107979155685,0.3447325269033827,-0.2294216017532514,1.2376839883225057,0.3196151262378883,1.074504928995747,-1.530015979848866,-0.3939853880297364,-5.5784435395613725,-0.3942154298706863,3.802345226513696
-0.9536921300716306,-7.669449126696391,-0.2549144540567096,1.8839942407187344,0.4561480850575098,0.0195638270194791,0.7971530938287827,3.09013839958712,0.5948280260230644,2.038851969801012,-0.5235434954592185,-3.2796262714807694,0.555402632530522,-0.4897291043558064,0.5596308474798548,-0.2037033782275934,-1.026973369525136,3.859245945105408,-0.8274948302728534,0.5129616157146579,0.0201229790507149,-1.90761223710632,-0.5562977773118573,-1.100324504659737,-6.917592910733313,1.167365429094946,-2.7060013276964843,0.1643631174469139,-1.5031684236461489,4.23907994665302,-0.3117524109935636,2.6773001744942726,-0.2414206999160728,-0.0889134565000855,-1.740372550241026,0.4477936890005345,0.0334173722782092,-0.2775316934903954,-1.9882568335655009,-0.0187199193488738,3.8089372063591367
1.355152589672438,-1.5021901025541615,0.4074451347654203,-1.2660026811228968,-1.237518536946469,0.1758056808953471,-1.7519445940721532,-1.7398734066767596,0.9228429776136216,-0.1914414141208261,0.1218200288964048,-1.549826460697783,-5.320607794435034,-0.9155138242869718,1.2356438006459576,-1.2626418179836243,1.0151628990251698,0.8837974481613359,0.5512678611772533,-1.2300454655100996,0.138615914854503,0.3265726549811893,-0.0641203983363371,-0.8455935782513659,-1.65249165260261,-1.088656149569582,-0.0358496861212007,-2.018939242231081,-0.5130433929808358,1.064949446656473,4.087092082178614,-0.7874427606065652,-0.6836418100462878,2.382896106835928,-0.7241429028174968,0.7556439730898399,-0.8815687613929292,-2.9328797176714234,-8.864219413185861,0.1456635725544024,2.716053037502279
-0.0424527457891682,-2.1771034012877624,-0.2389454693785479,1.4687886363735567,-1.1662656417881907,0.7945191970600177,1.1546810498921052,-1.4689252258583056,0.0150672711973915,1.9337217826451236,-1.0686076762700707,-1.2232065148781874,1.029381407533652,-1.3203276581458203,0.410342603938982,1.0057472536759866,0.4038799914515049,2.1456713684065902,1.0859904315970488,0.146798445682653,0.1550068441538024,-0.9001481609528961,1.3728447840057854,1.1516386265531235,-1.21314909235718,0.1075238697851037,2.099062899735455,-1.26269904752698,1.6132507615749738,0.0629146468940164,0.3129156691797595,-1.6337622288178526,0.3711868348120664,3.256149383929091,-1.5241260121320197,-0.5771377791006675,-0.9214104548052348,0.0636871391541446,1.0350072023862262,1.8950314708563265,0.7886850255524009
0.0837323669328464,-0.6884103468261176,1.348309014216532,0.8995964811490984,0.12916569854355,0.5238935594373297,2.317148151275956,1.9066868421378904,-1.2098156069071606,0.3010417118717703,-2.2765632781226177,-1.8706676084061584,3.4957096393948586,0.3769637344682095,-0.6799349591318924,-0.3064770310575642,-0.4628248701510214,1.546594622067937,-0.8987524717199047,0.8988028671762913,-0.466883709890979,0.8268600879304004,0.1417141840315988,-1.796141134767754,2.138052645856168,1.1002162028561515,2.5928685248783334,-1.9946378326690295,-0.4697152763707156,-2.468882555658878,3.412674896359776,-1.1197692952970353,-1.5543842324584392,1.6865115438660936,0.0307574183511185,-0.2334995045410041,0.0425441367172925,0.2488475381118381,2.4427984806758354,1.1751899961422072,-1.1978577909092194
0.2358974605161166,-1.3262809441921362,1.082239452001338,0.3010517505254541,0.7559611289723762,0.0895091950031689,-6.077125897883545,-3.851043582104741,-0.7555619837646279,-0.9054063358373946,2.1933019901434854,-0.4173577560733355,1.2449782497531316,-0.8209690610116099,-1.6740057639087431,-0.4324239221834441,1.6179794150177274,3.345963516295726,-0.3308461607131819,-0.8242854079530954,0.4511885640503086,2.407335538250997,1.3808684064373506,0.2861184982185754,-2.4284584656225965,-2.6952190127574336,-2.543258672346206,1.173568139566341,-0.4738772982957049,0.0921905908358746,-1.2459694132875772,-4.006758784994742,0.4687887669160134,1.4124223286560869,-2.22280951124042,0.6296844924764213,-0.605043438649172,1.8247025547880296,-7.440308169132632,-1.8929097854891772,0.0018042917842797
-1.484540168810942,-1.884796767891128,-0.6815071849395473,1.652796592150888,-0.1161266555824609,-1.1348884078847408,-2.6358886446580825,-0.5334423960784787,-0.8198690706547281,-0.6931987236568512,0.3728759360618778,-2.0219804690496237,-2.050609175013518,-0.2141601392612195,-0.4522389347337621,-0.2857944803244147,-0.5630047303733656,-0.2617834355013615,-1.6853595677325053,-0.0679869905062999,0.770376344191983,-0.6937298117394204,-0.0326767091589308,0.4168690649442678,1.4569424795197912,-1.0697068287357945,-0.3759600791475659,-0.9988706512943548,-0.8437172155139092,0.1796698225321444,3.987520982609449,0.0888132319750676,-1.8117546842180967,1.8326526957623248,2.0266384755463607,0.6437960945854794,0.5889406197773595,0.4281380481264898,-9.404277820181465,0.1746866184385997,0.5796329099396138
0.4716780086677543,-0.1778506249835235,1.1775345228197267,-0.6361736176147077,-1.197243381050899,-1.644014646969368,-0.4480121603860819,-1.5438903629073972,0.6552498532790106,0.124456238626424,2.3695262478393504,0.8476020159027096,-0.0625926396241137,0.0384832628311895,0.8136363170082191,0.7747211921529783,-1.2268556130299726,0.4789134869066346,-0.0959801409069534,0.6130181174187597,-0.2594780004584177,0.5733211606841393,0.5125285129694802,0.917357339065627,-0.617125283380394,-0.8949555002503163,2.189349766560178,-0.3857176672259668,-1.4282465991192146,0.1786339610632593,-0.2961189515426354,-2.437532620997004,-0.0658477964943902,2.3421482267000897,-0.9237978964843356,0.8928543450869759,1.4686254506582952,0.6378520567428306,-1.537428916484692,1.01211460362352,0.2417384833308907
-0.6114379813810356,4.132949441682147,0.6716335575475026,0.0247538211510741,1.8212201945423845,0.3527587166630452,0.7308930200784685,1.7385054327682383,0.8702247880423636,0.1806980586346298,-5.240612908187483,-3.321444469441189,-1.0657487863186692,-2.1027122378180576,2.091695029015748,-0.8234573033672924,-1.2464135131909833,-1.0807203763343145,-1.902351928601968,1.7686203990961655,0.7492151218406267,1.2538890654863617,-0.7439642660409485,0.103135781963271,0.8330180273519652,-0.5460862897945464,1.7499753293066616,-1.0474408968190068,0.3437005609111792,0.2164351969410303,5.862274814362998,-4.209256900488258,0.5957200003232425,-1.147447834572961,-6.596178427571892,-0.0822202417999247,-0.635955071060361,-1.4667466751325262,1.580706730828187,-0.1223990557979802,-0.7704810198640133
-1.3369142654813273,-2.7384843800995373,0.4960266680521929,0.2296524433679936,-0.3121791027647502,-0.1741636106499862,-1.3788221076531442,-1.7398655446388045,1.4242745271134578,-0.1746879662456925,0.5373645669356557,-2.552618320420721,3.8448008056347462,0.2155607235289517,0.1348126475110719,-1.8561457219277189,-0.2316849517267435,2.0472049777774903,0.3023029181007818,0.0243208092186749,-1.2039443998098267,-0.5754626254170838,-0.2493798288018178,0.662771890973561,-1.6202287355422276,-0.2465423934686577,-1.0555021783633425,-1.993832791690913,-0.7804922429000971,-0.2287986604719268,-0.0181809816765663,-1.1666343101321153,-0.240473745558144,1.7717809589547004,4.902927923007018,2.1946273862222245,0.1835194384715824,-0.2609955351138163,-5.215734711759112,-1.281162279686335,-1.0975637591869891
-0.9631036837984612,2.633303373322648,1.248197076998894,-1.04026983940843,0.262727757954893,0.4571308188406532,3.801317899767312,-1.6110362669519616,0.2933313036810395,-0.470551007634141,-6.20418591559075,-3.868101685476165,2.5924210160683634,-0.7328775016068657,0.4901837101416181,0.7696093983211366,1.119542801491701,0.286204124420937,-0.9466161744843852,0.3954262465655743,1.0760191706400208,-1.39216255678454,-0.6761510061195063,0.4373115700252424,-2.22100878008439,-1.202760662453821,2.657477834908049,1.816002622833937,1.1117189268933827,-4.496490350215472,0.8571838219981429,0.7677283779945367,-0.4398670894278459,0.3999762178942269,1.780767648001124,1.84550526435789,-2.643110940782978,-1.411001484595932,11.111941314758012,-0.0395036526475748,-1.7040894593983054
-1.0456728677753524,0.0884789937999517,-0.336001549738279,-1.4789316484152877,-0.6894361633172318,0.3461076221566772,-0.6434999213567055,2.4437480276160866,-1.2221442949330277,-0.5832324991426384,-5.28444059559057,-2.973393761686274,-4.130968791624452,-1.584034729997832,2.5937089849177464,-1.9638405075574117,0.6923044326098121,0.8032394130246517,-1.000042519628642,0.56438370962666,-0.8618636625207593,-0.2879587498655781,1.1085632438842257,1.109469761014582,-0.9507789830599792,0.9686233830084336,0.2888316141515678,-0.6726412043081147,0.9820592716535538,4.534863094392838,4.01835520744452,-0.3891671585613092,0.9943770324174374,1.3045329472665754,-3.913432802443909,-0.4918509714132828,0.4347297389367957,-0.5228808430536434,-4.474765835129428,0.6724961129350437,2.3257408628657483
-0.9132275330892616,-0.7767597755073463,-0.9797276174231816,0.3491320170911146,-0.3223280463528368,1.7158515657117732,2.3672710041245764,-1.709863385737155,1.0675144117327815,-0.410429778181366,2.434986764543323,0.2444033460389583,-1.7958951937549252,1.0977021171706969,-0.7477026861804708,-0.3294927125243043,0.6034528959358355,2.41922069296885,0.7634522325070884,0.0202060936874404,0.2985257187302451,-0.1286061399846277,1.501648044617788,-0.7936483407442377,-1.1496896906516878,-0.401568614953377,0.0104052814212536,0.0384565850107849,0.001922671512393,1.0751371230709617,-1.2512304554176796,-0.4137071456583467,0.4133175620864341,0.356159483000609,0.8172189395807916,-0.6724410014154131,0.6939359498498422,0.9540950659524512,-2.816712873517772,-0.1599157519630302,4.366581262876967
-0.6202217661431314,-0.0729398402731058,-0.1439564875744007,0.2195196150484066,-0.1967827946257929,0.7597763535222958,2.7625737831342603,1.3316772820097675,-0.920057246662036,1.4308522785312556,-3.84119631844887,-2.4197638536026265,1.651739268679968,0.9934640414693956,0.1903762288108464,-0.4553293582589338,-1.1081321748376445,-1.6321480832623734,1.1239675942852574,0.0415467574731377,1.1181870083683607,0.9332601323977714,-0.3252526731233978,0.6270163097812849,1.5942901177865187,0.8380009669325138,1.2049007223701131,0.9195010689029476,-0.3903966911876499,-4.876837187577202,4.0864285492613845,0.2450022828317799,-0.7637653976326049,-0.715438448747205,1.649730124829523,-1.3653169373995724,-0.1534218972672049,-0.5732708022720154,5.777401030371465,0.4059027782600121,-1.5820473523607197
0.7554606400160526,-3.21631612698588,0.3498158922996048,-1.3795993092619918,1.139599421154461,-0.3172919680425722,4.172117098523968,0.9274459842875898,0.3629986289775352,0.717600904175234,-0.4111638482429678,1.1197893441607227,2.705804581595391,1.4396837262221966,2.3644440094378227,-0.0778602307544253,-0.4432242550620229,-2.8114933626246894,-1.6016137493479414,1.2000855634128302,0.7699918385564364,-0.999814642973133,0.174813755500581,0.3440911687893166,2.2915684401620298,-0.8233655539752254,-0.9014659881435744,0.9853987861667096,0.2728903545469323,0.7010665336138631,-1.5778212386889292,-0.2553706955622186,1.3794019710629686,-3.505183395176033,2.025864841617876,0.5128569840928655,0.5066904401165012,1.1750306747747787,3.813493263999373,-0.839864240051231,-0.1676068426603649
0.1026275550883782,0.0422361490412961,-0.7945235994346639,-0.2397352748356075,-0.5532643992871215,-0.621145175731368,1.1987879731281332,-1.10826605799129,-1.250152438724641,1.1232566048253685,-4.382145624862745,1.2169570404940089,-1.852442475597241,-0.1347908490361956,3.124533753035429,0.6380821874993693,-0.0344164323793761,-0.4336322728558912,-0.5387272232452952,0.7462467066064344,-0.8994452161053306,0.4570917953249232,-0.7235870233370695,-1.2343837501880257,-0.7421593559086286,0.1990816242188477,1.1523626742589528,-0.9315600344592984,0.6799517551175861,-3.5012087925658077,2.751137845499258,-0.4814739517998762,-0.4537081472778769,-1.690013419490903,0.9934270321699452,0.0304471375721921,0.1878250632561612,0.9813785416137736,3.1665402433040466,-0.5437078313366477,0.1490563036209576
0.1853193031240364,-3.311560874458726,0.0050903070679283,-0.0098942485054289,0.6625981093945031,-0.6412118258229039,1.84609802318526,2.328214660249838,-0.6387514587141462,-1.534695813651525,-2.106724433713673,-5.978955701554869,1.6405973573429864,-0.3559538700812548,0.6965202357260759,0.6308434759043334,-0.4807119713564886,3.5516443770811263,0.9638542784435312,1.1997769928788091,-1.5132879244000594,-0.8639359037097643,-1.4947188890281269,-1.2309661538637064,-3.701801769764735,-1.365076848953702,0.0395480244548337,-0.9069411852344048,0.2771609024200449,6.093730513976728,-0.2478173210518832,-1.7110876918648192,0.0415853417129886,-0.0977833771206508,-0.7909293439463474,1.80040675897994,-0.0021295042904548,0.4032978533692509,-4.806410032083308,0.9712362324940728,6.1983518171214085
1.582354610683257,0.2450437769319089,-1.2114300273831569,-2.2143806575638743,-0.5618340080361297,1.0943769834723671,1.5087116839267778,0.278427666114447,-0.3829523275617505,0.950953161865107,0.3670389301027397,2.339108028826633,-0.3055533707257211,-0.5288202097438554,-0.4025887641394698,-0.4195902552024522,-0.6991805048052256,-1.6354570413825638,-0.452757761528517,0.7072775095640637,0.8771609721006065,-0.5886680405378668,-2.0147900295433048,0.3649417916460311,-1.0871358159642408,1.0041568080327292,0.796510851513695,-0.4258073356224441,-1.944074931713679,-3.278330398017708,-0.1719354663463042,0.2099120943133259,-0.4664131148749335,-0.8868514160464325,-2.163163377529901,-2.5562309837657424,-0.8551230687520696,0.6097699248110048,8.536907517215898,-0.3025787656979894,-0.7666958906668722
-1.0984556436830042,0.897969577103161,-1.5431526077257642,-0.2113639397340424,-0.1336613427748258,-0.7716601039876233,5.455587526747347,1.2397262405126632,-0.0625089826660874,-1.3988849729154296,3.3785008146105,-8.445766822825059,2.0031629709773946,-0.3861335409904757,-2.973960128220301,0.0257340067837949,-0.819480391433766,-0.2951154350944771,1.6754278112598642,0.0557300551431283,1.9939209675750136,1.4814041885225344,0.2221265663828164,-0.2295555770713153,-8.164004190159702,0.432508813828844,-1.907214693280113,-0.110877308989603,-0.1947100621606294,-0.2600528397697822,-4.150919142910192,0.5823850445869312,-0.407938904609144,-1.4342489905200844,0.8645799959709419,-0.4807901003774184,1.5447953728962618,0.7926947071056505,9.11746280713001,-0.7159550510523804,5.195643386483464
-1.303928937552216,1.3223021397274373,-0.7195351058860215,-1.2730675763644337,0.0916501122878496,1.495089071107042,3.897124243269287,2.7990586241184823,-0.2108706509167871,-0.1133176532197763,-0.1559853773894884,-5.90103764238065,1.3049196882861769,-0.6214893858454484,-2.8525149484908066,-0.978149221195894,1.6175116301734778,-0.1284704645328775,-1.282780496203366,-0.287397881572479,-0.8568739931843726,0.5140480969033868,-0.4100287207424064,-0.7952621808676009,-1.9016788431353056,0.4755871554970947,-0.423411272926572,-0.5136995646514766,0.5459076131431131,-1.5384883749936376,-0.5028970613106152,3.8176658391174048,-1.2046516431807517,-2.0905646709739143,2.46976149197517,-0.529764747522902,0.0909358623005162,-0.8596463291918397,5.21992976521856,0.2800970090380424,2.467154752688463
-0.1435156296169063,-3.488642169895943,0.3171022086944932,0.802894621401628,1.0317791107116543,1.4735744128454116,2.796574901106087,4.141448622437641,-0.5812442185687755,0.1787147015297255,3.3011280300684485,-0.156886882065743,-1.4762003774924402,0.7074661067319802,2.6618253539659733,-0.7690788739021189,1.2098726504212698,-3.818176221600269,0.2994450593868681,2.3436470767306554,-0.0009258971375718,0.0974896739702745,0.9505050077356496,-1.0479662757735884,0.2997205424984008,0.534440981423404,-0.815700985185192,1.3915066619532437,-1.149993957849909,-0.5711218511940404,-4.95646468067049,-3.2091332298481814,-0.4738961848925979,5.121748310366442,0.0074760164219431,1.9415681887409912,-0.970235759786098,-0.7676391804662813,8.168993310641186,1.2311823204332766,3.5035968424359907
-1.1075829134229538,1.2885074285250586,0.1341496094234023,1.6276126380621578,-0.4137079757289558,0.5727257174054858,-3.0915905472498704,-4.300143904759123,-0.5537287425142536,-1.499862188870421,-2.211586759122631,0.914926279790323,-1.575610463856946,-0.4576022729498378,2.5442641957321444,-0.0168930367368291,0.0582725896467009,1.1107891802980596,-0.5085203132618477,0.1677802487544526,2.457297736638401,0.4031097275344952,1.2831365373238768,0.1858703013681069,-4.006142197648029,-0.1263975471122863,-1.795868347650206,0.529930065047903,0.0955135854179678,-3.470829638805628,-0.6051994234909097,-2.507671949881308,-0.7103505821293871,-1.241354098320786,-0.3739681771547856,-0.3852562695171874,0.2719391041445113,-0.3966158733929085,0.7783350653347643,1.0952303322972423,-0.6942684223886277
0.5593747838504922,-5.174082757970373,-1.89289546134276,-0.6942179492670363,-0.221227121152555,0.8768593946709795,3.3577269738827367,2.3750883797163227,-2.2102991564529875,-0.5282471066317397,0.0443002715637887,-0.7392684352613567,1.0805586171634824,-0.6745454562609015,1.6247591780266897,2.651343351186345,0.814051148149852,4.099553267946876,-0.8245043116343682,-0.4887449149253904,-0.3942889386535614,1.604767457938557,-0.1864785591130902,-1.0135714949494508,-4.450440920934474,-2.3121171090045065,-0.4633176711867361,0.1006620486327498,-1.3730660025303392,3.941996760231397,-3.007663710981449,2.685962341731967,0.7554685860264021,-1.0046998154911204,3.536064267748308,-0.8775483429191132,0.04611360787598,-1.6223574364377995,-1.5439741589851022,1.0270990512184923,5.282951898503281
-0.7173684797313269,3.950875765029068,0.8532428678123904,-1.1740893540987238,-0.6805342305500018,-0.785714936641553,-4.531009700079428,-0.0982613971705188,1.4454078397001442,-0.8871340654179466,0.0581035609421995,4.755230108892831,-0.5385702337509592,1.097051850741908,0.9249153202600954,1.3624893049653153,-0.4239460726727573,-1.207514534883988,-0.9473763745122286,-1.07001438786822,-1.4288914194247115,-0.1944466884399329,-0.5332734060832754,-0.4550903296842091,3.084977003040491,-0.1991979504746379,3.619182437667257,-0.0347971044270438,1.1229234899541556,-5.153656950528811,2.2993369912784773,-1.963346692203932,-0.9376399306486132,1.884163529981042,-0.7226390202946217,2.920526594337264,-0.2465637793894852,-0.3514586193413387,1.0725661060966898,-0.014578050828246,-4.664984946117772
-0.224742992699189,0.4670744300777032,-0.8225677435438313,1.0876076167626891,-0.4401513472009657,-0.8706636787903423,-0.6428349354502041,-1.9952180927872991,-0.4697671227142382,0.4014341480634253,-1.1872052886185998,-2.381167793456303,-1.9094349060995723,-0.146080622548048,0.8250476224237939,-0.4317362082466228,0.626419514411059,-0.1681855354513164,2.0673154233341613,0.2492686894191791,1.84348700201528,-0.8445151849718867,-1.0458785495533551,-0.1994422538605284,-0.5579200600749326,-0.4404792853214782,0.8350097453552373,0.9534472424236536,-2.043477289299125,-0.2155056032814799,-1.4281682458994758,-3.2874727186482677,-0.5916356060757677,6.128235767146107,-1.178599909226805,-0.7023438062859884,0.1343131629158239,0.145732282669224,1.7032696291656926,0.3680372449020532,1.3470400105404083
0.3995454275081838,-3.3839870112115085,1.9464396542136757,-2.594784074369352,0.9403111126581496,0.4452058979371039,3.7953329348059808,0.1322836583175837,0.0824148792652228,0.4418420578427029,1.573728130177844,-1.8968390194902844,7.313711658409004,0.1110868816793816,2.6647558123641684,-1.168815727031994,1.6431202303834354,3.515349681049014,-0.8973656308593365,0.6289524187377863,0.0383783477922988,-0.7931021148572299,0.7813241186986601,0.7955249611227844,-0.3325424088887323,0.280088055895932,1.2454751222131717,0.7308067071087699,-0.9593049903741236,1.018517542415628,-1.0851262648611408,-3.8592298278083352,-0.2370068999872835,1.14917851890863,1.165536745504752,0.8429751853016928,-0.3893312683001868,-0.7881008772956962,-0.8096255650390933,-0.8324569639539685,-1.3623384140000576
0.4465941194333053,2.329656096802141,-2.244150922279049,-0.0267932856806588,0.119111999395145,0.8398585325833687,-2.021215228564152,1.2973282977418763,-0.887616062072282,0.4374767910298953,-5.183833751560749,1.7916852839262931,0.7370276722025405,-0.5232572461121758,0.4402086954536444,-1.887521657966175,0.2526140208094692,1.0514279418605117,-0.2229349397479422,1.0312494498857452,0.984309580161577,0.1418868101835067,-0.5328246650137743,-0.16448588833328,0.6647685124012417,-1.5620128843117131,1.8007616864414993,1.2699135816052962,0.965959013089086,-4.994045993807817,5.276678971116168,-0.9047945101932606,0.126441887056154,-0.2714614813981924,-2.4635158147295906,-1.7904212138812383,0.5792265026976892,0.7992759862627499,4.089644092781558,0.9500778337041816,-4.024195231661092
0.1364102260741468,1.5498662170116826,1.1814264375583976,2.0179954674773373,-0.778999429281259,-0.5550911958300276,-1.5358138596458415,-0.0084689859237521,-0.7820706742352785,1.4732620892903077,-0.7229440513555419,-1.6662095176156906,-2.5996376657280647,1.407863396805769,5.108304291417541,-1.1749010577151595,0.4358509721916221,-2.029619427626701,-1.136040764050153,0.2210761385211677,0.01226956625661,-0.6601333241174826,-0.3931633470690513,-0.0144800201117346,-0.5469528073769624,-0.1087859269053547,5.305472007954717,0.3047129806548491,-0.6222297758059292,2.141429704180246,5.198393840794504,-3.063698509009727,-0.5790425901603122,1.855599519492089,-4.953847961680301,-0.7374952124987161,0.6082743029246616,-0.9696399937323794,-4.695403392161755,1.3117517347944494,-1.66143894104236
-1.5832066745885909,-1.093028427199149,-0.2056011851028296,0.9820715965768968,0.781171946165781,-0.0622625868166206,-1.4847998077821916,-1.9050839220251927,0.176012819988373,-1.0229952778799585,-0.7554402529580361,-0.0178662837871228,-4.833433347137346,0.0159416664031139,1.069128267359688,0.4047554398654051,0.9230276144757876,0.0793663279006076,-0.7444741240869744,-0.3402170608315942,-0.6154665844526762,0.2565790711062808,-2.603496054399215,0.6809333139883976,-1.0100984263033526,0.9936575792149984,0.7758145904391078,0.9773487731277152,0.2786093728950625,-1.0379005050669692,1.3623909209234293,-0.4498423797297129,0.6661156380586518,0.4018748546741661,-4.043005299822167,0.8847604130184601,-0.6509330923365637,1.2698587911888344,-1.5307069430486822,0.0879869244472961,2.6466580074030843
-1.3612652095192952,0.0520495618563412,-0.312341744564152,0.3486373822486653,-1.5360943835852443,0.8788396623362219,2.8403690061262585,3.4667144291747345,-1.4740425451627623,-1.2364107637667685,-4.313044223815578,-3.5649722442401206,4.610809839325536,-0.0707894552103707,-0.2575825865618848,-0.8213421676439907,-0.2279861274020185,0.5671894090438816,-0.0978187492147059,-0.4750726676101028,0.8884165287972959,0.6332235346741591,1.4633454694980903,-0.0081397447091475,-2.129155949291952,-0.0177748159732377,1.1220949688087043,0.9707106888422808,-0.7048812198997456,2.8573885899777247,-0.6896643725609766,-3.3472527650881614,-0.6770515690142055,-0.6754073884277605,-6.154080577965361,1.0645933315256773,-0.0679885884304527,-0.4842268059882413,9.191020121406844,-0.9763970284284392,1.037732597037406
-0.2696821327251226,-1.310514242891779,-0.0721092808870589,-0.313799738566613,-0.2772989173779182,1.9409275112177875,0.2734422533666524,-2.285583913672448,-0.6266370129431407,-0.4799275503630449,0.8088661277190923,-4.492663470038439,1.012751175398949,0.3109135910708846,-0.2989753185218782,1.431192244762183,-1.173096984188096,0.4792061611882678,0.0874452165140959,0.9085906892711711,-0.986026831440845,-1.3665671628938332,1.8544993238444176,-0.8531845624335668,-1.9162628456150184,-0.7181226305409973,-0.3317468713963709,0.962569570551264,-1.0767979572789992,-0.1928869836242865,-1.3291497982954188,-2.834667884993829,0.7823042932607309,3.729560878285075,-0.0609795704427479,-0.6713296019531818,-1.1036268100502808,0.2593728574400688,-0.0222223707352899,0.5852129157830096,1.2887353176079697
-1.5401024693093766,-1.989919858483939,-1.3353114730738291,0.2423788164438741,1.1005410174031358,0.4405309170264978,4.990042039599299,1.0208290151447748,-0.6446913791819097,1.0056589213684488,-1.6098581858816925,-3.669779334673133,2.642681657653253,-0.1461351157384421,-0.993306984925998,-0.9311504970064598,0.0866417128440447,2.775741691580299,0.2356582344858044,0.5453577795244715,-2.2837686956926,-0.2509719651018308,-2.583461738144464,1.5231349105230494,-0.3296684329862388,0.5683906888976472,4.658307997828208,-1.0473846241745046,1.1469860146493178,1.486211133930325,-1.3376663410923153,-3.197154764559291,-0.385700684991533,5.469304490221501,-3.9426995181391753,0.7395071147611783,0.891011202232473,0.4159659386873633,6.757508183448164,-0.8051591069922784,4.0575271253309655
1.02533975558191,0.687364412105524,0.0042336726754835,-0.6034322852050505,0.205572378165323,1.504244503753871,-0.4566049171113973,-1.1665750813926938,0.6189161865552804,0.2636049327153514,-1.0085242002509638,-1.3940231835543768,-2.0381031581024684,0.4654786396135196,0.4492522503099243,0.0887599350024058,-0.2675136428145461,3.7008475148963385,-1.615918291117121,-1.2275418865361911,-0.4327451500674263,-1.3132237721324382,-0.4090609726303337,0.5554313556535333,-0.319790787756815,0.1823760218242513,1.894340866514656,-1.1371493101931698,1.3532292189452424,0.9140813554586936,-0.680204006575786,-2.6032238561320065,-0.8224715567834053,1.4301833329053095,-5.9468534839025,1.5671219925613191,2.1209213225295023,1.7772541406411742,-1.7944052765551242,-0.4478012878666481,3.7202168136879954
-1.6666623791134565,-2.8937287857353,-0.0539748402318635,0.3207298806304501,-0.6098917019902765,0.5967583743108038,2.847595919123345,0.8504673971042538,0.2529036936119099,2.073670575149307,-3.0303088180499347,3.417708747536362,-5.079331180130005,-2.0628527287659004,5.0133479597589,1.018515506877243,0.3071768028970661,-2.3356721163869527,0.4539862269080593,0.3336060206742515,-0.9706240068436144,0.106901303447661,0.010478829627566,1.0379494624781804,-0.7854188333644895,1.0581216641160611,1.512283379186039,0.5622853343435973,0.1861478087747917,-1.7041807187371012,1.7600331938118798,1.866170271474,1.5538294813018454,-3.277119978937611,1.08383062799688,-0.8147364881458307,1.7972324541333078,-1.4970327618659935,3.37282836151321,0.3533556385650613,3.2258897601184127
0.9039839064212558,1.502169693466548,-0.9396471616950672,0.0049822827984076,0.7506117674117305,-1.8681065691054357,1.5328230958754436,-0.8808558725895581,0.353837754589101,-1.7972554299522308,-0.6044318813427143,-1.985691420631164,-1.1803488706363623,0.6432701134915741,0.0467707937990365,1.050796565708928,-0.5961208307104038,2.191494031912309,-0.5442572321831147,1.5572915671570653,0.9509637609973414,-0.6969753306983709,1.2567859190698427,-1.5477800491211686,0.2090595781197681,2.4862264745782725,2.5191124566679104,-0.4546326657033253,-0.9676808910515784,1.737207528924022,0.8056566941245957,0.8671066181775091,-1.6706563584681111,-1.920392463067957,-0.5044505788227169,0.0178524587213664,-1.6874532187408768,0.4125328969715256,-4.272399342602239,-1.539670601609567,3.271384566058588
-1.2209467073878848,0.9925219862232082,0.8276778830072863,0.4405368176853209,0.4261823019645205,-0.0814224553929368,0.3962439043806058,4.121944262842078,-2.068738929347824,0.0828534922175068,3.3174439875396837,-1.6371238340076024,2.9202570805605297,0.8676080611997727,0.3861680150815509,1.2433149932991792,0.4142835545812713,-2.0734435381530805,0.1353469351405719,-0.4411161903459793,-1.2246493433255805,-0.9144976725333992,0.3140580957146524,0.1520380533576767,-2.065411472855719,-0.4205488506072417,2.0166405334374025,-1.093079566264601,1.171123923490415,-1.3488061166118333,-2.635528560521624,-1.020070776475715,-0.5183890162651489,0.6739079185954953,3.040969837462797,0.0600841363608923,0.6668652403851125,0.314737484577893,5.007045016560859,1.3178472766859457,0.7607780473883586
-1.3917872680043295,-1.4045732956662706,0.5458575576479423,-1.2639053341578483,-0.3662395742559954,0.0278860118989361,-4.577165390008256,3.019282633776031,0.7359062884781908,-0.6488635140041412,-3.020463268260577,-2.833102237000673,0.8476998975176411,1.6719355161689011,1.7211620521093578,-1.2531437363816684,-0.8335608399194685,2.072052162894545,-0.8351493002969426,1.3122812227488794,-0.0747821450600573,0.2482941098956179,0.4693881544556646,0.0489998152464971,1.5511879207682893,-0.4712718493714402,1.853314066007224,-0.6078021330446189,-0.8993240510064034,2.5057287154813697,3.2945249048481897,-1.97458755249132,-0.9642057412501328,2.7526179344173536,-1.7971784831655224,0.8194726460793917,-0.4418419631215527,-0.5605612528521344,-8.546305407083981,1.1511225741185966,-0.1403372283865309
-0.9429855772903132,-0.4359338349297704,-0.2748556578187825,-0.5031271048489491,-0.3059795382546029,0.7771807767549452,-2.689716972364665,1.935209160922303,0.2310500167585347,-0.1481076036963865,0.021522931323509,-0.3477323877306445,1.0944125934912388,0.2985660936140515,1.7617310866993705,0.7460739392723659,0.1328491169024286,3.775366771789294,0.5063501585932649,-0.493739149466767,-0.4967430193932879,1.2539998280678817,1.1934656523892109,-0.8596176898417293,-0.2142141219252178,-1.059237993821357,1.0713732465030017,1.501819114673013,1.6935262958561972,2.663847141122901,-0.0124642842826119,-1.7376901669743012,0.4244088535906741,1.5937379578195436,0.915167630340406,0.5965216445820898,0.3331750090059188,1.5807003137392317,-7.9750340166917075,-1.049615826822242,1.2406485507945937
1.3893864319132696,-1.09367634985929,-2.7862336335745685,0.2670649284535369,-0.2350341507485674,-1.3722985665892629,-1.166395562300194,0.8785907777262575,0.3336775760452962,0.6037444602975294,-0.7786941576796912,1.6742734019527283,-6.948376491977432,-0.9372850647560462,2.978926409504026,0.5188808905962957,0.7517999054877916,2.5461004575983868,-2.103539870430751,-0.8759826306456332,1.4790013120504002,-1.042309243842839,-1.4229604041499662,-0.22648678803391,0.4553249528212788,0.3035898738783514,-2.873976388758906,-0.6115038480440741,-1.226932191779603,2.3552279120444446,1.9945551661888652,1.863387764289361,-0.8504603218768916,0.3070826515221724,2.726567558474798,1.026860816126569,0.0158382094380975,0.4611400925963017,-11.37071299410638,0.7198421734299433,3.714200246048663
0.5776657856296639,-1.852025494771792,0.1299010603620695,-0.0172615251754165,-1.287218957663148,-0.8318572343760032,0.4666424380835423,-2.3553607551290687,-0.5225633395056823,0.554512108705983,-1.3463467486552056,-0.6598241272462078,-0.5581151466928349,-1.3260445386653068,0.4616514686904636,0.572102369104588,-0.5837494121381451,1.640047160846931,0.9936166741398796,0.1229697101100631,-0.6958623341565863,-0.5918509918773768,-0.7399365116321275,-1.002166399594564,-2.86146571899152,1.463194876795051,0.5329543614031474,0.0281900046571611,-1.629720151477274,-1.2113535442585035,2.319402659096788,0.826578544534579,1.58089236599354,-2.4512807006510773,-0.0800963303671133,-1.4241052588067278,1.5992408193137682,-0.4749738969862646,-1.6414554418416774,-1.3753580981501117,1.229043078660469
-1.7629300496727165,-2.041959154196287,-0.8796395417541011,-0.7389637813895802,-0.7944901895382777,1.5503252847355509,1.5044566158070751,-2.129006428217783,-1.8996232484424285,-0.0120629123539032,0.1009167777960515,-1.546390582365338,0.0065461031486035,0.0717378329597236,-0.1423402968124334,0.388760322806685,-0.4505755531605488,2.663388356104246,0.5197373939636185,-0.2098078007311394,1.1806051217841094,-1.867207208025636,-2.1883457521220544,-0.3764723881623245,-2.182779988281034,0.1529410631496669,2.8009227595018693,1.4472817294006188,1.291360763021384,3.2114566633737174,-0.7829425316303809,1.474942745027605,-0.1700955821447347,1.904938160128576,-1.5950423601574952,0.8920216823064879,-1.0906971607438452,1.503958104828236,-1.7994732647727625,-0.2436994076976871,1.8804861260353487
0.484861665466324,5.5589405123520494,-0.2590810953764109,-0.1792220527000577,-1.1719907453684513,0.4298482084954413,-4.065629312393681,1.323833534980217,1.641440999802113,-0.1756337087466985,-1.440982331147121,1.7291230439913052,-3.517715492459216,-1.447542260060106,5.06414655886257,-0.5173285086701362,0.282883594614713,-1.463813882622948,1.2441677681905707,-1.1810091788029138,0.1756005715119857,-2.3633415538199847,-0.4848677292062515,0.7496211665454564,2.7536887841584208,0.9326771021941797,3.033304521605284,1.5309309181990405,0.6388577855472648,0.6504968403273683,3.456648178146132,-4.353629615785041,-0.2837537387799356,2.1290686760981474,-0.8467696871465626,0.2063221209044785,1.885957390059794,0.014784477442731,-6.550398516475434,-1.7712071672273744,-1.960513081225196
1.2147619496794322,3.993141279260545,-0.7907418724557549,0.4197645582389614,-0.4554546060133222,-0.2410689492299165,0.3325657627024596,-0.4031626770432432,1.007285664031571,-0.8428328613581002,2.94462681080449,0.239905540766684,4.9983136865632485,1.369454331285636,3.849353342421214,0.0796589084980441,0.5700356563566144,3.739503366897695,-1.15035809923892,-0.1482772174694707,0.107804996177108,-1.169971964664467,0.4260706216425056,-0.4761232507739885,1.9479239040612544,0.5252211786210447,1.612420389580716,1.030352189204775,-1.6115894021808983,6.993127468903359,-4.928137112528096,-0.4906144235964658,0.2635745855413227,-4.219810456469523,2.920575258163391,-0.0926721130814484,-2.4846620764532896,0.432421119228402,-10.50653276825192,0.2416158469522022,-1.37699975322741
-0.6754910272684295,4.254462510827842,0.3733903735978685,0.8880198788773805,1.0951890643841,0.8166336788370611,-4.35416408083259,1.6323647058096804,-0.7661157015531667,-0.6365396874323298,-4.566335184607445,1.7121135161199286,-2.911889181263356,0.0237396908332581,2.436488880437266,1.1719424592288237,1.9226294765358067,-0.816802400128458,1.4378443171498931,0.6104404052152422,1.179306965178574,-0.8357882206303247,-0.3915685749554115,0.7716439533250019,4.499974406151852,-1.163701113829255,1.6493764197983132,-1.7867327044713148,0.6175282648674852,0.5889434984706534,2.353778077300584,-2.1600655029261127,-1.2167748014990736,2.879308413938289,-1.449442070527465,0.422910954800036,0.1300172181818651,1.7314847122098571,-3.3754297483745788,-0.2862512681260046,-2.041000623042876
-0.4292317309876745,1.023053112495418,0.5906193415587849,-0.2957489491435353,-0.0737650780305445,0.8504613215835573,-0.6945933344254491,1.8126434586515037,0.6001785450632442,0.5803811064533468,-1.785859642026962,-4.694749629700722,-3.773167497993843,-0.3246657807465969,-1.9497493260279044,-1.635666966420794,0.3491465571832429,-3.592328263043669,1.121466009774377,1.054420100458457,1.988139384185384,2.667590857207802,-0.9626651494464812,0.1989027597720273,1.6349116216942758,0.5665311546833837,-0.0971375374995833,0.9585159671695987,-0.2965494415459334,-1.7126617251752825,-0.9265755971454396,2.259333005654846,0.5024450323248626,2.6299562849972213,-0.1756165510763851,-0.8833831096959903,-0.3286986142665,-0.3506374687758683,4.180199630151446,0.6063507025189088,2.7309303172925894
1.5364059982443703,0.5124195583466937,-0.2524760754570732,0.9912981434016962,2.0695265816900745,0.924330749560749,3.014377726575092,-1.3847643653850992,0.2244692440119258,0.598866599124912,0.12795783509399,-3.6416673413217455,4.820198463044679,-0.1719331467981755,-1.014182873475585,0.1412431386673019,-0.4416162297064793,5.157649594085961,1.3158642395670972,-0.0797781173944023,0.8405342175945939,0.618440372247134,-0.1543523184262918,0.672609037494478,-4.394720192159836,0.7995170413599512,0.1520947661528617,0.517469800703185,-0.146403321274079,-0.3650280678804036,-2.2252785395400685,-1.7879055923349805,-0.8191352509120533,-1.7726224892897706,-1.1127101407919284,-0.4133478842982901,1.1085765585362377,-1.2015704958081486,2.837944444514975,-0.6108501618139592,1.7728651580403012
0.5369749969654599,-3.12272623116588,-0.201488997075695,-0.2669903836539253,0.2661322490134355,0.1389319778874733,0.7855092866232989,-2.054158940422887,-0.7730489524739823,0.0872525191116376,2.119829476948119,-0.2314096297538124,1.326853378053903,-0.9406684613389246,0.5053211502852126,-0.4193276655811597,-0.5637363858882728,3.857753003046239,-0.4885271739845933,-0.7324983875332316,0.144260256868883,0.5740378150139791,-0.1688604510945903,1.9015107842002448,-0.7828899707135362,-0.0539220630803262,0.4889905151162458,-0.2041409067723706,0.1353188007514662,0.8513532501682994,2.1156850691569336,-0.9817396993251268,0.3467248394675313,-0.6050304848498582,-1.58396460255599,0.6487786489314064,0.1781945200632677,-0.1430243852636744,-6.928734202576073,0.6319361610246967,0.3476236278876026
1.6736173799794565,-2.6957806602583534,-1.13778807737831,1.556799702254491,-0.6659473454604334,-0.7316051573920399,-0.3814815034658723,0.6095378172171644,-1.2282752801925685,1.139209811642973,-1.2921432858149062,0.1433471011685807,-5.440924439128769,2.751516378981085,1.5024695179673873,-3.176262930990916,-0.0509954739688153,2.7440312831486025,0.1813323563849535,-1.744191501887818,-0.3921947158744553,-1.1666283030247198,-2.214492986967436,1.328538841587879,-2.801250056421424,-2.2108875064979507,-2.9238432189232832,-0.5017813133911396,0.252774552315913,2.0561929897757434,2.351160081443614,0.4804056634821292,-1.6207916461595302,1.9984426944859728,0.7900110488925498,0.122988437535417,0.4752048434135341,-1.1306411196413622,-6.699019169623695,1.270129903147463,3.994417123641292
-0.9410634090197916,-4.969546860530675,-1.0877490889347163,-1.7316665153621953,0.9013218849685634,-0.0313425630620929,-0.2693592860688227,2.952090159443222,-0.4832047311632836,-1.0878413355665797,-0.1854340977969963,-0.1138312269777931,-0.4611400929732543,-2.112636257594217,1.280572619289248,0.7929345146944368,0.5459178596234671,1.9074762537683216,-0.0807463175199655,0.2607375859265957,0.8543552623936566,-1.577260128419914,-1.4838068029416305,-0.1762653756750572,-0.0569018150037627,-0.0995378728008599,-1.8571992950915883,0.9867050876159656,0.868477948065058,2.86869073567598,-2.2195551970911653,-0.9891814038493888,-0.415217274599488,1.9454242173342364,4.463632617925018,-1.0967828446525456,-1.846719783538069,0.1947458677878563,-5.357114348138004,2.0571791455561925,5.514212385827645
1.22844117683692,-1.5931561152846527,0.8873468003995887,0.2490009474464908,-0.8208389195766949,-0.0933231027077201,0.0512042161397777,-3.1074572584998084,0.5938626848201773,2.291285642930455,-0.7512569332280994,-1.3111345704452668,2.570181018007049,-0.5572332303991187,-1.4625332034909424,-1.2616429969122285,-0.3754743105382716,3.9167971968233024,-0.923481389152723,-0.311138344176492,0.5355165016038841,-0.438345108900626,0.8739202641689511,-1.4958833903827484,-2.956364616235165,0.1131735136230625,1.584257175973974,1.5802031193759416,1.2497591572943545,0.8486455231563541,1.2374440699547813,-2.3140635756350325,0.8301282698012794,1.6974144888115428,-2.561751827827232,0.9648195286286662,-1.2380396254795023,0.7703989776205539,-1.3556655837614209,-0.4015732134465859,0.3488587102352597
-0.2636177326486844,-2.084753822201641,-1.7784285635994603,1.1920240615571345,-0.8486262278276852,0.3891526351290248,0.0347779544301233,1.3536413040684407,1.2073198016848867,0.8872844707398905,-0.6062168306034338,-1.0175146663846113,5.734971619340182,-0.5062433297399388,-1.6283111020790866,-1.4374603556189838,-0.7772316228890437,-0.1676801041610849,1.6152921760177166,-1.3020979388821026,-1.379868354410551,-1.0728777091196318,-1.2120580878863625,-0.55986466061594,-0.4553022862983454,1.1202270476703016,0.5660209963916336,1.6964069900310883,-0.0639486024668605,-1.2682052828213777,-0.5884333274841078,-3.125582061725181,0.3652865360190108,1.1967703800174267,-0.0653653842070934,1.4294815774195524,1.1920964745294589,1.1115573414376383,5.306714266949531,0.4541971418989675,-1.0929573167362436
-1.7038759141664164,2.8310081521048702,-0.1513234188665176,0.945982854175756,0.8403641291568854,-0.5760216568271831,1.086607718818743,-1.2027428525177295,-0.1993487612086861,0.0144806538955822,-1.7717404053432175,0.1126633640040446,-1.1012487488891138,-0.4317940867017213,2.305808413695001,0.7027603745106281,-0.2798539870288047,-3.633068655825915,1.0063100395008124,0.6516012905763519,-1.687530261185642,1.8634336723955305,1.9476163596067897,-0.7617354143286376,0.0919801974762697,0.4213550890522949,5.988080387759274,1.3320325132793378,-1.455820792028917,-1.759357581061871,1.0643391909900732,-0.0778597205695657,-1.8549590903008668,-1.3771200510283594,0.4408942202828607,1.438162829015324,-0.3573142239694588,-1.4275737656546907,4.711749569369387,0.3463136473482366,0.1358172603947514
-0.0796536878270912,-1.7564007708632488,0.020135372000808,0.9636628779978704,-0.8957682913029572,1.022430452038856,2.536533615899905,0.2919747710575784,1.3124923411096905,0.8928359368065663,-1.426353918119089,-0.0852711928079507,3.4952496354118106,-0.7740320889467478,0.580866481088453,-0.7523122853804767,1.5717879081131256,-0.3373691674379686,-0.9030346095246238,1.2939641717416746,2.617586683508207,2.2991966500636547,-1.0607656562940035,0.3685478544697217,-0.9506633812579112,-0.5919660317554115,0.6342611362429219,0.3286852495392776,-0.7775752509982341,-3.2305767020585647,-1.304076508255969,-4.762684445676605,0.6012252284877366,3.4383106131329377,-1.275657529639209,0.4984500195259168,-0.4121988110493545,-0.4364313429672732,10.497912636450724,0.8656476818634997,-0.5798103350209725
0.2518011697216873,-3.5685319440220757,-0.1402843447968409,0.5855978270425356,-2.149608053643393,-1.0808573037585634,1.83073870608111,5.223076075290223,1.6581263800169688,-0.8661200488694651,-0.0316929188735436,-2.3119940292139525,4.867175393954457,0.2264068755752787,-1.760028874435598,-0.7010081590837792,0.3887833394691075,-2.061303630859682,0.8956005356860215,-0.0828412208541055,-1.0561368154118385,0.4815966258620254,-1.3867879117246131,0.2770429698165466,-1.5467972868737978,-0.5000339369338739,-0.1595418471354588,1.2264354133160584,-2.449885652941097,-0.6030510620212868,-2.5017645651694136,-2.406515404285553,-1.6749968813962828,-0.1828045233715938,4.153060792730596,-0.1495707095598425,-1.2410287731475051,-0.5780353533413104,7.171838167248729,0.4216253967258084,4.235150326137527
-1.0845975892458817,0.7514485747773012,0.530842571064375,1.415414418474589,1.326769839044116,0.632562045565964,0.0947550195342479,-3.657701978280959,-0.826338403954189,-1.508213812521075,-5.507349031506805,0.8906706064040641,0.962446371907572,1.549310060553817,1.6218610267889362,-1.6381204745200504,-0.713963898501188,4.20284951900897,-0.0701178308824308,-1.4251809205802866,-0.193575437954778,-0.9839662394857775,0.0238835947832106,-1.1701390687718507,0.9760324612900642,0.6926103887488912,3.801506852200685,-0.578655993386528,2.271841602461989,-2.320541601003592,3.836486297096066,-1.7315361052530358,-2.2156053406929264,2.937369699158757,-2.613894460622648,0.2753753050694176,-0.2117333579822138,-0.686165167137243,0.281139912586197,-0.7396480481915688,-3.105462083906472
-0.2149345141309049,0.0907228680917773,1.6519004534540065,0.7120000345508102,1.2607431901938269,-1.274264567027838,3.972731984653565,0.3646496172921194,-1.2925005234448217,0.4921856409816981,-0.6949751213778024,-1.9774242552259769,3.608427038156447,-0.0597704266836444,0.1647946596107271,2.2332998435092004,1.1835637376471964,3.350656890469865,-0.0277529352384995,-1.2790954534057906,-0.189205615735718,-0.329936993191661,-0.0784157317284484,1.4129633645041226,-3.411886731022728,1.0869040464977489,4.755506405221809,0.1387014822981856,0.4883418855594806,1.062190908956275,-0.6746277441600206,0.5378301051865197,-1.9105576164807396,-2.775229511220853,0.9767544321365084,-0.6909715440898204,-1.0045143620588952,-0.912690447477459,2.3177573429478886,0.1792232403536834,3.341201372830453
-1.0705431460976211,-0.0020025962049774,0.1845959653576739,0.292018529319451,0.5928531314628441,0.3521186433784385,-3.484426495632409,1.6548699338787776,0.2269443795010586,1.2361750555015116,-2.3237291437756187,2.463758011728969,-2.816114260295468,-0.651890464161605,1.531344023360535,-0.4217673021165523,-1.3529136435503002,0.0511854532152048,0.643995950741596,0.463974911156082,-0.0726405307912021,1.8493224915278368,0.6645503458982623,-0.2860671090074269,2.9697615576109992,1.6919426194586926,-1.030587470920758,1.5551746167451486,-1.0855743309321264,-1.2539992434517266,2.771363629082324,-1.612796467458191,0.9365501467388648,2.7671448788846043,-0.8411254142448811,0.3863255857682249,1.283882443658516,-1.5511717288800848,-3.353588513682304,0.2762942396553662,-1.3311301746914808
-0.0386589553562847,-0.5949493197907612,0.2200245706417139,-1.6825752320102594,-0.6899271096465275,0.4693158696523975,-3.899563885956524,3.126613550901853,0.1187131513225985,-0.5983902379467142,0.0893569329335703,1.8064779779181857,-2.314585459220011,-1.008093107649922,3.113441461654436,0.2675463514943083,-1.32914428227886,2.6225569425558417,0.361487010232541,1.068929485501636,0.8818484261496157,-0.9749788427522924,1.2699039703329364,1.2826787325504825,1.6109612488498302,-0.0668871477986188,-0.1147289643454543,-1.4846625121136163,-0.879740312429862,3.09303786034613,0.4761706042357282,-2.959472840298296,-1.126096179707449,4.195065044184498,2.173497072584295,0.5588035529015243,-0.6975842094957966,1.582087915855596,-10.598790438345173,0.1983078855098967,2.155693170798778
-0.6683490970504975,-0.795833762938741,-0.3561581469347705,0.8266751928432016,0.1585372885223939,-0.7379288587241762,-3.776396592548173,0.8860021283549249,-2.084311454423171,-0.2331109757989824,-3.775461057358137,1.5837886706521784,-5.359248280884003,1.1241470373874671,0.640453100353677,-0.6557927229480024,-1.390994669544509,1.5603210929674445,-0.7077265667329691,-1.4904009808817842,2.132129768359103,0.7109663829342698,-0.993236228753812,0.3348513469129263,2.915039154793485,-0.0275873834938564,0.2327202794030917,1.5687376535007769,-0.2246140226025672,0.5388705290502646,4.023513387531464,1.2357513884612397,-0.9378968954792232,4.684746071986614,-1.156267396799807,-0.5909542734864456,-0.2053525403093772,-0.3180218336061634,-6.699518446223919,-0.5172535967085571,0.0914177300389329
-0.0326482909057791,-2.744159217489692,-0.2798897967329413,0.9641447313933909,1.5758152933253142,0.2735746441913763,2.9927742789713734,0.5359178848295832,-1.9550622589618296,0.4951942416227329,-4.390071916914101,-0.2037460786393181,-6.07551762680458,0.9325624367413596,-0.7509801566183166,0.7871498937586175,0.046832419974347,-3.3078864719783314,-0.6477367707665761,0.261605536776368,0.2894624725946048,-0.4495826044017567,-0.5220396627646192,0.242289813850535,5.500928510207333,0.2791176317417883,-3.7391733141046286,0.1590544640937531,0.5591841349560046,-0.7937347919735129,0.2737871262078315,4.6114455102472025,0.8083064894688665,-3.3736941370142386,-1.459962092058194,-0.7866424365584451,-1.2686763492092894,-1.7210370296031383,2.867231854810367,-0.4117823320408056,3.8023248475969353
0.8740706886921414,-5.6982107336601,-1.7199378805883043,0.0769755988260965,2.452674539730575,0.1291859099650209,2.0301324799572944,-2.478068953358181,-1.5754031640015076,-0.1949494832275103,0.6498440701053507,-4.1415420305767725,11.053793577441128,1.2083375632501,-2.591194053520386,-1.0375803341277996,1.7043366530272712,2.255703772763944,0.6567808193120408,-0.8634190081406691,-1.2891330126354874,-0.7606843548905224,-0.4271463552311063,0.230604115145316,-2.718817679131788,0.2090759787115726,0.5942963343497286,0.8569011328856022,-1.6874540242944611,-1.38098270170094,2.6520013963508937,-3.580532632327033,1.076178838596761,-0.9522763630538476,1.1296810456337585,1.924415958836468,0.1022391407687309,1.1160637663753732,0.6413650343321874,0.5797073437354421,-3.2314097058423688
-2.2585922052693133,1.4730720044217134,1.9167372033467296,1.3217426706937525,-0.66146518907816,0.638549219022366,-4.553807930886098,4.749066252854872,0.9597780581705528,0.1450187328877259,-3.025987746931186,-3.524195829047691,-1.9016814065892735,1.5844395715541113,5.82709341869212,-0.5837104557779643,-1.6326334068473338,-1.667029124171938,-0.449626011211267,0.5998086106647751,0.0047511742715846,1.1699849701615328,0.2109057088826576,-1.679226853985275,2.830896095150884,0.6895726337268552,2.576665316995323,0.2564049784947798,0.487482145060897,4.017056697301349,4.404895822610836,-2.927318683449052,0.1244992149975269,0.1529791306834048,-2.490721828096529,0.6457312335446178,0.2910165784951687,-1.425429005277035,-10.628824080009537,-0.9640168527190576,-0.1419613640046824
1.550116030921342,-0.7640885811209128,0.4884987669085595,-1.0425484231077475,1.4354624455031384,1.3374197846466136,-4.980967834219711,-0.1761354040646541,-0.9678118416211132,-1.6255483666873078,-7.221584453202745,2.1536348709970645,-1.1849181692635642,-0.2381905734413785,1.4227102621016816,-0.6494034473712591,0.1091368511799537,-2.3013445051088968,0.3464176780448953,-0.7469881247754708,0.1000496457691882,-1.282275500799957,-0.3923788566289269,-0.957056456792276,3.01300267472537,-1.0771618347280718,-0.5532889019139828,1.423759253336312,0.9452537767197384,-5.528673460944058,-1.0289822212273751,-2.200411061018259,-0.3162514955960236,0.3481218495976269,1.8452259336639667,-0.5497993976947166,-0.7208898084205605,0.3743365371151176,5.056335006391492,0.5782807677761337,0.496305510118834
0.3124521556051236,-4.74181514084669,-1.0769821703552258,1.577274490473105,1.062819146462181,0.0356644169062518,-0.5500584222371592,-5.068888146241707,-1.271546559146995,0.5705378445180644,-3.63712556955988,0.0872817086270567,8.626172243645495,-0.3541253395910296,-1.8280196384376128,-1.4577961054157302,-0.701813854558224,6.040118916067405,-0.7050269178456194,-1.3102675810193225,1.5266844327935762,-0.9875812534158068,-0.0271736832637003,-1.075658688334036,-1.345653889601363,-0.0199469730703186,2.4483110863169597,0.2396235718459101,-1.5976610329504977,-2.1858516943837896,2.4422990214113423,-4.585606191969381,1.4573884347421309,-1.7667832747690806,-4.6984467172374815,-0.3283858722437891,0.1020542674013158,0.703867873448368,0.6061155913077678,-1.1416378352910166,-2.2554675211290967
0.1952718207965435,0.1231854679636736,1.147478077285241,0.8305226290129192,0.5187759685569755,-0.1162941566584937,-4.638659948239377,-0.394806401987019,0.7041521003011383,-0.622194102236179,2.2713068803736767,-4.587141712084922,0.2526650574984905,-0.3098430979348378,6.026488781615932,-2.4179800773292226,0.4909463753815227,-2.5057981618300564,0.5560395928351648,0.5538695225981183,-0.7175325183751182,0.1104978954502578,0.9129251141062812,0.4493775781696717,-1.4877073766336946,1.237263148830699,6.286779742239976,-0.828894750008972,-0.1006194399266078,4.004649423444134,3.1137316847908028,-8.987112990373248,1.1795110013000834,4.886559352192181,-0.401797074124829,-0.0816338134258157,-0.742292329147241,0.9496215755272804,-11.84339455203967,1.1070871503729576,1.1463860702212174
-2.3652965450415686,-2.2564892626670723,0.2369647747272643,-2.09866305099152,-0.0513504539223719,1.1736966396719417,-0.8144345167349742,-2.2300926193863013,-0.1494684784397074,-2.7773362605306264,2.996905970338998,3.0067218270682368,-3.675265839885197,0.5037335117958591,1.225698890836188,0.1278691900889156,-0.1834807714285842,0.2182797233504622,-0.814222850015109,-2.040457535088362,-1.8035339299840651,2.436585646682286,0.7316121127974594,-0.4019607910314161,0.3066242868375732,0.9620154472026874,-0.1961720423533892,0.165404723016468,-0.5280337368939806,-0.9007998147168248,2.7553480319075416,-0.2529167805016249,0.5773346270602224,4.410867533217411,-2.9878916352623914,-0.6888616616426895,1.2993491812559423,1.7218576653208215,-3.3462874547442145,0.8628224944643758,-2.607116080558658
0.3592633238313957,-0.2248140556388704,0.9923169832759684,-0.6303336335200774,-1.024250254074228,1.90985943011754,0.3607900678135308,-1.506629876696677,-0.1918888497198705,0.3260512057262194,-2.77032674659302,-0.0380063273474352,-3.620106798348174,-0.5635891723589,1.9577601372635571,-0.0957270920691022,-0.6467419646179864,-1.833500394666474,1.8707793335086025,-0.9801049710120644,0.5722355419879752,-0.6024517533138676,-0.3059391186969105,1.4562416069904227,-1.6974348351134845,1.6412561112464892,-0.0634898996484143,-0.2176021823862169,0.1192195772459981,-3.877815742852012,-0.6175024669314413,-0.2348861535372379,1.1958859033071272,-0.6146700087970478,-2.109176037702924,-0.3767155582979905,0.4313674917820662,-0.6538784351377785,6.993703830533984,0.9355426356029388,1.6710970162820118
-1.491110659404154,-0.5584428681174448,-0.7298113934046306,-0.1043808530199108,2.584201344992171,1.2496837433278616,0.0529888972348081,-0.7902494731444314,-0.1688241909836877,0.1298084571211394,2.557449672458444,2.876351611058678,-1.5808158409604396,0.8078126532951291,-4.725648329541276,0.332977347448107,2.3029662603476617,-1.2303051800211766,-0.1258939826294123,-0.5315683393535072,-0.2819046955488676,0.1846597832283567,0.7287233421227087,-2.121375469555401,-1.9897094567014952,-0.8985148195024828,-0.2394814150101014,0.6117187931941325,0.3185504155576536,0.1797100372785876,-1.6117086425364122,1.7154843623988176,0.5689208197101325,2.3284849426160905,-0.9069696224607632,-0.1649125143856966,2.53709541487576,-0.8140407631499565,5.359178051986117,1.200902781493013,1.0856221437179352
1.778346356295211,1.5298707425911813,-0.7934913264165834,-2.3874130052687783,-0.7974256639430404,0.5525477735670117,-1.4930689950300715,-1.617280642058125,0.432055207321956,0.969066563265766,0.0041564171986248,2.369698651959329,-3.420193200130838,-1.054571011085617,1.271375780193556,-0.7444430756543311,-1.4155278261579909,-1.3819073295792266,0.9585468206735468,1.073137352560866,0.5251163253186738,0.5321208029903643,-0.8288583948575101,0.4065792443059159,1.5250473006889282,-0.134670413623571,1.72109175762496,-1.0267815782214498,0.6760565975479211,-4.444558674010987,3.5861240254225035,2.844059318588545,-2.1509170523220966,-1.7062474827035403,-0.82866805117413,0.9354958789443212,0.103786175368421,1.8613538114694816,-0.8054410920208795,0.522217637524799,-3.030489920907586
0.7055653183259184,-0.3772306676135247,1.116541268822954,0.493308931469937,0.0923928801352506,-0.3549027815354698,0.3829908198268559,3.191739928462984,-0.4305513439729336,0.0249666737364002,-2.977433469680979,-0.2559000139305101,3.089208297302527,-0.7262431595460671,-0.2513483171469084,-3.616690890585884,-1.340026860457722,3.4488951618005745,-0.8352307331374776,-1.0044717355946693,1.1882256473281496,0.0415267632089073,1.764249648882253,1.2027208677929937,0.1535397086191934,0.1649132442554949,0.5477451656548049,0.0009170110148865,-0.9705056612749308,1.618656010315553,-1.0313085062286451,-2.215067484278312,-1.6867068077653615,0.6517186063802001,0.2038134753895055,-0.1357796651938282,-0.6174880618528178,-1.6863731859041493,0.8518070179173641,-1.3553527047505731,2.312527781666665
1.550116030921342,-0.7640885811209128,0.4884987669085595,-1.0425484231077475,1.4354624455031384,1.3374197846466136,-4.980967834219711,-0.1761354040646541,-0.9678118416211132,-1.6255483666873078,-7.221584453202745,2.1536348709970645,-1.1849181692635642,-0.2381905734413785,1.4227102621016816,-0.6494034473712591,0.1091368511799537,-2.3013445051088968,0.3464176780448953,-0.7469881247754708,0.1000496457691882,-1.282275500799957,-0.3923788566289269,-0.957056456792276,3.01300267472537,-1.0771618347280718,-0.5532889019139828,1.423759253336312,0.9452537767197384,-5.528673460944058,-1.0289822212273751,-2.200411061018259,-0.3162514955960236,0.3481218495976269,1.8452259336639667,-0.5497993976947166,-0.7208898084205605,0.3743365371151176,5.056335006391492,0.5782807677761337,0.496305510118834
-0.4575950688525972,-2.502083060021381,-0.710144639657993,-1.137654894019866,-1.5127320619858526,-0.6013278458386556,-4.177297498942998,0.5774207240150555,1.4887767190096446,0.0444248011543287,0.934082415853253,3.4147564275201336,-2.656881163210815,-0.2528025479276193,1.02904227500323,-0.0696406442162256,-0.1350753553669613,0.7102189771545911,-0.3887963179412518,0.4370356088768896,-0.0662133992255915,-1.0757195196133724,-0.5150466782671154,0.7284944331903124,-1.0548135406516803,-0.3772249006640451,-0.831171387645079,-1.4161375419601416,0.0753363688892353,-3.153982806580708,4.325155709567744,-2.362948136410446,1.2785629630198496,4.528792269678019,-2.8517550620533667,-0.085120960295943,1.4562025278152049,-1.3917251988162014,-2.3560403634987024,-1.207503839881255,-2.5674411185207284
-0.8038483260864155,-5.895721642987226,0.7359518506617139,-0.0539440568568628,0.5027746709437095,1.7462582098514945,3.751925815171421,-0.4087920243433325,0.5134380182013445,0.8330855651238531,1.5550437064075542,-1.867637540722764,1.2507899005037344,-0.1259356365662984,-0.0758389226713751,-0.0977259135429933,2.74547762211832,0.7682210030043549,0.6665263847657353,0.5474494099726297,0.7139212795913003,-0.8506743359391644,-0.4631626470818383,-0.2203173585023717,-5.2791582942879645,-0.3766131400250556,0.0977935271709953,-1.3308711497551071,0.6044117410922636,2.197324099695252,-2.161128844320632,1.6776982614312907,-0.6041346636123225,-0.3972209932127357,-1.8972103071325024,0.4689858222481317,-1.6964871687076954,-1.9004554720767304,4.360220869409817,0.6375124729196436,2.9593897171972205
-0.174249247385842,-1.429761394820761,0.1529976627434153,-2.476861880585139,-0.7794404652730027,-0.8558846771217584,4.099585761104139,-0.8786087538067833,0.6300695751203215,-0.6467542794615264,-0.6042463907909574,-0.6335495273684056,0.4538211592400002,-0.1650126557727538,-0.6823467241471128,0.5608520655087703,0.1429030600257325,0.5944182201652215,0.5964855731887639,1.0942668687259038,-0.0489875747197658,-0.0680173802191489,-0.6712039631838549,0.1954632676164001,-2.619670237185458,0.5982580219857929,1.6899967548464383,0.2727654561774216,-0.3477281762235086,0.8497392626613376,-1.2083257259379532,1.3838123423642448,-0.4625976092827898,-0.6161579711316385,-2.4984387832502764,0.8877318527520288,-0.2198294297446362,-0.6773163251528538,6.551621208385195,0.7939354734765643,1.85967040536806
-1.0045719231548635,-3.1265907736842724,-0.461991963572076,1.391794335343416,-1.314016181488545,0.647715387180245,-1.096596908688389,0.9516307014495896,0.1345755020503614,-0.416991550756763,0.3812333204787916,-1.478262105093366,0.0313878179217145,-1.6115356186625,1.0093268133233952,0.0145617683575642,-0.6470145898975432,0.2282552966172358,-0.7583653461059687,-0.425399110777521,-1.757237770260796,-0.8087804129703622,0.9694005357390686,0.4984330452730601,-2.316064730776486,-0.0730317851843869,0.3044438249161286,-0.9640752605007152,0.7976444710864429,0.9911649477580972,0.3641320788471291,-1.5754018897527389,0.5274440048797547,2.0119155628358096,-0.3364682390696208,1.0857967008242906,0.5617973788553104,0.5078638300033936,-1.710259303505851,0.1126159595828261,1.7236109005741171
-0.7556405933583629,-0.9213088253316843,0.4214659682991115,0.1995842109333192,-0.613274253320881,0.0363079132098433,-4.140852080879883,2.757206428022997,-1.37879455358557,-0.2626327409079957,0.0708421240084562,-0.0342303180505326,-1.4788451145403407,-0.27361067815017,3.7257974937414415,0.1067820935692852,-0.0871855378377701,0.5934807548434711,-1.643623104386361,-0.9119007216314752,-2.186969094888321,-0.1688529303035512,-0.5205286054904233,0.952293331836872,2.6638773640061784,-0.9673451459429918,0.0750247903333363,-0.2578360995850205,0.856604782741708,3.8881261008898136,-1.0170609303594706,-2.6130068310894696,-0.5128205972551045,2.601107534591045,3.398291660700713,-0.6545607928615191,0.576283987952955,0.2973313456975714,-11.3034009415211,0.9190062051391288,2.533226375956476
0.6858046770406947,2.25844310669682,0.4350253281426025,-0.2253796297805826,-0.9246327115425044,0.5763568506825774,2.524411887146875,-1.3476275569391487,0.16115468071962,-0.7678074441006352,-1.305931836946217,-4.008618386332907,2.70973628089181,-0.1295375293282671,2.406599811887639,1.6321466036123282,1.152384397533054,-1.0461814662218916,2.012881822616732,0.6795255917654612,1.8027446519684005,0.6462043294354302,0.7958896825588476,-0.4860617003062477,-2.01768926855603,0.0664967022823088,7.368734089812859,0.4456154631976691,0.9852482720620944,1.3523533686314215,3.036442098614521,-3.620878806254459,-1.3861269555920912,-1.2173269455222764,-5.6414265212131145,1.578401413031636,-0.5745709850177695,0.0725634069431065,2.9427469863859788,0.348679351869788,-0.5017211928492726
-1.3026384742399744,-2.4916611315965733,0.8216891458177348,-1.144857011638644,-0.6660892356287239,0.5029546641221299,3.230016901708916,0.6375173855580252,1.2651421724008516,-1.392554783406659,2.8669296831636104,-0.9055638544311504,-6.270869325866457,-0.1743536786218435,3.4668065411659588,-0.323690110335791,-1.999994402868107,-3.706868747679336,-1.3128555530282604,1.2310530031804654,1.5951514128831177,-1.753165039961802,1.155094664565304,-0.2586467986453756,-1.6214296160703483,0.450248333119869,-0.1231237936157749,2.0875220012160334,-0.8495707766557403,2.1905429233899154,-0.29120986444119,2.5675763391006763,0.2289006234921324,1.187510601042605,1.2980659373418395,-0.5553117332198315,0.7525300321247331,1.1544638897753026,-1.024629745807821,2.298645700376599,3.40424512434992
1.3406495985821476,-3.105125630169677,1.7335982781367996,0.205799312327154,-1.2092639040961752,1.7621061320378713,-1.2985668747178498,0.5882980952949659,-1.184535212687971,-0.030637652368353,-0.3717582179939411,3.79413750832182,-4.963926999694753,-1.104404586836876,2.261163341148324,-1.082892906038531,-1.135715059271056,0.0525218635695436,1.1428301458060552,0.0987023160118314,0.2260540488917729,1.5667129361191896,0.8290316479808949,0.2683462715532849,-1.2256377368705569,-0.1529761192038936,0.0889816146836293,0.135289605276765,0.6625218396424187,-0.4922841755734636,-2.0277057874541806,-2.816862750345077,1.087212963084834,-0.4129844373098887,-3.992655662221928,-0.3263090675532543,-0.2113667754208295,-2.878499098541235,1.6730789391362817,0.2005031339367648,6.214858417344378
-0.1273063923839674,-4.706548770187016,-1.0451711826923995,-0.7673209208469552,-1.6039158833664475,1.375858138801022,0.8269288688162766,0.5366709823200724,0.6279364826227403,-1.2512955970001658,0.9672808246568404,0.8022536200523975,-1.3128101512772892,-0.3571184654926699,2.764266372038061,-1.138813012397029,-0.0161287289691457,0.4382825266973339,-1.0873783610173562,-0.547522994602927,-0.6791970228157782,1.4484286079852822,-0.2420064517976963,0.3224646863213975,-3.258875256662752,-0.0165724895995132,1.4286593845658664,-0.4095132339582669,1.0857306562281843,0.8760711577546836,1.1696028630131083,0.3168570936135004,0.3268285795496571,1.940897814340091,-0.1210015461002285,0.1844322702964771,-0.3144050150459678,1.552770987196234,-0.885021994808873,-1.2183559183960198,1.2343128442488256
1.6013124103798408,-1.493959046476926,-0.4222511160383506,-0.6165443464556798,-0.2566026558496413,0.0282603593001695,-1.567588147101047,4.561184123902418,-1.3455198559050234,0.802055394836172,-3.351263160181335,-4.362009156234298,4.965215478077929,-0.4842429435484219,0.3277118657078454,-0.8475118376610498,0.1296714319068277,2.940301807217608,-0.4900477092372974,0.22991430212563,0.7648066332389332,-0.2224983433699836,-1.2517972202320056,1.095987975424438,-0.1336121455881358,-0.0072718679325023,-0.2232283114726423,0.4562500789906901,1.3360438417897085,4.929900029462305,-2.559813940465085,-3.179477633410597,-1.1296007388680491,0.3746525451462454,0.4867086853877942,1.2270113038639716,-0.0267397029089087,0.4582410981254329,-3.155669810591234,-1.5037335852109612,3.484307095437111
1.6827012486976716,5.471556042402355,0.0916210052429114,-0.6160905422709315,1.0809756651888154,0.4654283929311675,1.9613623210826168,-5.504755519822467,1.435510074832549,0.4773622958719001,-5.868045307555731,-0.7163431972064906,-1.255021081509519,-0.7169751515474962,3.70801828459992,0.2507685032515062,0.9748326502507018,8.194125911458826,0.1769865232840876,-1.3016245396039865,-0.5837794526685027,1.1908053411133526,-0.3758692842721993,1.5552863492878717,-3.1958409023878374,0.2236629914945269,3.0852945769653086,-0.388409496912909,-0.0138046479603832,-1.4189228153247584,-1.0635579540405908,-2.571708291477937,-0.3101551693645312,4.061245974632077,-1.4218302367852171,0.0541647285444949,0.1132512136907013,-0.296193244013181,1.663470861014316,-1.2506783881400958,0.280575472105302
-0.1694024039585527,-0.8969531906930244,-1.281777839593409,-0.8497676477152212,1.1959441729749123,-0.5949187708746553,2.006788802395433,-0.9681326908270858,1.694556270105152,-0.3767744975850257,1.0969719444597108,1.1610120869696083,-4.173016837874602,1.3046508272088155,3.0472099638199803,-0.3675977309563378,3.0025380433589905,-1.290883904609224,0.5765118035006916,1.2795414210760738,-1.4839145770285207,1.2170658732176902,-1.591363030698954,1.9302589863521784,-3.441841001072925,-1.004825755593333,1.5736558519950037,-0.2577045984409087,1.147370737224092,-1.7826315666862618,3.272900514233958,1.9463859722758632,0.1850357768306237,-2.2110540567644987,-1.114814014177914,0.3096684360615735,0.3762114531096817,1.5557280533434816,0.7254581251704882,-1.3066864262072782,0.4834872724507685
-0.2015094435764743,-5.221202434945953,0.4494989932610699,-0.6748020092962769,-0.6895239834663611,-1.058283261283592,2.77268507269935,0.5497401296387039,1.53459824090634,0.7815277352086539,0.186299810869595,0.6343486385150956,0.8852484190307521,0.0388424435124845,1.9972983871773315,0.9710856974084277,0.1214396154287548,2.0575581456700016,0.0156503719790023,0.4189782576493985,0.7464441934184399,0.5570857542148611,0.0865435460679984,-1.566504898280111,1.85016416291564,0.8128006533459874,2.8351776143746927,-1.2419869886972448,0.5910940951079855,1.154834918761634,1.8497331598248252,-0.7145909000652775,0.9835727674243424,-1.0673339482982491,-3.4942449135809093,1.4131612570854883,-0.8688073764011643,-0.827469594807919,-2.660645246923845,0.233353198069863,2.0961718489706573
-0.0691731384364902,3.9416902416343,-1.0254795070225071,0.7789184219309561,1.0322901361138257,0.6970943409603363,2.0681863670282765,-1.7473037167610652,0.752173111172278,-0.0113542248743188,-7.696573399733052,-2.392511794416879,6.055482614747127,-0.0650759540307937,-1.1294535520866047,-1.359085270789799,-0.2207977615103442,-0.3460853802332724,0.339083430062237,0.9038380387667824,-0.2432345549560143,2.173185695344455,-0.3663482409684819,0.0497769384237629,-0.2908085015830555,0.0091899041336828,2.916094110619558,2.3570423238743445,1.4477377292861895,-4.978365647055284,1.3803053796503983,-4.451516456756848,-1.869540145125948,-1.3558141185764612,0.4399382585150317,-0.775479018391582,-0.0787912477828282,1.4587804872077228,12.263353098985691,-0.1774059017171077,-1.952395162013025
0.1538739754265353,-0.8237160931748473,1.7724786221280977,-0.1408773494865739,0.2508540904384635,0.3990230791898035,-0.2764107133913815,-2.1789617046367584,-1.0088239181877392,-0.8009606239405259,-0.5273253911792846,-3.6724137930319576,0.6595299955540307,-0.1715609583342432,-3.7092068504568663,-2.08911969323214,-1.0850287211734049,3.572524103570411,-2.06403121554266,0.4928310931136965,-0.7046915690168627,-0.7627978694444392,-1.4831241325166162,-1.267006028536384,-0.2883450941019598,2.564614818663419,0.6446157614400219,-0.406200754012141,-1.4055878632708747,-3.936393495557362,4.471312240402804,1.8840165982222048,-0.3269416857570962,-3.4249849383812254,-1.2107480542578528,0.6256466968423152,-0.474700957775893,-0.7559790697528331,-4.542821299970509,0.7927209029884549,1.5245217989796425
-0.6429956546481771,0.2788365817436899,-0.1412599877467387,2.1058307497582067,-1.786821343466252,0.1380849872002246,3.409127351349168,-1.4308383182410709,1.1472079493912364,0.7248389623656276,-1.441963577966633,-3.915229638918715,2.489438614750048,0.7408743832463472,-1.3410842799161315,1.1400645590287066,0.2462689071784131,4.469724054196,-0.1337761730806685,-0.5164875924972089,-0.3250267489127691,-0.9679366592348936,1.08836268941092,1.2772619505303666,-3.591196947060832,1.1255584874195448,2.95370535902861,2.4038226627799184,-0.2030244970093936,2.30996571852067,2.0731529354571085,0.8928770853372288,0.7808318396287885,1.0174954204200295,0.8210551564808704,-0.0175762686207687,-0.5794532666829246,0.0685927798512155,-1.6919396618230396,0.4353093968186993,1.3752651752411953
0.98564916275559,-0.6574176037262551,1.3514650825463657,-0.2481716573470375,0.0574268587285781,-0.1352826687216565,-1.3586357216966152,1.7219236897461907,1.5710041061787994,-0.4949187342402175,-2.7351129308892723,0.037500171381491,-0.7695169942409856,0.2380832482453759,0.9172521489961626,2.107103380937328,-0.5158581266700822,3.2401258568676226,-1.591257290191782,0.0812540868515108,0.3001682046241756,-0.4018373498326822,1.1598622775392555,0.3178273684069928,0.3292549028257778,-1.47924137613328,-1.0993279542065144,-0.153303116192864,1.8164591824277516,1.1305125555296371,2.2204110489158384,-0.7483704701021363,1.3951926745899503,0.96743448757826,-1.463333516231542,-1.3463582206908589,2.3504050420794917,0.0762978104639969,-4.306383791052407,0.537920994322168,0.4317029635669185
1.6889280063981251,-2.662880692849833,0.3748716672005239,1.4087285488162398,-1.2853519875521615,-0.0488178208272446,2.1743420468923595,-2.757875638610602,0.2445917184058524,-0.616873323292913,0.412804969726757,0.6302358146822293,-0.776160510887298,0.1381652380027469,4.553705103427705,0.560387038173965,0.5881349529675113,1.4720363021369591,-0.7493329881797864,0.2542544518583237,1.9551009432031323,0.0267230165222319,-0.6264793944656554,-0.7444590815098501,-1.7494354596871655,-1.0155461018123348,1.8024936212325144,1.5914935270662118,-0.0867148928904445,0.9507315020249244,3.5212318640137963,0.0771128152372817,1.4470410463583083,-2.093944565429409,-0.3348194328944608,-1.4808210377817708,-0.1280279526339348,0.0416864398430609,-5.821815547776571,-0.0886396614844706,-0.7741373588193516
1.395525289008534,2.101593405588398,-0.2204559202942392,1.6175405829964515,-1.504966630309559,-1.2882752513443587,-5.205240708527428,-0.9001931109543914,-0.1528912270063163,-0.781292981177295,-2.3860001369760666,-2.820414109741097,-0.413426365194202,-0.1800810685106212,-2.287546226936846,0.8601018021095989,-2.150447182288567,1.5997078904139523,0.7881522658230853,-1.3208897191064244,-2.072315635867382,-1.7222277485009343,0.4298230463560463,0.4934674832124445,1.0713889678430206,0.0454766089893113,-2.688408911675056,-2.1280915330903625,-1.1604474533695133,-1.8827475799547853,4.54913083724232,-2.3860880162270046,-0.8886626095353727,-2.04145915531214,1.6074573272903383,1.1439022376056611,1.1545654948935071,0.414591977516591,-9.87841136843902,1.1689508542914986,0.7111680901834232
0.1026275550883782,0.0422361490412961,-0.7945235994346639,-0.2397352748356075,-0.5532643992871215,-0.621145175731368,1.1987879731281332,-1.10826605799129,-1.250152438724641,1.1232566048253685,-4.382145624862745,1.2169570404940089,-1.852442475597241,-0.1347908490361956,3.124533753035429,0.6380821874993693,-0.0344164323793761,-0.4336322728558912,-0.5387272232452952,0.7462467066064344,-0.8994452161053306,0.4570917953249232,-0.7235870233370695,-1.2343837501880257,-0.7421593559086286,0.1990816242188477,1.1523626742589528,-0.9315600344592984,0.6799517551175861,-3.5012087925658077,2.751137845499258,-0.4814739517998762,-0.4537081472778769,-1.690013419490903,0.9934270321699452,0.0304471375721921,0.1878250632561612,0.9813785416137736,3.1665402433040466,-0.5437078313366477,0.1490563036209576
-0.1582725822078546,-2.367297805905846,-2.4716096152303755,-0.5121505187719484,-0.5739331044849268,1.4566386266227265,0.8772133649766163,-1.1200354641016117,1.1975426869975967,-1.7372214124851275,1.341641493704134,2.621326769228774,-5.459366452618096,-0.6476086316772719,0.7615336462169722,0.5991137907810861,-0.045509331287977,-1.6691776362368662,-1.1352828640349388,-1.3331062948555934,0.1718914230196053,-0.3702587951134988,-0.682031975091318,-0.5488930045986766,-3.5226957246835746,-1.0211722156350496,-1.1740411518442486,-1.4979799745340292,-0.3954320631763348,-2.8098772682551414,1.9175680478100856,2.8898398121725584,0.395204097716775,-0.6312835799836558,-1.454178293204336,0.629886446055147,-0.1476641516370345,0.2060336629058852,3.269488371300836,0.8997109335490922,0.680492159171408
0.9826205306327848,-1.4342673518996305,-1.221390742412791,1.6636805702921105,-0.0554638549179551,0.0984274108769433,-5.158626734738566,3.1074997362591006,-0.2155456676563717,0.2411056998383904,-1.6558821811172169,-2.086360136244318,3.262005808619846,1.779107062733571,0.2333429726600365,-1.3857346606230678,1.8634846585917093,0.8639574973607134,0.7339575025162416,0.0208934882946801,1.6910279312168106,0.4831614525468849,-1.7286410508817442,0.6796913212575164,0.5553852598761695,-1.870086497272384,0.7342629440428552,0.3737706467997259,-1.4802889045835408,1.1484005995653797,-0.49477818623027,-3.997951754871962,0.5820427903632885,3.997235605106147,0.851545220698307,0.1149254103517709,0.4621181836862227,-0.2079053597440323,-3.5360312563217784,-0.2739885534227489,0.2614001279931457
-0.6733478557623912,2.7805332976028447,0.8124263327582052,-1.2268679620262457,0.1431543928635245,-1.402247431268824,0.7240827755645673,-1.3275670323172215,1.6018617929983876,1.069334752206663,-5.125670681455548,0.0930580173782991,1.1099978530566612,-0.7498048695266869,0.8278043794429414,-0.2623492621068816,0.0381207030624777,3.4994808082867963,-0.8931929931138511,0.2944294761196048,1.7797621559269123,0.2020016602864271,-0.3949668601362534,-0.635456485076733,-1.6247436522509475,1.32891538191269,3.3594330369189622,-0.4913629392383798,0.3949975286546622,-2.574675061957831,2.588058262317723,-3.0391206519903378,0.9012834446879262,0.8917581857779,-2.402487321079731,-0.6620370870620015,1.1006067374729331,0.3655508892698829,4.218557093925147,-0.9088040485529536,-0.2767521910884551
-1.25436794866116,1.2714762227803305,0.0332230627029731,0.9345527055503272,-0.2335667685237802,0.5917320242786067,3.473780773382096,1.2414858036328915,1.81450828056134,0.4846492243261507,-0.3176435805690976,-2.2981866996546034,-0.4175247152495426,-0.5329580317516138,-0.7251315238030713,1.431996010825175,-0.7438895989152389,-1.522426762986849,0.3862192054969764,-0.1894311228551106,-0.0242221666641111,-0.222793111167075,-1.3557123516428382,1.0036526734373423,-0.1002546034656627,2.37639522238253,2.528240299904124,-1.6873922964142127,0.5401567909810223,-3.577997959502076,2.4810440848046724,1.1430486781539242,-0.262697978534946,-0.5436512718584965,4.8523146094918825,0.3846918287085433,-1.0145125941843858,0.1312052932655354,3.0692701979020867,0.2366498804016945,2.24459590349906
-0.4866047961833367,3.699872542173556,0.5748826799575557,0.5742436084590095,-1.5491124490932222,0.0013811074422021,-0.5074021019164192,-2.6538199912126137,-0.0948558134883064,-0.4581659671607548,-4.507729425034771,1.3708102065207908,-9.739684184269796,-0.3372954503428289,5.626357751244112,0.5718603623446225,-1.096408363805567,-0.8302572695537331,-0.0342493350694933,0.3508916718816655,1.270746782920278,0.9154983542112632,0.6400889729921636,1.1551858958474843,0.7101216679018179,-1.5331436727111605,0.7382765214460647,-0.2820784678536044,-0.8287374544175087,-3.610633353464836,-2.652587369681243,-2.513262572799399,0.658277549036393,3.897582182166234,-5.594327410635834,-0.1956650858189259,-0.3037173915809183,0.6821191106777403,6.534725804054562,0.8533514417138803,3.0401431272437254
-0.5735906513556692,0.107269564996883,0.1379679389009561,-0.4259648071335948,3.312493161560393,1.0347289330394909,-7.611376219537173,-1.0643875240181586,-1.0534101896144386,-0.2002595040123137,0.7447264510277172,3.00730999023188,-0.7880649762966947,1.3067087777278654,-7.991202952904793,-0.6319149297362366,-1.053445713251003,0.6095383453182374,0.0449011254963914,-1.44478059068528,-0.9030051446907268,-1.2449610445977195,0.3713700611231302,-2.167485100833218,1.8870412272276,0.1242718104658062,-0.4407213709634776,0.2626898687320058,0.8816585518978867,2.318117555278924,-1.6632268004662585,6.89969113432645,0.4066278832787557,1.2044749262790644,2.429252498122019,0.9652310062337544,-1.168943464559804,0.617252853139333,-6.145711140348789,-0.2912536697539464,-0.8618697019905426
0.662846025752066,0.4378975738972721,0.4799191722278225,-0.2737846350899126,-0.0144038467405232,-0.370230017103178,0.9059523740501072,-0.0125710122207172,-0.2922016478707501,-0.3275193133772303,1.2944966446685249,-0.2503129524188632,-2.787801330926576,-0.3825195895878486,-2.37955799038615,-1.431656074159362,-0.4864231046479374,-1.3035747479030322,-0.3987035474980951,-1.481662558379586,-0.2051827119244333,1.3490496888881205,0.9770775340978756,-0.6593443241112126,-0.4303671551627482,-0.9262380436080376,1.257042552652604,-0.3368345344305826,2.0333658300965145,0.6092908780577766,-0.0655281132380404,1.9428649025822853,1.6261237707724847,0.8923232603868101,-1.049431011991587,-0.3327788911341987,-0.784100373936187,0.9596781827801212,1.701655216438836,0.1004783392445835,2.423665007678346
-0.6373559969666138,2.7908940061832617,-0.1786011792998935,-0.0900437287410759,0.0941088767488036,-0.283711541959574,-0.6950091346840716,-3.0391543872171702,0.00614714965557,-1.9177524583472845,0.4467698212441884,-0.7716597188653729,1.4394198760434005,0.8875575803413138,-0.8839624243403169,-0.4241665457306855,1.7918044505767774,-2.3639436015526623,-0.9661292264402512,0.9310955140931227,1.016435090077697,-0.6485926113387093,-0.7321007208493893,0.6005533078151024,-2.715981373193761,-0.9861568586905324,5.570080189899475,0.3912969070367057,-0.2176012808776956,0.9091514575604088,-4.314235595332601,1.1053518640456603,1.7874296283533757,-0.3819970780548454,2.553806066110241,0.5427472405953024,1.2422615140539146,0.3576129923400984,4.615069585009761,-0.6729266151185498,1.2973658200673817
-0.7063572213576607,-1.1178887707777192,-0.1935744771028262,-0.0324424746314453,0.3268509607893539,0.4600361899711788,-4.4830217296941655,-4.333294921016639,-0.0171548543792489,-1.026025831521012,-0.8014463624701483,2.069103921803143,0.4027954241490291,-1.6727932073255043,-1.7721806822404385,0.2966786448951914,0.996953068525264,1.8100175233794675,-0.2545166806768798,1.6972071538450582,-0.8336478191223239,1.8519466436827836,1.483690329978452,-1.2638649212098092,-1.5775045212414185,-0.8111584208332524,-1.3716267522608514,-0.082540203095151,0.513977506713023,-3.620564105297704,4.7171187228363785,-1.0091860729701314,-0.5693901477176753,-1.0135715039814963,-1.2417581700823268,-1.104080947761602,0.2893813394115274,0.8888654465130272,-4.456454932649536,1.0215398508900473,-3.551126712912001
-1.7319568704131512,-1.5633575611957862,0.5670392158020113,-0.6744681173818867,-0.2822729576658703,-1.0935154346927036,3.2228197111386505,-0.1449689352059093,0.4353282508724049,-0.4105244629505031,-2.4082224001469603,3.994600528277632,-2.772867234138053,-0.3196075671959632,4.0494131031120055,0.5180646520932136,-0.3770712369989284,-0.152808116737602,-0.0052883741150424,-0.1331397088227187,-1.1826361375096812,-0.1965517473059308,0.6280599994876463,1.153978142663076,3.5156080837026504,0.5947839885435333,3.8614984029381607,0.1392396487320739,-0.1320695785718622,-1.493813049523539,-1.1085390115923182,-4.003973547489869,-1.220339077759687,7.458862764249654,-6.395287909374216,-0.970172354629014,0.3105880171549355,0.6232037760064442,9.371393786480358,-0.905163958939698,-0.1558447621553151
0.027609400873118,0.7190688558337248,0.0451533140579724,-1.3330238996293668,0.955142247190404,1.058145020864733,2.073585152626064,0.6304164648317017,0.6970921215908672,-0.8171077375592861,-2.765877452545504,-4.136031375907538,2.9499459500818728,-0.8614033415197673,-0.4718097395721503,0.5184073761187789,-0.9483309011351416,0.748391632349023,0.8579649106849258,-0.5012577698988774,0.0733651563176663,0.1745772293336635,0.1432986991434731,1.7572762509049509,-1.3095798210924372,-0.5818103950136794,2.836746595866871,-0.0176543761511774,-0.9824200196815748,1.928702071662776,-0.0792429686180902,-0.968526770289824,0.6114778995830165,-1.5852821731930775,-3.198256548395605,0.4130450869043216,0.4291378515100571,0.8919370964997836,3.550899007633208,0.6438431399607597,1.658464470238883
-1.5202203205724876,0.6802052572622022,-0.23008254038055,1.0917738748237649,-1.204570311765741,-0.699076601190762,1.2403757180841295,-0.2698374974992981,0.5255190599822485,-1.2054754124466522,-2.091386715697045,-0.7263709897206058,-1.1257681444125378,1.1080829119527509,0.1969746904397175,0.989237017712816,-0.150931141699035,-1.8195456306060729,0.0249006356361785,1.7627906247225285,2.4249494890947227,0.1758302416574701,0.1508519164705464,0.5227098638287822,-1.514664325223131,-0.3713804199969011,1.1263747763371008,-0.5716702998979113,-0.4266915391603443,-3.035924074850288,0.4758319380094009,-2.4205683964219884,0.2000248652895717,4.116927065210611,-1.6223024727456887,0.6488022920952093,0.7196094535016481,0.1488330085750941,8.941190507735538,-0.72168405526765,-0.0996914414410286
-1.0174978537179158,2.856380885872849,-1.180114899156489,-0.3108749435176367,-0.2822968524601153,-1.8207725589028745,-3.087191884661038,1.915899695137292,-0.9407795028372876,0.4484948228928149,2.1397909537889737,-1.7901926547487048,1.107780075838302,-0.309570482474727,-4.251969624654363,-0.856066669952502,0.2813947203308056,0.367066468053729,1.8427645079487929,1.4797057470058208,1.3614755101541085,-0.1550872007982237,1.431412622878932,-0.7465277812708463,1.3912240462956351,-1.2114721133585118,-0.7696643352963424,-0.8775386129962618,0.5740953181287126,1.2748811023986617,-0.1931749062515367,-0.266086594345893,-0.5648651894203693,-1.4760924729294975,-0.4461908959793521,0.0385140090732993,0.3226391877501926,-0.1795994980887507,-4.621619043991544,-0.126828635440378,1.2505247847428165
0.0155829647305094,-0.0360113237912308,1.431581724834226,1.544951558747474,1.73892204265301,1.5941518285062486,1.647203180315834,-1.324929926266958,-1.2545981919360507,-0.4612329554914786,1.4381398413295927,-1.7758732133250137,-0.6952748855394348,0.9140052290234506,2.5423149254399684,1.7801619701491531,0.1102464812639533,1.5082059450259109,0.9220231196769484,-1.1318442789418222,-2.0328326985883653,-1.3708450383990871,-0.5522202343239402,0.9272708681277444,-3.243692863944087,1.2409225753891768,0.5135500459364395,-0.7412373209837594,0.0821246778675125,-0.340984441970519,-0.1495168937721855,-3.0210093651998453,-1.3065978212896088,1.491618411009625,-1.8724527141670124,0.4546008623318933,-0.8401304748757825,-1.0958845537201551,0.1562087520765964,-1.4667408900174206,1.2887611369615035
-0.2614564723457868,1.0780513064870871,0.3464491442666385,1.8116778556926867,-0.0211322840004232,1.8170118471705416,2.595392619404405,1.7559743393294296,0.8114599636749307,0.5619568028516844,1.0139217005193983,-1.8118722222170172,-1.2569671829777629,-0.6212247328608366,1.6789528239887013,1.2728619137608057,2.0875479380172544,0.3667293338128474,1.85389042124689,1.4422591063295296,-0.1342921648899413,0.783829361384891,-0.2222448801196329,0.7983933636711011,1.3165816608337175,-0.3680644180001533,0.586774345900023,0.1411079929901293,-1.7228507173219816,-0.4285125604475222,-1.5663286871141016,-1.5415624518117,0.5441671092007648,3.411997406935505,-2.200424321427728,0.3851972054826316,-0.5223541267406757,1.3272408752916445,3.005670646873037,0.5322285506028607,1.0986570502532598
-1.49811998377137,-2.118660376795047,-2.129528843243157,-1.4824662827003563,0.5584388038384548,0.3535448267992072,-0.3901304192696748,2.145099756921401,-0.0939486059799018,0.56032924645398,-0.3044803150061733,-0.6681839080008902,0.8679648551065312,0.4653463951425629,3.026788574288799,0.2274399544768709,0.0660987251523213,-0.5459716495033453,0.1323932881101818,0.4431233041295683,-0.0471260430234111,0.4786941512325291,-1.722169586065578,0.3400968695989243,-3.2460380151316373,0.507070769636953,4.106554070377983,-0.6622577687899447,0.6916644135821102,3.682963238410203,0.0186857030930541,-2.7620645659293555,-0.5469242340327058,3.9559454783302126,-3.4336364839979194,0.169343302614474,-0.3619032729740377,1.0546054597817551,1.9255379072048289,-0.4933685919051302,0.4733622385592609
-0.8460068779681942,1.0727188594123462,-0.7918701380414435,0.2301376664607425,0.1869749064247655,1.8773060883509864,0.5092197272008689,-1.2492304540971275,0.3243285128612385,0.5326277651993179,0.8791880856756569,0.3922735162125483,1.2859548829431924,0.8120944416505543,-0.150412695206751,-1.0419614792199616,1.245122185903342,-0.6490112055785919,0.3597897070130143,-0.8003039689537709,-0.4074957680792864,0.7171531487978904,0.4465035513195721,0.2378771676453389,-2.595481491508698,-0.3164652080009023,-0.3993387028368462,0.7148439188481357,-0.1719720170924801,-2.501461759700629,-2.3380100245392823,-5.411670887732418,0.4278596415607071,5.757065190255784,-4.128531703858332,0.0188712077738161,0.7155016452808259,0.3176755963277012,10.388012919522096,1.718589011232064,-2.088099660290286
1.6801795605956846,-2.2275685906769915,0.2778406561492733,0.362609042432689,-0.5127439889843891,0.7008155685602948,-0.6291340055342036,-0.8148887969741871,-0.0312301296198616,1.905229091066275,-3.804955782562319,0.8177053344595171,-2.1352566409985503,-0.2011768176410733,0.7000786546764328,-1.7688043675272538,0.0418359937991538,0.7790039724006632,-0.6010024059930251,-0.0099055162786815,0.4616767828443377,-1.1385136776198257,0.4366124673490199,0.9411996102526056,0.0289409158920266,-0.1839981219002937,1.5341974169395236,0.0035260698203147,-0.7481405924154558,-1.996665368282542,2.6312533640254667,0.2689864663408721,0.3851061505920448,-0.3901867537413872,0.7861696625721881,0.2099075449191383,-1.0344439929100793,-0.1130036210284239,-0.8839787033571112,0.7697929864144446,2.4837930304129245
2.004953662513597,-0.4107125646014455,-0.2190306300568334,0.0549030031118669,-0.722812505688782,0.2556017539362858,-0.1816546639074858,0.3477256993815922,-0.2228125641675858,0.3193280174413426,-3.692470746095071,0.239424548712938,0.8909546911273137,0.6242938067162284,0.0971565060380187,-1.6129849078625544,0.4704177193688948,-0.6018942124413731,1.0379750755177857,-0.5652310303693727,0.8837293022770298,0.5356524537788233,-0.1731639161949113,0.3581519949371666,-2.750147953551303,1.339382471835791,0.6543596052449361,-0.5881581232364735,-0.2021656966484225,-2.9974800716774856,-2.445773790873813,-3.6802856958250008,1.1196649051604504,3.987448934707453,1.6768503776011188,-1.466881710137222,-0.1715081352614043,-0.6020981083502474,10.064657203118124,-0.7639232903200555,2.0023735214098823
2.16425834342647,-3.619496496746769,-1.2688774014061142,-0.0602109259090514,-0.5186253943689878,-0.0693963230431669,1.3753549843861803,0.5900689787901985,0.7258940423668978,0.1756526847509917,-2.877956637914878,-3.924257191484318,11.233591230793792,0.989846475893433,-1.2597965466175096,0.8763735375331018,0.4928501746545871,2.899184959030321,-0.1804865772051839,3.510716957405769,-1.5361210583123186,-0.8501199459815303,-0.7727859863304357,0.2059216789696829,-0.7204551474009293,-1.0538276633540753,2.4919599691911536,-0.7220988272649524,0.6815131182007648,0.2414573895403851,-1.9705400601342504,-4.626775656851441,-0.8172735542414116,3.8407159546455545,3.929280783641877,-0.942152010441145,0.8742039881460437,0.8645065267242326,4.342111276248148,0.3638228879434484,-1.1548490965628653
-0.8468584206970848,3.035777440473137,1.1726441189708494,0.420129278097094,0.2784126665030896,-0.3420595012267888,-0.3375574449052696,-0.2108039825265923,-1.0245418362107923,1.1786806860170438,-1.4837392928289392,1.1419463639795144,0.4581658499804785,0.6773970575016226,0.9217283940703286,-0.3073908729658534,-0.0603558670930434,1.8561668624640504,1.278251296000546,-1.0620185636569015,-0.7810337372956194,0.1452783514777062,-0.7668391277215628,-1.1493101074863192,1.5957346840127815,-1.1282269248284318,4.733470720262068,-1.3040678661928329,0.9068917557206636,0.4980446988581266,0.4996892925933224,1.0767064811944875,1.0621716429663135,-0.2266074760827516,-0.9173523898912403,0.4652981618314118,-1.5659913516815758,-0.7082134219546538,-1.0359787402388558,1.3963354407525894,-1.0066290341904425
-0.5008755982455023,1.4459472818109091,0.3124389731383619,-1.5474963816655989,-0.0256733970435357,-0.1217485701115629,-4.366946977265794,-1.2290922249373135,0.799709810886932,-0.7874992377654841,-2.404282669689398,-2.4493545153118657,-6.761773449929029,-0.3172610554604585,6.9146546954541535,0.3856886199851409,1.6126269699523816,-2.671358237872312,1.9753213766579267,0.4972719577391718,1.0282210576576147,0.3180771734820269,0.0438162279242232,1.4044694958557706,0.1918606292509144,2.9765286605678343,5.127038167992216,-0.3971983435519531,-0.3273086309287065,2.194854891159781,8.460094066870399,-3.2819818518194963,-0.193420520456836,3.69007459677777,-2.212214075697625,-0.7707841399600235,1.5106662939566131,-1.524174735406211,-12.711741806445351,-0.556745494496174,-0.7829302039867285
0.6292835001131006,0.7655904186725921,0.1271286321191647,0.40901198818299,0.9718992634540848,0.1024520989162295,-0.558216110020026,-3.270476716773321,-1.4182294292128157,-1.4452696709287027,-2.3082497580461734,3.951544653538117,-6.440019240207939,-1.1233626898906584,2.2887285275738893,1.1705642740151123,0.536014332147233,1.6371593580305692,-0.5614868039265287,-0.0756542572365879,-0.5924254331340474,1.2211697889481286,1.3213494338086311,-0.554048250306244,-3.173271346357278,0.715265554808846,1.889359572278332,0.5170532360072184,-0.9829790829776732,-1.8359710979649624,3.6491154231641367,-2.0283057773566906,-0.0926063380499317,1.9371017928834893,-4.471947595568478,0.0844518616670601,-0.1061013264093443,-0.3980571037305205,0.6845975257080766,-1.0904845313457323,1.512318522261615
-0.824102235963759,-5.5583192675059365,-1.2297076877957924,-2.227711087406635,-0.4007764863860172,-0.3818231594707263,-2.082569417017823,-2.9422680264755385,1.150916557276525,-1.5863822413655286,-2.5044903943045864,4.948300281768979,0.8372407628660107,2.914673219695953,2.861686102261321,-1.5583463465536271,0.250316125199939,1.1457186977848637,-0.4962692136271391,0.3175318431431372,-0.3487695897289956,0.2053482471742174,-1.0727728076768603,0.4656127802169515,0.2590521948393773,0.2877822873842635,2.9896527616592845,1.4330873996803126,-0.7966862731938339,0.1212621472970232,1.3681403209607348,-6.154002594966761,1.4115974799980016,2.1083867753258017,-4.722293430927126,1.4984920461050946,1.054079387316348,-1.0753942535534708,-0.3411551777432167,-1.397279698987938,0.4242384210271759
0.1251841755892079,-0.7046992757553038,-1.2913539234671538,-0.8262140259530258,-0.0332904783890744,-1.009060115205895,-0.464437058021117,-0.5145015555784946,1.58709014021642,-0.8628498798086524,-2.476252361232751,-0.8753311810742866,-1.3206929858386138,-2.245002294313909,0.070948331521351,0.4151614566379607,0.5703252799682115,-1.3842460361399054,1.5046986597063867,-0.9810565173153478,0.3909110362851321,-0.7340303405783085,1.174579980146227,-1.3267494467003451,0.7742613772419606,0.6202830794660854,0.3479809239173298,-1.3424764901527024,0.5028127465055744,-3.0795849681415017,1.4190189843139525,0.0892019161513342,0.9034891025954768,0.5231693714383057,-1.1014381117085317,1.6649689399620466,0.4596141468230845,-0.8782854334487924,3.2252307027159297,-0.2866405839707305,-0.1116955926626019
0.297046614728331,1.2261771372042571,0.0153362564041878,0.3948236953423614,1.0551963489225955,-0.4763581537539781,0.7497370276708997,-0.7463380451989257,-0.7519298710569772,-0.5608529890144582,-1.521274982484309,0.07564294898847,-2.5819470282936225,0.4652419528473996,3.491345502270373,-1.351162333214244,0.5506258757123011,4.558551875845973,-0.4316195522920598,-0.1253391505941716,-0.545664588085656,-0.092334218558702,-1.2682086918405358,0.3240361803588057,2.8062818261081968,1.2262985280362324,2.2557978527880147,-0.419734634292626,-0.0413003702627414,0.8720178377303078,-0.7509707046599796,-0.3992542240840352,0.7998162442614936,4.32302190786092,-1.0796283935736737,-0.0567428797875147,0.8928104807561479,0.4064834903502511,-4.687496076771172,-0.1402521836826246,0.8972609919705059
0.2395959328426553,3.796049195686086,-1.1272992336338965,0.1466748181739121,1.1771110870368924,1.0178123601124307,1.7558175407692138,2.2116357660465225,-1.1624230003109317,-0.748648929308877,-3.352267725191378,-3.148486839028376,1.5245208734928124,-0.1368320969172331,-1.7219255282217905,0.7757112510295413,-1.7209841326160034,3.423051020461965,1.6104512186593218,-0.7602190104317157,-0.2152127876575697,0.5558215353821003,0.2096861720831207,1.1100593535036676,1.8021784573650383,-0.0761176386953207,2.686042655247612,0.5485564628689015,0.1821271483592204,-2.043284188740586,-2.218458871726014,-3.460842839900734,-0.7211880497849328,5.172430153467956,-4.583056118582602,0.923131484227792,-2.7442241879948424,-0.8446039202764711,8.54861069542495,0.5597410275597983,2.038241623885056
0.1132079248368044,-0.3784969652562248,-0.8329104837553672,-0.073645757224957,-1.720418129338555,-2.813226718059334,1.6402828159545773,-4.652749062443883,1.6639116879830231,0.4062488112971547,-2.416195774912824,-1.1097786306337338,-1.5308101975119996,-1.078933496442215,1.5922044425969406,0.0819546170446647,-1.2079903298087982,4.210840662634206,1.3735253591973935,0.7637337868345878,-0.4193684854942309,0.9121785511235828,-1.8713648181671203,0.2766320076730245,-2.478101932968203,-0.6664856407652934,2.802975399533252,-1.4379630372614978,-1.7922361257042023,-0.7207496829840286,2.5876933577391257,-0.9523199955650608,1.2787859280769582,-0.8024730477084512,-5.289928241082316,0.1059704099185537,0.3712500630302255,0.4471191720168967,-1.3532415449123385,0.6450668985277215,1.329446027247769
-1.40909230058777,-0.990280940286652,0.1338365376622704,-0.6359238632468734,-0.6833349780172442,-0.5951837215839224,-1.492591183876985,0.9527723795706832,-0.2574839051867599,0.5716516992706568,-2.5431338855727903,-2.472553407506138,-1.544385255784968,0.7566764664148864,0.1630558214298372,1.4366962945516664,2.3703562250360464,1.9473763201636929,-0.0325395262752163,-0.3300964382657977,-0.5959054239539954,0.8205663302124254,-0.6845797682130357,-0.1983230386862778,-2.9513188793960854,0.4290545857910783,0.2192359692973952,0.2781020656560233,1.1023284938016396,-0.6530254336098578,5.4193548216799154,1.246872553647508,-0.4425267573290046,-1.3149953462735282,-4.595352112859066,-0.729360746501483,-0.2196031100053587,0.093022143788706,-2.436238643790148,0.9140326896051464,-0.3266629803002263
2.294291794939121,-4.276066177810797,-1.3311463520352744,-0.3760855410730806,0.6943708628333142,0.9457528279006128,2.668671250255508,-1.6337042055406723,-0.2048678922027389,0.3263477590470683,1.2830467625664663,1.269657970820993,-2.3422852765398385,-0.818826550894485,-2.4549252521130374,-1.2354219376158122,-0.385465141632227,2.40601867412993,0.1943503209963114,-1.3700287663498507,-0.6703128815169423,0.0833090718550287,0.0436545132347841,-0.3209469856922091,-4.464381086961133,1.1848724066726983,-1.7888308981078525,-0.273556164407299,-0.5024194643040831,0.1520261672986562,-1.250381403451963,1.7059634941666104,0.581053576641861,2.13854030102596,-1.0673023982714755,-1.6751244607121205,-1.059071075177424,0.7953508348805952,3.580513932803584,0.4600129616416116,3.742763816643996
0.218133455619619,0.1325896863548361,0.3071145709640432,-0.4521157845380927,-0.6514371484528417,0.5833665723432314,-1.1681800794019126,2.049024504326997,-1.2480267921614965,0.7923471444200532,-1.604918430624504,1.422966634958991,-0.52013649418959,0.5886583662578937,0.768263083508797,0.6071174949238282,-1.0336569775096156,-0.3153637025926707,-0.2900584567968842,-1.131695865254226,-0.6185408240217019,1.0622545094229916,0.3522426331758796,1.1675318508407788,-1.2922299435421412,-0.1423037079459412,1.1155664610504863,0.0863280276058435,0.086916669279326,-0.5409671973839312,1.0141058970309027,-4.904971107135934,-0.9008703613577363,4.3407587029766646,-1.3483782622237477,0.5663716931845836,1.6928289063246351,-1.5705433822209462,3.606168941150906,-0.8585368217612745,1.0799218238113732
-0.2899879650618638,-2.8823284642994764,-0.4973606688749006,-0.613839323484091,1.833933764188884,1.6569207919446998,-0.669602110338241,2.865531540394464,-0.6908485727956152,-1.1224131260969905,-2.261242656191529,-0.5746935892762338,-3.5701430730764194,0.4077373996659176,1.92472064152914,-1.0165288855792407,-0.8810014642739838,0.361330533344672,-1.8772709107320047,0.3383859963957186,0.2291347549032901,0.217697128954198,-0.7856558150978207,0.2212806845095984,-0.8493802512321335,-0.2987393397219628,-2.817796271549226,-0.5910345446499408,0.1989618826160718,3.4892171314198177,-0.6510927633866797,1.3665164613925675,0.3062070720996837,1.1464093236611748,0.7820023920053396,0.3892846653767625,-0.3497316981248194,-0.5893587360212406,-3.2619391965365376,1.935494846055476,3.421849705654904
0.0275286406217843,-2.3550341938449417,0.6263739418124346,0.3036963110182981,0.2467371709147089,-1.0732812501013649,-1.132920885355426,1.1924893992556491,0.1981994573620061,1.355138176977428,-3.053614741506015,-1.9758481541647812,-2.56168527578145,0.8162103970291232,1.6341994519376897,0.6616687601670299,-0.7395243535173317,-0.3324975465740698,0.468938723843831,-1.483864709805427,0.2272954204280461,-0.6530990656314931,-0.1597349431635892,0.3585455707784833,-4.36181852592989,0.9268848215726648,-0.9439748799636568,0.6990591967230422,-0.375139359801613,0.5313388123268423,1.5581945837172109,2.4831092355193665,0.6673519007616203,-0.6459747560550038,0.6810579518325828,-0.1754476335527537,0.4700992540470275,-2.0238557131097323,-0.1353631503372007,0.9766316875901324,1.694435829875412
-1.5910905655076877,3.4962983137113133,0.5265398710024014,0.1106272502911768,1.1512574551222663,0.381166959764377,1.3719942105959886,0.0468364109005867,-1.3786510395885003,-0.8489167524306862,-1.174442011047094,-2.896475652504276,-3.466050488751081,0.8612429931183359,-0.2517587826919178,0.1697138801898291,-1.736685875055025,-1.4652585796830486,-1.6255840840852045,-0.196539796398106,0.7620910323780234,1.490750990454016,0.0436524159504637,-0.482843673068182,-2.738412128521835,-0.7350341032686433,-1.095891795934569,-0.7786261110669981,0.6007655013423607,-3.50228194488234,0.4522864452786617,2.06953241784153,-0.3358631272938469,-2.167163750323684,-2.0031091213513905,-1.1753269552535366,0.0854687697934327,1.3731201502854986,6.425625985944201,-0.216390358700155,0.8864826614109671
0.7110748253618371,-2.6700581302502746,-0.264804431665783,-0.0548641999450229,0.5571195109314501,1.312308717837983,-0.4715348779657156,-2.3877975248449754,1.235310999730839,0.6568049112944847,0.393696275948393,0.9714763614799076,1.0840050651901318,1.4128866079891227,0.2254046696734597,-0.3461863179217499,0.302658321251941,1.616381319711783,0.280143263335448,0.6961336000284095,1.088616196227161,-0.2314453309433214,0.0410831320046102,-0.1116846863076914,-2.2392768334438697,-0.5842775399833144,0.627252911692971,-1.6027623710691343,0.4623401027344478,-1.4402551797278385,2.592215263630157,-2.6575541552306645,-1.5347914571127932,0.9467608853198016,-2.1891455506216952,0.0315454930650597,0.3531584586008514,-2.333347387726966,-0.822888565807516,-0.7370031165793453,-0.9364554011298118
-0.1838103527632899,-2.972008113631878,1.2555632383082285,-0.8391352429699492,-1.4027712472077962,-0.3734937708114964,-1.7735020324814466,0.4804696215189519,-0.222829501155644,-0.0647635918232805,-0.1128103773636681,0.3599636743832901,1.6324379574105754,-1.6648314100661763,0.0872810241547166,1.9752807835562465,0.2384706624709614,-0.5672283679663137,-1.1819233605091068,0.2078952385915183,0.3344533786423592,-0.9994885894868863,-1.1470637421579415,-0.7489369606169161,-0.5192673609150618,0.3401607544547461,-0.5099877935135568,0.8645093222608725,-0.0431379868275336,-1.988269064681909,-0.1051691549666118,-1.1981709963842253,0.0976998189675779,-0.0510341591365901,0.5039607559020878,0.7343172378546239,0.965063010372184,-1.0928253511525046,1.0901327175338429,0.4024774885602892,-0.149308059958406
-1.7038759141664164,2.8310081521048702,-0.1513234188665176,0.945982854175756,0.8403641291568854,-0.5760216568271831,1.086607718818743,-1.2027428525177295,-0.1993487612086861,0.0144806538955822,-1.7717404053432175,0.1126633640040446,-1.1012487488891138,-0.4317940867017213,2.305808413695001,0.7027603745106281,-0.2798539870288047,-3.633068655825915,1.0063100395008124,0.6516012905763519,-1.687530261185642,1.8634336723955305,1.9476163596067897,-0.7617354143286376,0.0919801974762697,0.4213550890522949,5.988080387759274,1.3320325132793378,-1.455820792028917,-1.759357581061871,1.0643391909900732,-0.0778597205695657,-1.8549590903008668,-1.3771200510283594,0.4408942202828607,1.438162829015324,-0.3573142239694588,-1.4275737656546907,4.711749569369387,0.3463136473482366,0.1358172603947514
0.4586673570732836,-3.585458673785735,-0.9765055679828468,0.4318761953053728,-0.8989231182041015,-0.2613716791072255,2.8913583239702287,1.7162484260175237,-0.4702277793645226,-0.8316412935787099,-5.09185874149615,-3.105023611362768,-1.6593437903705202,-0.4376752553559047,-0.2525612018966976,0.8886497092762967,-2.383929370891273,1.9532360731856788,-0.6272706830681272,1.2105597392265082,0.0173353399586841,0.0481285667480001,-2.6557200704146475,0.6413092248005712,-6.140023054074398,0.386181328517497,-1.7556049061375214,0.8730216199331498,-0.3835082171823678,-0.9340712437724163,2.5100259184988114,5.071179116622513,-0.3574225628876928,-4.4786907972548,1.5057704898533943,0.1091698697943137,-0.6662119319414668,-1.5772015962556425,3.5019972332289067,-1.4419743810622077,4.355211494307859
0.2077144903596791,0.9535451913609015,-0.316697437956274,0.3601643091909215,1.261255184728271,1.3695796628329702,2.9767755591063056,4.901282521423058,0.3660318920676527,-0.3010995678794724,0.4582347972315446,-1.8959653352586043,-5.639514722555382,-1.0527635543108922,1.2391654382702555,0.9554306843220872,-1.29183261540617,-3.476503677794589,-0.8308569657184697,0.8329288049397929,0.8287820671436205,-0.3648994032940011,0.9974828371229086,0.0061668617175733,1.213991851061489,0.7936293125149502,0.2030005093017841,1.2621013894399684,-1.0290874735131366,-2.219893407752979,2.586711969337052,1.7293070550162724,2.053395867506889,0.4810027518779044,0.7012995705040899,1.3578911484088343,0.388481877799528,-0.3594490022017422,2.74605210146786,-0.6662934619495048,3.4528105731660808
-0.2662797545383997,-2.5026107152554005,-0.0492539200353927,-0.7652754790949715,-0.6122407653911076,-1.9341809727903332,2.538390726099584,-0.2128979676764844,-0.9579892305599472,0.5824329055839531,-0.4900405264586807,-1.1329516620973576,5.774580606640597,-0.3366828457817039,-3.670929895393762,0.0567575249120591,0.2561337295451348,4.371622984927048,-1.0499573294920623,0.5555835090008198,1.666719367782313,2.270182457820858,-0.2954440754594861,-1.4844232459242623,-3.552115286986098,1.3908476424974965,2.9742327482882445,0.5305697633219518,0.0340264331655753,-0.4277143399688408,-3.5921296849986204,4.019340498159102,-0.6645298376376547,-1.962977883781908,0.4335298462316599,-1.6945228027471293,-0.068083741218032,-0.8333559394912252,6.708886782877452,1.3058582911894143,1.6763065768927758
0.1575570645575457,-2.7088637666521977,1.582169677012195,-2.383105947622853,-0.5442690478682853,0.131261730985115,-1.0326601403435527,-1.7942911987815586,1.4654825583856066,-2.3616439656369126,-3.2055883081837035,1.0693060212438357,3.315736430853549,-1.7077438292621976,0.6497215522919835,0.6649962308050976,0.1717198263267624,0.3966580418718602,-0.7814409148046414,2.5775783264075414,-1.3401044312356252,0.2199044793646351,-0.4898690824151746,-0.6746489098415297,-1.3469523419482428,1.256464956834372,0.6915850509454962,0.6657995344782619,0.7872608542890482,-4.24199303961268,-0.5575543362527182,-6.194614789869392,0.1572107203550463,2.280875285018976,-1.812611519007948,-1.2198085474144464,2.140243611349648,0.1531937020325709,7.591052631671338,-0.3188204488459965,-0.229868451272488
1.4849340388674257,-0.9629457254567876,-0.3595421228676854,-0.8372055623279219,1.3026401339530074,0.2214148700810107,3.787770130284207,1.6768975908027357,1.2053293234912077,-0.111467485088923,-0.5326194478086164,0.909960236950665,-3.4989007141997543,0.5920345471179586,-0.2116244949826187,-1.4996979767395284,-0.1324271540515769,-0.1497183100092107,0.4523517874908312,1.0505809904380063,-0.6795084581064924,0.7772499337902151,0.6418734586414515,0.4775621777231934,-0.6031883586608743,-0.6464875020743929,1.6628358418604776,-0.7191404471152432,1.5408969461241289,-2.7155545785801403,3.13071782448565,2.6144736485997195,-0.091671455278347,-2.812810143300737,-4.810332026693648,0.0923575064390332,0.4558749308793635,-0.0728059427355877,5.6389883569800405,-0.3910942370045727,2.340194752621356
-0.8505103385430564,2.475035004628337,0.2340260137176441,0.2100294339922261,1.1055710459438934,1.6429617425069534,-1.6197012884920832,-3.9395769703282033,-1.685507288385223,0.3538904415748732,-1.0174894016878953,0.2466941634346313,-7.619870769881979,0.0822292821256983,3.2098620555460244,-1.33550253819077,0.9208141295187148,3.802748042441295,-2.073960513053897,-0.8900792501330971,-1.0438392653006665,0.4063616584405339,-0.7764445952330095,-1.5037941786474127,-1.0724143114360674,0.553994055818227,0.6557057241586175,-0.0249189568889856,0.6309546686513386,0.5478561929768873,2.708513121138431,1.743597663646173,-0.8951850308827428,2.245773340574225,0.1502358148468632,0.6991010514122049,-1.3034020270125626,-0.1202547621828834,-10.457793236265967,0.2163435241848435,1.351033238612786
0.2316994690399186,-0.3658137576112287,0.5781208152176409,0.1334169893105221,0.0290826582378244,-0.2888906541557476,-3.076399923997565,3.6823639843665537,0.3772357589571283,-0.3652300393358806,-2.875682156074091,-5.078816137476711,4.240870567044927,0.0556336325195484,1.0326928290125563,0.0023804354785971,0.826264206569347,3.2206694060180454,-0.2039777647216626,1.7717601058887658,-0.2179339974469415,0.4000867135791844,1.5230970935232109,0.0896736402529198,0.7787857857566651,-0.9139402616148148,1.7640819551580385,-0.4039671060761804,-1.0046716853920126,6.322396451810651,-1.8142340051200885,-2.095801187221455,-0.0419390423696884,1.1813023841090298,-0.4552266076141046,1.506851781310511,-0.1126733582433343,-1.0231449291735428,-7.424437799044581,-0.375554190645836,2.1810528624324528
0.4952381397825851,0.2841309073814759,-0.8975551521676992,-0.0765250110075737,0.2608879297235574,-1.4059662586063448,1.113180889153036,2.877884182707352,0.297826129220702,-0.4589848759752007,-3.480799147315322,-2.525781473521988,5.580713653350671,-0.7312769925794803,-0.5026844450446368,1.707361339184759,-0.5181644620954453,1.87439398132808,0.3800354962255549,-0.0263060978634885,-0.5984362168570581,1.3762019876938163,0.0051529424508958,-2.753069130357897,1.09772014355835,-0.5231827776078083,2.903930198934604,0.4161166447192498,0.0192047411433276,2.336542734444518,-2.7472522589916166,-2.2779484293020262,1.5034539112044651,0.2645067681794583,0.8217555287460037,-0.1391888438300023,-0.7363934459114687,1.01875227175147,3.2018557030466077,-0.4346346197838537,2.2813466603721952
0.2698073458209626,-0.2187580999835563,-0.8603887659329333,-0.8458881806771004,0.5895868339598576,-2.064174252296934,-1.2919876231489904,1.0424255431619236,-0.1904098274053528,0.3279717867939619,-1.945760169078393,-1.9593859603852977,-0.8109057687754319,-0.0063589905227691,1.499240394549198,-1.2404406700289732,-0.8742514636509142,0.2102936077796503,-0.8464466327250126,0.6317476013989461,-1.0074318545102483,-1.3417704757353968,2.1843389810850917,1.165116646336857,-0.9645875981338452,0.8366519987220675,1.5763878692583424,-0.46890869813533,-0.6091848657999471,0.6699812808480154,3.4908420705199994,-1.3206097662521783,-1.57661363748416,0.340605808375804,-3.9578069256148463,2.849832291840236,0.2843215518862465,0.632075708724601,-1.8548395321738207,-0.201510444111109,-0.2390677800145459
-1.0890314927284377,3.20035083922129,-0.3776354539351105,1.843769197886385,1.1426905491613553,-1.4396786866669171,1.1423080440039126,-2.681465010473314,-0.1150595878696648,-0.3695939146185141,-5.630467952131027,-0.6513299552741674,-3.0877684409260766,-1.0787884757841455,1.0619742176290763,-1.0567956806282293,0.1975039149231369,4.191173129565873,0.0099687830476439,0.1712979289263958,0.4864125536398329,0.938590052470811,0.0691499714916544,-1.4002350474157366,0.8219367670667652,-0.8630394363108419,3.5529992777614163,-0.4120915933217908,-0.63001136346927,-1.766795050430371,1.8453029480685808,-0.698613484209059,-0.9409214038500058,3.362755380980957,-4.013167609449415,-0.9435555494895416,1.2728814961602368,-0.9603987756760768,1.9869572068141397,0.1219079291249671,0.9416443171260874
2.009623879160329,1.8176630717773632,-0.2350785147281808,0.8378204127914994,0.983533510538766,1.4842488864872196,3.593328857794493,-0.7755254007303203,-1.405570492167776,-1.2747229273366794,-0.5454969951683108,-1.6859468883392068,1.5575305010877567,-0.2988277230970178,-1.8882732073518176,0.9149182639059906,-0.9789181860750324,2.273938363310305,0.553809489589733,-1.3369117963538897,-0.2592741824603368,-0.6147032614332111,1.009838458355978,1.0757539187392493,-0.2128809385122091,0.4974089409270027,3.2020922752289684,-0.4728244240645183,1.3203833899137576,2.9312467179927104,-3.2759850688978647,0.2890009455974569,-0.7118099230547179,-0.5262918415654823,-0.9916498372630872,-0.1489781750340268,0.5109024723193516,0.1421823698386609,2.8179921268447865,0.7894775840474961,3.923739168899405
-1.455703869186154,2.0858613614556645,1.3814898226556571,-0.0931996006887578,-0.2493671680260143,0.3590554661659635,5.315171234376726,3.8453335630737016,1.118296722485378,1.600852878265372,-3.969805719388008,0.6642873601382355,10.94506959839732,-0.4946487190527768,-1.88289473564992,-2.0831865557263285,-1.0079156379589622,-6.466846086670665,1.0252719996562762,-0.1640241961943254,0.3521072279014052,-1.7574097405780664,-0.2608923748552682,2.085629520800534,2.781170935311626,0.1623984664852421,4.507453184016001,-0.7201638259088339,-1.0290976268298462,3.463353082070733,-2.8524758049716032,-4.008589940876258,-0.1550694331474912,-1.9954855670188103,1.3734705969114016,1.5489549147983648,0.4750239547920791,-0.3297323045274715,17.10315337862751,-0.3621170016011441,-2.963779180962537
-3.480592281819308,-3.208465833938938,0.8382610181412673,0.539006939784569,-0.8538046447716788,-0.918705256539767,-3.1863908768612905,-3.0859332108759774,0.6028190500835422,0.5141907247791853,-3.388351582785324,2.3304878141531997,-2.304041291805841,-0.134483828117342,1.822817089367402,0.7217413647950921,0.9151084689681506,-0.1410144405862157,-2.027868898936125,-0.1960252727850999,0.3364253051819177,0.2150338261367488,0.4013422421101366,0.8842138835656845,2.7445508606673856,0.0902479746009409,1.0065049679694862,-1.8603329415482517,-0.1767072640856541,-3.002747758669704,5.269788959291007,-0.121955750064678,-0.078722811864788,3.1755066748108325,1.76399672133799,0.0626896613504627,1.265183037972232,0.3730899755971764,-5.598883759991473,-1.6134236373752255,-2.846535334043878
0.4144001469427851,-0.041558269026358,2.3361306158157893,0.6054987978244334,0.8639718871859051,-0.2553168292144016,5.146042239697378,3.9163473262307,-0.6187281996064649,-1.5716766456858318,-2.327525162556316,-0.4602575743643957,-2.7075334965075637,1.0530235838134945,2.8559481797524846,-0.7113356228359979,0.127076354641389,-3.0640782539801945,0.0986652486931308,0.8778701784807956,-0.2814809148502022,-1.7153987942965734,1.1557163297017077,-0.2863316268487726,-0.2980691111599459,0.87806582815097,1.9395563693717757,0.0130003211531019,0.0743055254455152,-2.459031250303042,-1.042912803809135,0.1344702524243097,-0.1899577530389214,-0.7227125497641553,-1.6578167752866313,-0.2509833375371439,-1.0526518085825698,0.9551416619557443,12.00266522833532,0.757259881541379,3.703700607928218
0.9629545052059671,-2.448324899745609,-0.3009697321337093,-0.6178921696192144,-0.3571552243209073,0.5857717566486115,3.775975431453048,-1.2074520886753255,-0.6267391718662961,0.6051011994734627,-2.1701927218259125,-1.8183276797009704,-1.5843015270489882,-1.2121984758804885,0.8357473772917079,-0.3079772193399774,0.4197549541956437,-1.4362939254667164,0.4932950257458077,-0.3903318951829699,1.0402870486838278,0.3554261409235183,-0.9377059294721866,1.0509626310931983,1.147658047830999,1.3509289225705936,2.435259504076312,1.3739318829055551,-0.6680219391362807,0.3637144610100441,2.737434486445516,2.793432348905414,-0.3887660532667927,0.3104190578126253,1.622687312398732,-1.646800166764332,0.743140383659071,2.3791423735174586,0.1200332951762787,2.4682503320615337,1.1081619131473213
0.906840289844588,0.2458923895388801,0.5254886566027144,-0.7437396388068748,-0.5195346725472533,1.1447433964994145,-1.3826244931805398,1.1698807350048377,-1.1648766784114462,0.1987705612318366,-0.2068331864617116,3.366139871397281,-0.904275117603506,-1.300548999282729,1.1187958874137651,-0.1758977863305044,1.396090335972488,2.580387540467091,0.6620744562307126,-1.4562461580972437,0.052009307416931,-0.5472135226912985,0.9662332484451448,0.170128699933115,2.2047503134839097,-0.3155221135524557,0.6801892870046524,-2.0767959711278627,0.3360432561187342,1.7569732851186184,-3.5729355774135123,2.7882819479915133,0.8791808325078811,1.2413906156365728,-4.305650125497285,1.713330246578531,0.1021924614761677,0.6201508171598438,0.8809572425431996,-0.6349971416504258,-1.6223962100005722
-1.768991180607053,-0.0072221302960421,-0.2678878923876897,0.7844348756604158,-0.3021077335063472,-0.2620393549928624,3.2399469317252527,-0.8208284104729494,-0.0629148632178048,0.5626942881419454,-0.2654555547264616,-1.1373213789188348,-0.165764413510894,0.1430529466800654,1.775750433226151,-2.379273101792334,-0.0726211789024444,1.9580459723709027,1.148582575560113,0.3358523135645695,0.4988706960068397,-0.9577517848381912,0.7674160971103723,1.607375391945831,-2.728082466976084,1.2333589702998589,2.008096317331676,-1.1448610136872095,1.0648976895658675,0.2030940019063314,1.2401758495003554,-0.90686647017759,0.436308316313445,0.5698140165040118,-1.4904501129355765,-0.0495427943495447,0.7701542107917654,0.1674574172898193,1.4286993854919214,-0.0449451556041739,0.9898143822432378
0.1859194607961148,0.3862948251143576,0.0564827847379374,0.009288734325401,0.2972059367641874,-1.2079032772390037,-1.5245446011629462,1.0865479786044838,-1.1176900297642185,-0.5874095643407949,-0.3419811227648219,6.3278582308237565,-4.415684530165406,-0.3910938616096355,1.1501263126467445,-1.329431444702381,0.4982339997646495,0.7160337810102815,-0.3575381391131189,-0.529507306760562,0.1746025601408705,0.0621964877935282,0.0212220769944931,-0.2183110872281581,1.8882025090050505,-0.5259675442748447,0.1843567731580729,-0.9281541823338642,-0.3394623446477347,-1.7916770692095034,0.7316040195921344,3.3218609942564123,0.2818111530069863,1.5907197382987417,-1.0732167430521915,-0.2348413891833748,-0.860043772266766,-0.197552828935592,0.7747652879438338,0.0226084811254625,-2.036628128248921
-0.1185991222995079,-0.4566342733909796,-0.5973171999237767,-1.3807246886372075,-0.2418774243215316,0.0514899360225724,-3.689623365260141,1.113316573807519,-1.167618442734206,-0.3128991456220548,0.8385913222143425,0.2717744027468955,-4.554228846418336,0.1802144738241576,-2.7615152074306044,0.7362775915737314,-0.5265404608435583,-0.331746059684348,0.970620642073744,-1.482650147324749,-2.020957838103723,0.8809922016224643,0.8046921739065785,-1.300245433497016,0.9249464051708208,-0.0374919350990739,-2.0558914749542585,-0.6774460359538239,0.2745804073424994,-0.645703718677823,-0.1463914953951983,2.5760307295897444,1.3740721752375196,0.767206019234167,-2.0213880546201124,-0.1228338216609767,2.475975628353921,-0.6208033903535218,-2.5649804021235867,0.2014265235516761,2.18349982206047
-0.2246845499862151,-1.1674674657517563,0.0703396116159911,0.1469648159456577,-0.4787031092650597,0.6885955311135115,3.6169180572233097,-0.7851676336995328,0.2164364155095173,1.177190002167515,-3.1324534062585103,-2.647050646292649,7.409198409438517,0.6523357006096986,0.4380696030785298,0.7166616758651807,-1.2602752794792214,2.741109152911418,-1.434151788266982,-0.133839833652359,-1.1202645240950029,-0.1848337085349597,-0.3506883450047144,0.28375671166372,-4.947671722351128,0.8482512738474104,2.222522602768935,0.1547088291671599,-0.2836128242762843,-0.1919044044521549,-2.21028971273949,-4.142231983211147,0.3024391382012287,1.7401964461294075,3.41336828810935,-0.2005001909329562,-0.6321451115086486,-0.969598565829948,7.930817665250008,-1.3306789520571962,0.8554599714412408
0.9864606917272956,-0.3094106445276677,0.4585473568833147,-1.3772596907829842,0.945135168147432,0.0176819201384268,-1.4375099077893554,4.010294482384932,-0.7751231837235995,0.5768196963647871,-2.0354402375143694,0.5989899601931057,1.8922010449386597,0.0749191792180714,0.3980445012836024,1.8484537134688657,-0.5222232345162776,5.139737795252274,-3.5904496280889155,0.2681167594273555,1.4678325643555354,-0.6585748755903016,0.9134993619602136,-1.3457504616762803,-0.8214661547988853,1.571093500438905,-0.7555392280762421,-0.3581791314756851,-1.3766579027086692,2.4292275086483945,-3.8223681909244815,3.4456946850944457,-2.01025476078927,-2.0434347017308085,5.674819444400166,-1.8325004467536077,-0.5031417143526501,0.7002984527032982,-4.239957834652849,-0.3832456984009358,3.2527196967459457
1.0120237642471124,-0.913859917076402,-1.2575495885916792,1.027450174347157,0.3229430413492572,-0.8388348766172377,-0.240855005143867,-1.0091679947514731,0.1372807469163219,-0.0630118607691434,-1.172571864593314,2.195482832671172,-1.6525352257532353,-1.2540520471701966,0.0108565341924842,0.2276343884929035,-1.0025060687531997,-0.5513826250161602,1.2687702572309942,0.1665141101754579,2.0137689878733123,-0.1888073774223087,1.4249287614712696,-2.854601007218614,-2.8537607824039743,0.2609081565543303,2.5560318675131146,-0.4431409313593075,-0.3020780640392164,-3.891569065369879,3.535746051673033,0.7986086871612657,0.1791138237711086,1.454577555189583,-3.06013097182002,1.144656279832999,-1.3534521231120624,0.9619266424552592,6.035137739315868,0.2308298427920292,-2.028586515110009
0.1993933151667203,-2.966966058225164,-0.1221619866401554,0.0208713004422251,0.2463589588984817,1.520808216636549,0.7733618409209363,-0.4135246728821903,0.0040235800464185,-0.3959673944716266,-1.2483557088882544,-3.722546081661414,8.519023564702337,0.7231058240540488,-0.2857805812529763,0.4627825998085029,-1.138300613644289,5.179261419813608,0.0691941411044702,-1.3187128126477892,-0.287990928673657,1.1366088488093458,-0.1936714989610448,-1.0662133996370895,-0.6454598636693585,-1.5831369339933452,0.3216764086833349,-0.5463426987876638,0.7254660601122213,-1.0919480599616171,0.8049870547655267,-2.1005680162340643,0.5402432987851998,-1.8045870874082688,4.424528283704116,1.1399028412856436,-0.3265139064587873,-1.495271373605919,-4.513936297265205,0.8342638164350317,-0.5281816952600449
-0.0055951939624271,-0.818798866098861,-0.9449299881850376,0.4585943888616622,-0.5061327176907736,-1.276759293265514,4.009046930364787,0.3444049577729864,-0.1893779141404939,0.3244736262221514,-2.3162400968054486,-2.455500349646304,1.6293931605269036,-1.2542904623193063,1.7801870345850326,0.7629729967206234,-2.0248105183235983,5.439598166339013,1.4418910604612338,0.3750855173116417,-1.9276299073237544,1.5678243728036956,-0.6188837739746162,0.3112072745869625,0.0792100467442582,-0.5652484254391931,4.532485091949921,1.19381901227902,-0.701802653109628,1.5717669583156637,-0.4996939024506159,-3.547872881625365,1.0108656494453618,4.6360053036570985,-2.064943074348418,-0.7354895207124994,-0.2115697269780125,0.2513107243687553,0.5902785071081331,0.1983098423912247,3.851470966828235
-1.1657152497707728,-3.495563643950206,-0.0602224814217527,-0.6745957923847193,-1.1259576344760456,1.0206559024677913,-0.8585629002850508,-2.677560469550025,-1.0600544273377663,-0.784807977807499,-2.188679638143705,-0.1082212991971164,3.062834736902396,0.1031317234090556,0.3470938401232135,0.8891956873013981,-0.6344890603724875,1.2795063425216622,0.8850302206434038,1.7672702708247905,-1.1123204202422914,-0.1649814490770459,0.8729861425117191,0.2858558812351798,0.8959833938934265,-0.5327659174675037,0.6034760475808831,-1.100562202854262,-1.3139933788479472,-2.865519444979149,7.434658412021792,1.2255197803640727,-0.3394947876808802,-1.6504613095087717,4.474197144301418,-1.6648739286598462,-1.0004217830613122,0.2807966404446901,-7.500174424009184,1.587689345628901,-4.518352010558386
2.1047226751803585,0.6660586869260168,1.1214357611540149,0.8676285232400806,1.236682591322006,0.2964068748473438,-1.5285528027802329,0.7448017991117222,0.0517386883968948,0.6805944561143491,-0.8897369272786082,1.716271002822766,1.160427932017884,-0.847367842751647,-1.451860277112471,0.3348120470405846,-0.4201761553158199,-1.4595253322657675,-0.7135404505719469,0.4364917449596885,1.0324051791541606,-0.2756757960496203,0.6765435518247349,1.6469512555610804,0.3177831867353498,-0.4316916006623545,2.761764065300868,0.2471359131646575,0.6296945341764759,-3.5764842685431306,2.452626209492622,-1.534606605778428,1.0891585736522933,2.599576926382002,-7.548908382215843,-0.0131703281819322,0.0826890332765909,0.3072819803843507,9.043419883696227,-0.9000000772667921,-4.5337461157636
1.6013124103798408,-1.493959046476926,-0.4222511160383506,-0.6165443464556798,-0.2566026558496413,0.0282603593001695,-1.567588147101047,4.561184123902418,-1.3455198559050234,0.802055394836172,-3.351263160181335,-4.362009156234298,4.965215478077929,-0.4842429435484219,0.3277118657078454,-0.8475118376610498,0.1296714319068277,2.940301807217608,-0.4900477092372974,0.22991430212563,0.7648066332389332,-0.2224983433699836,-1.2517972202320056,1.095987975424438,-0.1336121455881358,-0.0072718679325023,-0.2232283114726423,0.4562500789906901,1.3360438417897085,4.929900029462305,-2.559813940465085,-3.179477633410597,-1.1296007388680491,0.3746525451462454,0.4867086853877942,1.2270113038639716,-0.0267397029089087,0.4582410981254329,-3.155669810591234,-1.5037335852109612,3.484307095437111
1.013004363001581,-0.7153715085410796,0.7873146019040315,0.3454438514887186,0.7778431027806423,0.2721111434694651,-0.2827463394942597,1.9891848229222568,0.0566091795657141,-0.7074749084312506,1.6612877871478244,1.808675289284392,-10.568173674993238,-1.429103194759109,4.529970578614572,0.0715788099810244,-0.0631524342619462,-2.1709749663437656,1.1649575019114358,0.2037140803152156,-0.1700018056008507,1.8480004382891024,1.302122531846984,-0.0223412280397635,2.057935327701981,0.5234939828194924,-1.4818221357311503,-0.1529206470666363,-1.205106472626442,-2.374076858865152,2.739081626828706,2.0530315056993422,0.108471053547212,-0.2664107125174033,-0.254839497931943,-0.2317911227926494,-1.1637373810161131,-0.1147968009180302,-5.737898617429985,-0.1176844796505818,3.755649213695103
0.0146336754021894,-0.1473907897803157,0.0874933161074963,-0.2104183793958789,-0.008469724999841,0.8057522711568804,1.2806631018929355,-0.8983292704658281,-0.3785290439804317,-1.953476949814153,-2.5185812576981546,-3.2220067920980404,1.508416885014984,2.162353233391511,2.350901716723354,-0.5773496294758889,1.0901201385689143,-0.2684599565222583,-0.3745928637324419,0.2383945600236638,0.6518225853794569,-0.0815074453837881,-0.7315604091617239,1.1294672693460617,-3.3188238334146143,1.0217308067481006,-0.3083345196743863,-0.3247514425095526,1.898743080652708,-2.429405697509459,1.7455619902613138,0.045952250417792,-0.8711513694683225,-1.6832681238725105,7.039985630264399,-0.3851688886113266,0.5282862762085031,0.9081262044839988,-0.3012454251702762,0.6681192921904012,0.1195633091404859
0.2062846118180377,0.6127620476248639,-0.3654563468080536,-1.6211101511665142,0.8397932582409992,0.276515246091915,4.996503343982119,1.4691176782560285,-1.570349319130461,-0.1144829367694481,-1.7402574247476168,-6.639947534613642,6.344608612304497,1.0848142443087494,0.1449665190474116,1.0711619223698374,-0.4239390185648168,2.8222403131545466,-0.474086198855259,0.0046080568030259,-1.1058680157406189,-0.0866844901144646,0.7375878918854923,0.7950132232915619,-1.649532488514187,1.073998425718142,4.027802013657142,-0.7934299708434238,0.7758220776456668,5.504413251912909,-3.5075216624917958,-1.467313043382327,-0.2183270109579834,-3.956466595298256,0.1549835144336535,-1.6026959392268252,0.1136562170301303,-1.7282511102931537,0.811442546742222,-1.1263251869944868,5.4504465385906
0.3917466437694946,-0.3818193772485145,-0.4306191952925993,-0.515033645935289,-0.2691366413320574,0.0330858091617538,-1.5171777871472478,3.491446159263548,0.5377426154929522,0.0912584266026121,-2.6138435286049084,-3.2722127826031477,2.754495094307098,-0.5528933244546521,0.5443290319383434,1.827633132152937,-0.6881962751633238,1.709380221166676,-0.5721107247103584,-1.3159979543667246,0.7235776149555485,1.0513411526146446,0.3588732015345363,0.3004225493855537,1.3548761369778557,0.6346164004280508,-0.5236567630535622,-0.4209455650885804,0.030573604980147,3.173555251165418,-2.2569855783656028,-2.862510753859925,1.2041867921335905,0.7496269697159308,3.0509517803406974,-1.335901960496063,-0.4410711102180468,0.2915825873700411,-4.213245792942271,-1.512914353275835,3.690658201987433
0.179497101233236,1.9683990105457232,-0.7657683487800379,-0.563453481216598,-0.172175758605664,0.7437775520506744,2.2491920646039287,-2.2181228436539344,-0.1957839429348782,0.2107134096126908,1.391402968335039,1.3311967335054304,-0.5414429120378337,0.3557726489616622,2.4121598910851056,1.4203608829831749,0.1639130709601995,-3.633894897935815,-0.0415110411734946,1.1164599680402452,-1.234777985586343,-1.0288952429923457,-0.2081458069700521,0.2936302922960747,-0.5356659481249331,0.3091267205833113,5.350524902778287,-0.2847070435467997,0.5937541883205446,-3.33205106440742,2.0235790634335,-2.790157355036349,0.4196819817251187,-0.3652053035709515,-1.460846657461729,0.3157757236392327,-2.7765060052828896,0.8310627337709126,5.668419164661368,0.7978414072139461,-1.1190598313947224
1.148347708002057,-5.093635711391027,-1.7631079823094078,0.9329557922100854,0.9568195657682342,-1.6608513636744255,-1.3067796795269049,-1.3431324491305687,0.6065897339698112,-0.3474062532504149,2.145319914417237,-0.5767127479265398,5.683840798582775,-0.0324874579662267,-0.6432208027321253,-1.604088924733068,1.0746345658530807,3.1219777070901875,-0.919131817982334,-2.7943531158443764,-0.4533864658977795,0.610261308514272,1.944564862691453,0.5432037623324345,-0.4407030285117475,0.9275297917138788,0.1639860903954796,-1.6693877640050223,-1.5566130938543747,1.960012734925578,1.435872878411266,-1.0783274679846655,0.6563827833840684,-1.009793158502005,0.864899322957484,-0.923086483123598,-0.819236354323443,2.081778512967758,-8.221708792803973,0.5893729529505966,-1.558590122904675
-1.8512752494979317,2.18299940989746,0.3659461573029746,1.0004478733316542,1.0837600743211355,0.4996918503030119,-0.1263147976718068,-3.395806472217845,-1.2270665193510522,-0.886479339141927,-7.121554766461959,-3.5955980044586324,1.127703465333549,0.6936474118919486,-0.8844249825082879,-1.782036226706186,-2.099628125470188,5.95375845679195,1.747992736461693,1.4291657619239977,0.528579225905415,0.3417277162037117,-0.7324559161106124,1.8007783718969668,-3.2134590748078518,-1.0306231788030566,3.683176138467615,-0.6888548468253687,1.3941279663578228,-1.3451585634196708,0.1014257014140433,-3.343698267645701,1.0694951520653238,2.4189484392435414,-2.183499770078263,0.887429239099283,0.1118835887881832,0.3538286748971966,2.9365826492326166,-0.4920540148340318,3.744649340057809
-0.9147528023903791,-2.283089381204446,-0.4550973473898997,0.6142621962898065,-0.8127382602066179,0.7632544393359341,3.3158332298022737,3.0259694552087844,-0.3791150218431971,0.3299081445410697,-1.4883623021072747,-0.4694738844375901,2.5494310679495293,0.6629847630591188,5.363447152530521,0.1069519013764206,1.8029574124207404,-1.2414514199474391,0.4682106255282734,-0.0135690287889526,0.3451850713185381,0.7345047409043958,0.3719994570131426,-0.6317704478829212,-0.215340503710768,-0.3577511395246829,0.7101388946545419,0.8118985375551068,0.1204085947245836,-0.7183604715594971,-5.539147014385313,-5.845296728277746,0.6616654740522062,3.368713065961661,3.8370781562548606,-0.992767642034786,0.0164489959302977,2.6600702808866283,8.149610707386001,-0.3893771408029045,3.410701671976668
-0.344893950455,-0.4658444905478673,0.8980227468714336,-2.486562684949137,0.2886534298443967,-1.269531278770223,-1.8388957712281888,-7.802033108794782,-0.2732673503531097,0.1730385736062122,-1.2554887835612478,1.697450335727599,-4.908845681027598,0.0351666869185317,5.180773042782339,-0.319528342538136,1.1217947466095792,4.848476426650608,0.9271832536351376,-0.6902815138385255,-0.599435288670157,1.1595128248962947,0.2989453642291463,1.1632623830337945,-1.2529282888538875,-0.8338515845991615,0.4509220017983091,0.4991624310451368,1.0577476879940593,0.5375087667182907,3.5132574696335364,-0.5928333319301096,-2.243505229803921,-1.240882961830529,-1.5607567160917886,0.7713552657229588,0.0289879321328645,2.0391040660175124,-13.491453652856665,0.9407342892072053,-0.3534391679915711
-0.0392097065230424,0.3657257152847069,-0.7010425990347474,0.0277595340272472,-0.1667638694253913,0.392434995603201,5.113279828731741,4.645022915232566,2.187830704134176,-0.4816201569791776,-1.3698103464530318,1.4930072519495687,-6.371568397798013,-0.0741585139123241,4.423243527314803,-1.051689069875628,1.0042087219891225,-4.543596918937409,-1.54418236439733,-0.0526494315288485,-0.5348469488839134,1.125078229662121,0.648136701602103,0.1268647260967231,0.1930556483033745,-1.1654681960441584,1.847013499626757,1.7227119260306172,1.7791206533422617,-2.603436559577985,-2.811970317828859,-1.0345676074665506,-0.9204533155282404,2.8285440625937093,-3.522510502256967,-0.1264918529122269,1.5728607805225503,-0.0108621947534011,15.045071739658312,-1.0747055017576737,4.5746182510407
1.6979800677518124,1.9450184441853613,1.3610580831730736,-0.4615998607277741,0.1060815972398861,1.216339825971851,-3.667907970021788,2.01827515125085,0.8842189076714098,2.341494982563558,-5.4877515339576455,-4.929060251041816,-5.236402728877373,0.4603277381224379,3.513908226643289,1.0708995006238782,0.1604970240979739,-0.8676810514361262,0.3143095371829632,-0.4552216296348638,-0.8788629479943459,1.2543242185788923,0.1098075566013233,-1.5356854002193263,0.5846855081756406,0.3302676287395699,-1.133849903772739,2.203577483657977,0.4711601414510976,3.2713428877261097,5.307864564010516,-2.649744965446607,-1.0224925511976988,0.5138533110203783,-1.2739814416358328,0.3180332898366599,-0.8697536203278508,-0.187214100077933,-10.206454911831202,0.080333113200182,2.590727686558723
1.2324988854531478,0.6976796271676191,-0.5274734173844552,0.6508684778408813,0.841359683010801,-1.2904368197194136,2.240901543102831,0.8353528447287162,0.3650149893334862,-0.0068488930035245,-2.8023469674258066,-0.3503293519488237,0.0549421981842794,0.3631047526631279,-1.4378119854502884,-0.0655882151837593,1.8919831060798,-1.0414648622743945,0.5405912652572787,-1.0153088598249782,0.0083213664510184,-1.1941737311735496,0.9716646466465164,-0.2369024482956309,-2.6784735738875,-0.7508919464219077,1.3356426657123732,0.6958211309901174,-0.472119750458472,-3.0291496391742845,1.3039048720724224,-0.6349503169216213,1.5697799677614708,-0.260857774292776,-1.813776263295179,1.4311240464377717,-0.2764163775708526,-1.5970534458010612,10.199015688117765,-0.8351598083178305,1.1478087873000888
-0.1396058761337701,-0.5372539785184474,0.1720335585269879,-0.5391199704709017,0.3074547113083896,0.5565195660947676,0.6802592119274706,-1.099610523074732,-0.3211039420127959,-0.2437075029580419,0.0662254374657795,-5.062043264294619,-3.98590575599743,1.280232450442064,1.8310489995456103,-0.9116237958770468,0.0293358612408074,1.2406809925865208,1.1580719552833878,0.09338331571308,0.3405697955588698,2.096094657808327,-1.4900152559739015,1.0987734507764937,3.776822550359421,2.241710034634772,0.3259490068567537,-1.5385887009994852,0.0264930363720775,-0.9023908316659152,4.345668868283831,2.025309951934901,-2.545010638290964,0.0465610630054403,0.1064090631528171,-1.7334281646222027,0.3263762043406688,-0.8075875316215824,-10.927176171523003,1.9106346406594603,1.3741673282667426
0.6084521931591863,0.1014447344777758,3.313973360404209,1.606471405462531,-0.3717361029353741,0.3091469272607667,2.1973851623712,-1.1309001926144913,0.9320525133367528,0.3971146254391326,-0.3242399579368213,-3.995249587022627,0.930130275814278,-1.3783296747733662,0.804706427732285,0.0970673458557508,-2.447995375633393,4.229548839098619,0.0981085849072466,2.246405053473591,0.1546404488908348,1.366848991654568,0.8180960333220415,-0.1507794256722654,1.1566942975739996,0.1592314925510385,1.1948962648524477,0.1847846443696695,-1.5200452886222815,0.3293157809116995,1.2141425410658284,1.6945934348953369,-0.3130407751116314,2.8906989504527085,3.055713116566188,-1.4543814017624233,-0.4338130243629368,0.9468833132524004,-6.175103114807875,0.6205564011770611,-0.3417431587301434
-0.7276846453316349,1.7891962414631464,1.5118994331571354,0.8315251129351587,-0.5975114876988399,0.6184002037011964,-0.2428775213619498,-0.2097340014621334,-1.8830211723563717,0.3694030917392619,5.909838928310399,2.838814700882242,2.323893021461176,1.6541335019435146,-2.325016627041954,1.1838759401886665,-1.6944892780856255,2.424725903415006,-0.8331392420241106,-0.4639374476077,1.92004624285614,0.8017627064718611,-0.6758438120607065,2.5415634031674275,0.0700980686600614,-0.4131747461510895,-0.6891726379434568,-0.9454006779301016,-0.7730772277853182,3.574162467456855,-2.243594112853007,0.8213630768576059,0.304623787968799,-2.03076789958215,0.597994020986611,0.7493385344104002,-0.0201793231418,0.1223909620290835,-5.773231179685037,1.2062026945082336,-0.8917908341387024
-0.2232705836204569,5.185666633788922,0.216195192155552,0.2802638107528845,-0.0179245989982014,0.643543354450458,3.916480036284071,2.332016262369524,-0.6566793629280955,-0.1139748420663746,6.14894775960166,-0.2014956279138597,10.435490797077644,1.0854477367707729,-3.3450658713921237,-0.1665450459994844,-0.3713348170829843,2.667700348444918,-0.8374142999888677,-0.8095171224316291,0.620138172050414,-0.2692537359804428,-2.606509714644829,-0.3297119180488044,-0.8172447759734018,-0.2238701978840174,2.818213107024306,0.0728772078607005,-0.0283942981459771,0.6542860644649675,-1.539464796527182,-3.4018576013136155,1.2869088645676017,0.1464354060949253,4.084108743342605,2.6772398551651886,-0.2306694856153375,0.1661730352440796,2.798035340068133,0.3972033242783396,-3.537764796903577
-0.3609797132536995,-0.5397420236490864,0.5499215449482416,-0.2347770456502459,-0.1432789968298269,0.4851878390583187,2.2197168691123137,-1.2997428881096322,-0.6484353703977078,0.0777782197193,-0.5484846020689917,0.8108058767934183,-4.196095420501193,-0.1115817813275623,2.2619316494030244,-0.3908891053432912,-0.1248830289184852,0.2147648569895073,-1.4633993088403008,-1.1746061064492863,-0.1384715245804942,-1.0430702868752806,1.1082127505807844,0.4998860898882298,-2.1507025893781018,0.6379348950790086,0.7375157464674333,1.2916304816937243,-1.387837736344415,-1.348669596908108,5.281334909121469,2.1144475680691985,-0.8784673045557062,-2.297041470490559,1.0815951491281148,1.0500582017915328,-0.1324718055783536,-0.7675597229231301,-3.277133818258302,-0.2117502077893318,0.7831032596104175
-0.0261495131758113,-1.682044064550079,-1.6434747687739304,0.0199481690282918,0.0281505172962134,0.547684508124801,-0.8257753659707585,-3.5749440177435674,1.5222607022478165,0.1316637175697053,-2.489324106883056,-2.652295667936639,-2.466966696373621,-2.4889315422789284,0.7823989536329633,0.2128719291456164,-1.1949102512248535,0.9236750165309604,-0.1766533925595588,-0.3599241484129964,-0.086834084763622,-0.4473041001051474,-0.268715253054287,-0.4799934262238203,-3.217758146025631,1.3465101999294744,1.3089800217428629,-1.2929726625079587,-0.3226350824961021,0.5818179625483635,-0.3067010577610736,-2.577581636483336,-0.1819654618480732,3.183179164373903,-0.1740029870656347,0.0609426331565938,-0.8191030784997266,1.0120895407284611,-1.2342393098240254,-0.0443379347381308,4.315441416937437
-0.0458700437327901,-0.8470335116588124,-1.689827496309029,-0.6829426561164924,-0.1400487126588775,1.7087287867257888,-3.0871333593657444,-0.8670200715258223,0.1310661265380753,-0.9475972004752248,-1.2324078613627631,-5.487722840124736,2.9038450563207583,0.2801584370003558,0.7893966517239556,-0.8437423760977895,0.0652799021735275,1.4617805898361664,0.9875559041971652,-0.45549356643331,-0.8128317382816566,1.1129811483011414,-1.3041215246636264,0.2476509752329299,-1.064455686649991,-1.0963847990159186,5.418955959614139,-1.943880292372844,-0.8885976250343328,1.6873757896548738,2.7976946053687817,-5.083625154225191,0.4367095227249007,3.089999706690944,0.3007830005553218,0.1452514134093664,-0.1446711043256169,-0.473718382961843,-7.809591725802834,0.3516303250899988,2.245594236466977
-0.9451212530180536,2.8765613276709843,1.3763333430216225,0.625782610719464,-0.504703557616932,-0.2656239652753653,0.9478283762241404,0.3413960148434504,-0.491519740543104,0.33553735003368,-3.566249524434585,-2.17671271530864,-2.5634213436572435,1.7858679845727032,3.0953697757319434,-1.3001294567973434,-0.2719516783116274,-1.1874022391117536,-1.0631984178732965,-0.0769771908535869,0.0485786746332406,-1.668528593820244,0.8821354245809079,-1.6677516010410092,-0.2914795307424943,-0.4281220241810207,2.074586344870895,0.059674960591831,-0.0172672056821027,1.3133927906384817,3.4334703302685745,-1.2889086411316883,0.2462728807859708,-1.484014488183516,-2.680757578951809,-0.9001669996641316,-1.6810830146299287,-0.2337054011572516,-0.7585752308285967,1.493618581441663,0.6295049804324431
1.0756645104803055,-0.3986132573395897,0.1800985205415922,0.1444917827133423,0.9218128248157827,-0.5541521845857299,-4.59852870910728,2.8595214286896637,-0.7566307385528355,0.4037165384607298,-0.8080295687158616,1.1429392111816576,1.2020958610070025,0.5613112125681378,3.9133527935272334,-1.4440437407629745,0.1796865749186454,2.5646821926231302,-0.1644029170228867,-0.1149745760706096,2.047773666981513,-0.402651031900947,-0.3423530700190808,1.270428622600917,0.5734061052825117,-0.6691946978257439,3.050644605513471,2.1496900526259184,-0.6063941296123351,3.2445353980089946,-1.2268306744265858,-0.9244103923150628,-2.3022476467507262,2.7881366149505467,4.158884470809889,-0.3437294834305415,-1.573072858997098,-0.4279858876339771,-8.788207320305586,-1.012051026617082,0.3441891433519055
-1.36433041646956,-3.042947935136219,1.846844142500154,0.0072534811658918,-1.63226243488108,-1.3031364265106642,2.782064155662478,0.8186354881790718,-0.646052771319099,-0.4231666431523155,-3.992607964776609,-0.0212366754045522,-3.4531797003156743,-0.0477090725809258,5.825843322636113,0.6778179381652563,-0.4940243865875256,1.1376502441534029,0.0246623559211516,0.3157157193585201,-0.2257832807053194,-0.6462262300727714,-0.7109461518120527,-0.5797364297994048,2.8608312628078507,-1.9998678086512065,4.588954822404109,0.7899691733031231,0.4872108787081053,0.7884050395249629,-0.6155576756118517,-2.6866163157607543,0.0080398050593345,3.700648128460044,-1.6843490854063088,-0.2556736883969976,-0.3824919810039294,-0.0891347691276791,0.3026973483921166,-1.4465383357385286,5.285666743392112
-0.8598760075361479,-3.051655631354475,-0.8696046162558361,-0.0126766064997941,-0.5190320289976317,-1.0088260500421111,-3.363382934371096,2.7206968264157174,-0.4066425990223095,-0.6305609900189321,-1.489257353003287,-0.6796863830173085,-0.1852506874065506,0.4065766918902275,2.2800723305547708,-0.146113573199944,0.3175760789343158,-0.1124995578061653,-0.0938054991446867,-0.0966705425267461,-0.0642355920360437,0.0079899825837823,2.9866302690959645,0.3487522933529403,-3.479760841319967,-0.4217822052722825,0.1081845820876619,1.622407400666691,0.5904214571264309,-0.0689083027892236,2.427529356122188,-3.440963365726452,0.9976754757834732,3.2832389613750728,-0.3387373372392752,0.6061619485029502,-0.8203448764816716,1.7414723748113847,-1.2356645168429368,-0.0734578157684397,0.6360678503608598
-0.4212094069677636,-3.418341138954075,-1.2669937869107626,0.4267714508744712,0.2582607537097985,-1.1157457601978178,2.142611033062763,3.857385177040092,-1.1197338851032006,-0.5203392984299858,-1.2258631595502787,-1.749827559301908,6.113154131486455,-1.1559535115909203,0.0244572828629066,0.7149650005056597,-0.448035981810065,0.4177763638604259,-0.0655670419084085,-0.5658029092160786,0.1795407568611922,-0.2822627568209656,-1.2459422650570997,-0.971616672707043,-3.496679803626142,-0.1886706812235492,0.5911752638074936,-0.8730930290912647,0.1094761647258508,0.5642621607930437,-3.247846687277767,-2.751119759402628,-0.9710336546260688,-0.678748675501478,0.2182615398931022,-1.4004286635605916,-1.920204278851697,-1.583184778309849,8.662351132860842,-1.3604415140211603,2.432150291694072
-0.7060797107196222,-0.4670082521472032,0.447040948777596,0.6536074018503093,2.326938564226418,0.146461198529043,5.0135098499484165,-0.6127804944352699,1.0568680499920582,1.0994620420434047,-3.326475711898973,-7.521307774846555,7.653295758776623,-1.3211206413766443,-2.0252784797686867,1.5438602613264418,0.9787288910808314,7.229403033004694,-1.058448507253536,-2.002052789884889,-0.936856849383126,0.7539946893825683,-0.8935632838898673,-0.0071614606690049,-0.3523460471548091,0.0357609462126853,4.011686289736881,0.1521357738868917,-0.0967476944357067,-0.2608018309652885,0.9311575054982012,-1.7490110892821722,-1.123316401403566,3.026354747351752,0.0530965523683464,-0.2676406544712757,-0.6043437224005467,1.6111992546032632,1.2724294574876678,0.1446167472750068,1.045931167259327
0.0759710885587949,1.5008447458176306,0.3114756377884872,0.7715811672195697,0.2439619699646462,0.1594833842144071,-0.4550878457561944,-0.933034298801197,-1.3908901975903671,0.4091759877811251,-0.3947172480490961,-3.495160953011072,2.541941406424898,-0.3222806105719479,-1.39763588269642,1.9735815243705488,1.3191275502186368,-0.0855923462514223,-0.8592552406694155,-0.3837791376598879,2.047130419121219,-0.2403991193116417,-0.2066928536471366,-0.1229963134427133,-1.8306133520199492,1.8591090439538915,-1.2581092963816354,0.3873656034695587,-0.982286596301912,-2.0687972015193328,-0.4486454311350285,-0.2211029230414334,-1.3812921281253734,1.85166720122296,2.420108519849595,-0.0453015736633931,0.9165040627778014,0.4424060321240555,2.6269928610087514,-0.9051688015062292,-2.3459652593238984
1.5694975040408494,-3.613190610053607,0.0743823822329916,0.4337559765110373,-0.7253169837924719,1.2794206813360385,0.5376618336319252,0.7139329095383271,-0.3989600124496608,-0.8704875201318933,1.5869120093357083,-0.5890013305786205,-3.021294220463565,1.364140286248103,1.4171799144158164,0.3605470177136186,-0.9774173602921128,-3.456573910011067,-0.1074498712330221,0.6418979641168866,0.001989806347075,-0.4929920437478743,-0.3228956485215895,-1.4330237031220123,-0.6091495070940695,0.8678501037000893,-0.8697573030591892,-1.797142317370945,0.8314212550523368,-1.4659843373274937,1.328449027584432,1.0865049207233834,0.8919949606117002,-1.5780973397593403,-0.2702348744009983,0.9840112290578032,0.8204070094945718,-0.7682907713783992,0.1753848251444792,-1.6191663671131469,1.805161512742485
0.1696891630264868,-3.918158590289562,-0.3272429943673794,1.4373672104338622,2.2521436921813733,-0.7839590479285055,4.849221346752919,-1.387241526441907,-0.342075584069663,0.4444333446303046,4.4540776230133625,0.001895249199368,4.530793832821377,-0.1810041521898468,-1.2888603450635152,-0.8051047485719293,0.3077406234502099,1.979852857694326,-1.3905127916092133,-1.2348284795168694,-1.062076560181195,-0.8808753309530288,1.1109241436731054,-0.1345457683027885,-5.5952942148779,1.094651438533066,2.634383691261524,0.6708612808368954,0.1970682220159112,-1.091479210940116,-3.125000788294801,0.8126824727590067,0.0089746377288013,-2.036666557698433,-0.4539594771686988,0.6528312249377964,2.003585636441184,-1.4634485379798037,7.250718978314813,-0.0443028656831343,2.0458416128185357
0.1152595522544766,-4.152498998913005,-0.7017427631301775,0.2388060745508883,0.4033936335964635,-1.1672905127332296,1.5467753275508185,-4.981713445842592,2.044463397355631,-0.7765397588199726,-2.093490974152417,-2.9855366368386527,5.028233620930873,-0.121957408164282,-0.3238148878484195,2.235151800328532,1.078580923195268,5.432548813672637,-0.742726532503803,-1.979161241529485,1.672208734266341,1.6340859339968838,-1.105640450285507,-0.0899005588215365,-0.8624693796549003,-0.2564578840391147,2.9538637675234893,-0.7503385454064628,0.517557712922414,-0.4856544611437704,6.7965354730115175,-0.2608526339977201,-0.6604314553719933,-2.415255229903033,-0.4144045115764685,-0.1310559628687398,-0.1148049576598495,-0.1193463590607447,-8.647764068133334,2.6305537256337304,-1.9075850056424557
-0.0393793701193741,0.0409198376482264,0.863655330701915,-0.5814774606699934,-1.0367347277688004,0.4498782604987195,1.1960088447329178,-0.2000623857248138,-1.6576442047685418,0.9399323160410888,0.3443441405491685,2.0928440370446317,0.7817337113594495,-0.731764528518089,0.1986304944519737,-0.0052046789457488,-0.7246956687977346,0.1853664274417404,-0.731786113413193,0.9989639460422264,0.3413500294750179,2.0080040347903747,0.7192434562140989,-0.4964235391722718,1.1000615689730129,0.4275018895372756,2.241341931817131,1.9521609927790815,-1.097729749342924,-1.0017345282133516,0.6014174075661363,-1.1021398056596614,-0.4736803986086569,1.3717933150733062,-4.177111794139702,-0.3596653033890297,0.4446805467861936,-0.4283180088453489,4.316987398700036,0.6383959742666401,-2.0380053857929354
1.0996875186230883,-0.2745855261069765,-0.676973627837219,-0.4570713442088601,-1.653309642602721,0.8512710996541104,2.109817432560855,2.888241806476495,-0.6904608182611965,0.6084475841341944,1.3473582491956335,-2.755618152539522,0.9820341273309312,-0.8576780689737195,-3.6455184747200473,0.8698000938093743,-2.215998616512876,1.296904187966494,-0.0782630000927359,1.5491698977489734,0.9989434923125738,-1.2429884941567375,1.4018971305489611,-0.7823551579467152,0.4302625895397129,0.430534503411105,-0.3270073170321255,0.7154018275055903,-1.3622037820272537,0.2840439586672489,-4.086908187932461,2.333016280087429,-0.048407013694529,1.1406904715458042,-2.1457333590631107,-0.6146885787064018,0.9774634017801508,0.4950932066768381,5.649085177222823,-0.1975594265527922,3.0097681002639023
0.8146529139177477,-0.7628180325209981,0.802027483917593,2.1909121596136765,0.2581880407196089,0.8038440433735404,0.341865246891589,0.5458236915537276,0.4228633446334052,-0.7836536140722841,0.4128828764059189,2.483396518802937,-0.7515644998593947,-0.9874082817235278,-3.230534970691309,0.981583047905936,1.4262092934766624,2.382857920590854,-0.6878192387733403,0.5527043270594004,0.2232975916533746,-0.6164163559596979,-1.0966209490492196,1.2601117538703868,1.6254503563227225,-0.8818718305855615,-0.4857917135958554,0.1711316487316726,1.0972000617257094,-1.5835458697252105,-0.1538678508682399,3.475381110840568,-1.7483370961816012,0.5221700961668101,-4.243667041436687,-0.0196747063908499,0.1180722830629971,0.3622382534237088,3.2893939289891305,-0.5791110266168648,-1.0493139189176568
0.0294804388903382,0.6251220754914091,0.670206633896859,-0.2185260594839736,0.5323945025743932,-1.1144526811205615,0.2005352871175256,1.3225624667933382,1.5898985153039746,0.4148086122924144,-2.7027412938329483,-2.7647902507922453,1.451655779446616,0.1059546888364348,-1.1696831126009095,1.4016789338228803,-0.3826160932343111,0.4546017924594003,-0.3855240977172777,-0.3844935655317593,0.362860864583275,-1.0874670649766294,-1.342019973680857,-1.8964943892661392,-3.726400915901122,-1.3315907074932667,1.3686180212607033,-1.089150098955591,-0.5461781566813573,-2.449930275901509,2.248977967169632,0.5329683297166585,-0.559523507197746,-2.4072062405932644,-1.890737631835816,0.6634386196391725,-1.622073081215014,-0.329665521462316,5.3155410005671015,0.428858600628933,0.5463357007668788
-0.4621570617101346,3.007911021348505,0.8175174679195507,-0.6417268984057036,0.4037046692485906,0.0278920617971455,-1.4168367155709254,0.5837070244589496,0.5200572693765066,0.0386279324635962,-2.050836273255877,-2.546217817159999,1.499239074623568,1.264620803550347,2.5690062849908357,-1.346127995078832,0.7632311800335068,-0.4308891811185353,-0.5707014321716735,1.4711995093614565,1.466888968095522,-0.3904652259402326,-0.186409861627394,-0.6799987421405895,-2.3502387083951355,-1.7181862287579877,5.617845803588486,1.6971452557349964,0.0907124024451574,-1.022226405044667,4.620651790093377,-2.181152475294833,0.6575395445024125,-1.1270533207983895,-3.8754127536328578,-0.3296750501677526,-0.7743131956051531,1.545417654360408,0.5967612034654353,-0.2773538209715308,-2.373350937416677
-0.601392072616562,0.4173503788714772,0.952104747149116,-0.2839446112703873,-0.8769973196416035,-0.2538960898845473,3.0205296227076337,-2.325369156885969,-1.9787385499598016,0.4036933663917077,0.1269229884543026,-1.1106061737125503,-0.449690472799827,1.5399070363556822,1.5034000134933283,0.7635504452681271,-1.9665731092240195,2.506410361999998,-0.3324714592686029,0.4107477233756976,0.9579617505544604,1.0566635670220337,0.2302183390096819,0.8406249843414723,-3.487172187095514,1.643506281030656,2.444817780038023,-0.4698359555978822,0.5602602519550977,0.0149958248451143,2.5937689202157723,-2.3209575509202898,-0.484820779034792,1.0711507873525536,-4.358634751757816,1.0386584425411287,0.923353066280478,0.3718361298632024,1.1607999067564434,1.3163833042486206,0.2515944072844059
-0.4595180587131929,-2.33561222530145,0.241580587108745,0.4564809291534243,0.1432206101395558,-1.026232500425225,1.713575795847464,-1.1417621069905532,-0.5930133643500206,0.9543145054520122,-1.058990556851235,-1.7516979072694854,2.092678470859354,-0.7762161457458274,0.7016693462419993,-0.3056863449904633,-0.4128257345558773,-1.0100804569724189,-0.4484103980274557,-1.541062311420428,-0.3270271053194063,1.3686150030366322,0.4359830630673892,1.080276960287506,-2.633129195436584,-0.3504449520037968,0.3511844893223002,1.0884775238897917,-0.5259658897251438,-2.724384202940379,-0.6311652082830661,-3.06516642136873,0.1878989032434255,1.542804804632533,-0.4092704251653501,-0.5816417129787518,0.778564647575893,0.2401326605664732,7.221869087990547,0.5392039556764888,0.3822675091015318
0.2010617412131236,3.099166574669943,-0.5882115536942889,1.962790779314184,-0.5701973106756154,2.76690302021938,-7.216717767453399,2.0887337636386043,-0.0945439529208588,-1.8476222734111984,-2.8606259173020288,-2.643489342659736,-0.6598973738525066,1.4609927465597856,2.812945713191473,1.591317667806316,0.4669705187658209,0.6464340543320805,-0.670946781236151,0.5617145612677948,-0.8271343449308097,1.1302967513458957,0.2122508109145343,-0.5866609716251663,2.1560507521847923,-0.8900854164412727,3.0586430195554346,-0.9244122598374436,-0.4485481414492491,2.035723626035696,4.603254465495366,-4.389382912799341,-0.3456246496031801,2.752249333491388,-2.5643898553702726,-1.2613069622331552,0.0440822883022961,-0.6023019895659598,-11.024119064972234,-1.0987760094522194,-1.5147878890470334
0.7228948308207428,-1.232994138720791,-0.0764373401311924,0.5402478277446281,1.6724445554333771,-0.9798268701987058,0.3817160075619942,-4.836748313011127,0.7833992202238823,0.4660625988419215,-5.410351880295096,0.0175577955196737,-3.7112510150811104,-0.308659799916289,3.4204042916826607,0.0893317306367313,-1.5838350968912516,0.3983679032606967,0.4830841228482683,0.1556290452180304,1.2554724230913494,0.8912907495353156,0.933060680301714,0.5708558787036319,3.036792280284885,-1.421296422994177,4.367004352303429,1.136629045128854,-1.882251198214809,-1.9981060228599392,7.842936292241257,-1.4822251441176788,1.5994849380999867,3.177323469837333,-2.877609945899671,0.2708805735872159,-1.5807673126233337,0.7990821776675477,-4.485235671496741,-1.071254442023596,-2.071872493178502
0.1961466132522389,-5.349196197411467,-0.8516616438769059,-0.0792725095530035,1.269055786506399,1.6361746241586443,1.2552073549553988,-0.3514371115980957,0.6268447976702849,-0.0904988445831237,-0.1648840361612996,-2.851865287225819,2.233448370981573,-1.088525688082361,1.2989466049140737,0.8342080053625157,2.8176919369936297,0.3232175659269396,0.1250678939641553,-1.891847477258108,2.015646275800121,0.7602246865873044,0.5484898437854778,-0.3180485706974021,-3.036727755853497,-0.8831886329518452,0.1829635780490053,0.3051216973883482,-0.8915368707071923,1.9739179992693483,-2.622945469327604,-1.3600004565796169,0.6008080206005678,-0.847345187420999,3.317786120306719,0.8213634374333084,-0.9174931502796124,-0.0052095558434057,-1.150721705837429,-0.2668680775808085,4.910397749737959
-0.5111216519644076,1.5123425869349778,0.2060770779242528,-0.1365799124202472,-0.5821940310187643,-0.1672177218799042,-2.4493060608781403,0.8089306170204347,-0.2134575043606684,2.813353730293017,-3.2715799724589965,2.028709276229417,-1.121127986715841,-0.6291441181884677,-0.7195429865464988,0.1271859944207541,-0.6544117597018071,0.162180413871924,0.1327062089540142,-0.4330995154397401,0.1734811101828028,1.8089504226509845,-0.4374728927634915,-1.619642377899314,5.927660661829633,-0.34434565997498,1.275647189885845,1.0027086078733238,-0.2679699135922267,-0.6846889976873252,0.6183697634626522,0.7716616396208082,2.3109498709725176,1.7901710854378123,-1.6086973255856092,-0.3709764386175305,0.8748803901039991,-2.076623861429028,-0.7313908414568602,2.001651373446516,-1.54778088226477
