duration,protocol_type,service,flag,src_bytes,dst_bytes,land,wrong_fragment,urgent,hot,num_failed_logins,logged_in,num_compromised,root_shell,su_attempted,num_root,num_file_creations,num_shells,num_access_files,num_outbound_cmds,is_host_login,is_guest_login,count,srv_count,serror_rate,srv_serror_rate,rerror_rate,srv_rerror_rate,same_srv_rate,diff_srv_rate,srv_diff_host_rate,dst_host_count,dst_host_srv_count,dst_host_same_srv_rate,dst_host_diff_srv_rate,dst_host_same_src_port_rate,dst_host_srv_diff_host_rate,dst_host_serror_rate,dst_host_srv_serror_rate,dst_host_rerror_rate,dst_host_srv_rerror_rate
-0.6498872439889636,-5.304597041290826,-0.6414498963912721,0.21115719125121912,-0.5888146211241287,-0.9717522148943055,-3.3215336388759598,2.057532275401368,-0.9306994307758016,1.65210438604495,-3.6655984307070835,-2.638404043821339,-2.212232313070453,-1.0935640113455074,0.4625161761474026,-0.023945099498385757,-0.09308890730547183,1.2315651805610628,-1.392914278286179,0.018331761937621996,0.7854304457543376,0.12141670281338827,-0.486580133054638,1.1437153210269433,-1.5437889878364617,-0.2711599613473315,-1.944558714775611,-0.46577768513831747,-0.18854158800464435,2.6154600348471737,2.8317972040307215,-0.5700959010380708,-0.16322174354889157,4.663332588232285,-2.3430238224333504,-0.1600739449339949,0.21930192767105247,0.0865921363690633,-4.679735216628883,0.005776261027023305,1.7148117384784136
1.9220221606246064,2.1479818721182404,0.33573398524284853,0.6339800224594544,-0.1566140203466954,-0.4419892604073881,1.2706079336285487,5.242068561447215,-0.2894730384950478,0.13756138065196222,1.4534292026443283,-0.34431051674512037,3.267910114338693,-1.5002440007289444,-1.443038955000852,1.6579668111262353,-0.5703290654381578,3.3073774367148885,-0.20112759899199056,0.35573441650050286,0.8684028690036453,1.049205124657356,1.1679581777332453,-0.8396557895032175,4.7593634091275785,-0.10402437297098494,0.3425891237307197,0.008779964689594104,-1.281838565999816,-0.29897740915107507,0.638221213441198,1.7017384275538001,-0.915613911680411,-1.2470112313919335,-4.183259417943991,1.0947215027302029,0.38861749811484353,0.25349013852849106,-0.20986131703675384,0.28516177464698556,-2.7223167155663894
-0.5639879345596587,-3.2196269363857746,0.9958761280532481,1.576279630566674,-0.24430477437802406,-1.011272876687958,-3.463715576531218,1.3832972114587134,-0.04367990010356098,1.4444346991872266,1.557698432516085,-1.8071908694803964,-0.01180703306870524,-1.9029542975845326,1.731255794085763,1.1464784278865476,0.44426138821316064,0.3610439372208082,-1.1035364093603728,-0.43587675635364115,-0.4577789887508338,-0.19591225744579358,-0.01693965582703912,-0.3317492807851461,-3.2052526255559566,1.2625453982605026,0.9237729320884179,1.6700590546559801,-1.352440586000936,-0.8286823602966198,5.7871569045907245,-4.870724814464952,1.261678910166227,3.0479684847556734,-6.332727836927344,0.3033392711003193,-0.9729833245237088,-0.2296809010855802,-3.9207213955488442,-0.671064222724146,-1.566687247057284
0.6635739931864554,0.7165910647591127,0.12178202328663104,0.9132367855857217,-0.3794829605639579,1.172791357549976,1.4234481210648147,3.2443390573191877,-0.3920253837285269,-0.29593184702481,1.674263215602331,-3.9395169890168615,0.902873733105752,-0.10599076798609951,-0.41427135344573673,0.38504290964665694,-0.9297020072014823,-1.1085450584865808,1.7167588491816859,1.4074055492305193,-2.1070314232433756,-0.04829814886118737,1.6224315522578927,0.9247873347645266,2.1873648455804773,0.8367024727498651,-1.2103244534938424,-0.3778508907914222,1.0376237627965585,-1.5513376663112244,0.06974245379791577,0.41594386810902906,0.6245618714825445,0.7485501748749173,1.7209157128684858,0.47405421939907594,-1.1689854229304588,-0.43793999533766087,0.17835845508072065,1.5926850011453222,-0.059091233315349934
1.039228751179253,0.2564745159484174,-0.04202352218821904,0.4871437863330104,0.8078846797604367,-0.023246934241894286,1.2086590604023306,-2.4131464041039745,0.7007243437592022,-1.3174890805691797,-0.19851132928581217,-0.753632584843297,-5.871279844511848,-0.45097749342968907,-0.031969031079050136,-1.0852193595406592,-1.7087284028473566,1.5666876107335934,-0.8557742015935935,-0.7944808555732228,-0.32214597160185876,-1.4789818974567448,-1.0654334982179265,1.656360184430173,0.4461716391724462,-0.725992428258232,2.8194789305527794,0.4478441044671896,0.8603554720084663,-0.9175604097450788,5.950821274453829,0.00206442460369316,0.8194496559145507,2.60911055247942,-7.592188958529681,0.3786719088742658,0.4181408810453961,1.3527099454923603,-2.884276700646019,-2.2975829332904776,0.9051970703612596
0.6577806209081358,-0.9832096311165169,1.0041510042751465,0.08629196062181986,-1.2619893188637803,0.26555556557278603,1.1224962488266115,-2.35584741222139,0.6584999323725464,0.7270631393228395,0.8894143449133302,0.37416444869798526,1.0167078970038275,0.1346282969983124,-1.4805814529458936,-0.14576828640373699,0.7795809017869421,-1.563076007416134,1.98908278477447,0.40464364583668866,-1.319387218029379,-1.1366732087155762,0.48050564754988057,1.1738771123066392,-1.0650217841915808,0.42056601366222296,2.268150938396122,0.2593110313892538,2.0787312265399573,1.9976922622261637,-0.3312251349829275,0.8953433695243269,0.8168772566712567,0.4310886644469114,-1.4982032932442961,-1.0180004820446842,0.4483467454731273,1.2421474828212584,2.480921078331482,-0.37744599177165805,-0.8336624240546453
-0.17716616645879246,0.48752373314989006,-1.3521389811230937,-0.5019786873597974,0.43763170252578715,-0.6191513874581528,2.1140237671436553,-2.3234688492530653,0.09094574023272173,0.7495350189464659,4.904945788207697,4.606705561720919,0.8904740726187844,-0.7549795842867288,-0.12902703418039385,-0.12399906156811819,-0.4751520410423147,-1.220925383247132,0.9611176829257966,0.12917770295722075,-0.40868888687893373,-0.32400881828234884,-0.6974234051334157,-1.576133444290542,-1.3025456048406676,0.044865597895710145,3.6400251458056774,0.46745055344391484,-0.7069829782580057,-4.816917713157718,-0.07721501108257778,0.20613151800976093,-0.452653491088749,-0.7369101789681656,-4.063602739080892,1.3316376292840533,0.10505330835473574,0.38508085946863047,8.61071757225063,1.4573427237353542,-3.664856546731631
-1.9513778116670457,1.1812566221729583,-1.8456012379337803,0.5672745213570286,0.7134659071852001,-0.7680611293675271,-0.5761489410635366,-0.32876744380456957,1.6012867855589918,-0.6449155500315548,-1.0848774707182396,5.188615708683976,1.569061129498209,-1.6948831487965799,-3.708648094904815,1.0037897413668018,0.18279877373102796,5.146438375331392,-1.1982908351603068,-1.6769585745781654,-1.045266871441552,0.5544325807301473,-1.1056620837605307,0.9550385232904048,0.8373994271159084,-0.4912533473133818,1.6192410816662788,-0.9362544875941071,-0.5104623731960121,-2.891950551141554,-3.3581869797343797,3.2508891140895857,0.3426193653474094,1.5453524539262835,4.06128476090695,0.9508600810450156,-0.15244471867871465,0.19796958919650237,3.5747226013999915,0.10300542269332967,0.6279559678143045
2.5591274776216415,2.5325852697741453,-0.9415003975199729,0.6400140879211931,0.014349928402337096,1.224893305378733,-1.056968357183313,-2.7387450552076182,0.18840225470130287,-0.4781781614406335,-1.3699600561944103,0.5750398121066211,-6.7170294375836805,-1.3882542402873348,4.0470959471575,1.4830903320442632,-0.9577943995500315,-0.7124333591532128,-0.47598630571920514,-0.6067872203298356,1.771357785511304,0.11373716459503284,1.1920457290244997,0.2967224772342445,0.4118887845027668,-2.379297994303549,-0.5874880172476034,-0.47261427457745414,-1.236153463037375,-1.8801805758428838,0.22360516728388202,-0.9296047472429814,0.3870741074218636,4.08535172429722,0.05410305528644699,2.3007005613356597,0.6443219433221065,0.15198102745447517,-1.4316906802738372,0.2898773541152796,-0.17616599141410494
0.23589746051611665,-1.3262809441921362,1.0822394520013379,0.30105175052545413,0.7559611289723762,0.08950919500316896,-6.077125897883545,-3.851043582104741,-0.7555619837646279,-0.9054063358373946,2.1933019901434854,-0.4173577560733355,1.2449782497531316,-0.8209690610116099,-1.6740057639087431,-0.43242392218344416,1.6179794150177274,3.345963516295726,-0.3308461607131819,-0.8242854079530954,0.45118856405030866,2.407335538250997,1.3808684064373506,0.28611849821857543,-2.4284584656225965,-2.6952190127574336,-2.543258672346206,1.1735681395663413,-0.47387729829570496,0.09219059083587466,-1.2459694132875772,-4.006758784994742,0.46878876691601346,1.4124223286560869,-2.2228095112404196,0.6296844924764213,-0.605043438649172,1.8247025547880298,-7.440308169132632,-1.8929097854891774,0.0018042917842797657
-1.0055127575923262,-2.116543319036784,1.0145506644097981,0.6719576708032967,1.1106724326006383,-1.339842683611613,4.488109601790911,0.21653226011717353,0.08115684823036996,-0.4260399122721082,1.7408935432124513,-3.401789639462998,-1.4873452500539808,-1.5252830061835339,-2.8500299237965443,-0.15490392941315573,-0.180104202101745,-4.176699300447739,-0.8505450515181464,1.4228679665976833,-0.11782199245709325,-0.6814247454119927,1.7231266920005717,0.12764879840033364,-0.8517612321289558,0.09294068073666263,3.92288982814791,-1.1622564004263995,0.9746870267187135,2.5874718640986716,2.0439567461452173,4.2284928361469625,-1.4799114537005778,0.4253818659765781,-5.09617017048874,-1.3119015077665348,-0.16220764487346806,-1.9393981941222664,5.656631771968064,-1.3403903255172591,1.0453424185762
-0.8467987881377439,1.4164338326988197,2.6632806214235862,-0.10328780330724567,-0.14434251740047493,-1.521285221551172,-0.0197677708193591,0.9894584412948619,-1.0799116375818696,-0.19561427146675012,2.4667087444122524,4.651392648018065,1.0043534830665377,2.1711926548184257,-3.3106562586597494,0.4150956960188061,-0.8214833412704332,0.31307587518305224,0.4579796312182996,-0.684632729783603,-1.5394599120749348,-0.9529478372984541,-1.1966899112501406,0.10281645361244042,-1.3289205617579318,1.7316169462163733,-0.7114272013939344,0.8949246969079845,0.4858838291634427,1.726565004288657,-1.9513129941121012,0.8852569940090521,1.0201733753466573,1.018071750870842,2.8525475710006236,-0.37612061608454156,-0.6315243675518407,-0.6595685779884654,2.2487230743109943,0.5414564061440267,-0.36748679406964757
-0.37184680519649166,-0.8658349577782867,-0.9360546849276582,1.4222080337997336,-0.003113907919971742,0.21407000919918062,4.119475340142873,-1.643414831140742,0.483461552145898,2.825033310287081,0.34451162435322447,0.27906500283051394,1.7278246482946442,0.8248373693380558,1.503979011579359,0.6865571629883311,0.866313930682295,2.1330720647938106,-0.4940850122781002,0.8880296694441931,-0.6450832205271559,0.6286140581896144,1.290762809713746,-1.3431320859184688,-1.307812636273732,0.2983298110416143,0.9869917387458481,0.4100283662476555,0.21325180821073952,-3.032747077710562,0.7157439186922419,-1.75074690194229,-2.2919916072750786,-0.450271114942395,-5.170036560198986,0.3302228585973614,-0.4478594856617805,-0.023599471093009732,6.479841385151189,-0.8102210094895229,-1.7428815588642235
1.4971535620773746,-1.118018762651928,0.08720313493161261,-1.0060481044892116,0.9140447121073898,-0.8415468836822271,-0.8656532976770828,-1.6708724488239586,1.1301934670056812,-0.8907824382194712,5.509826695010177,1.2994691244710235,7.669710393939457,-1.5570131042863284,-0.6157279010216072,-1.8751941633726525,-0.07345991975806873,0.4953480405842696,0.764735226261975,-1.3732873801701726,1.313581656101377,-1.2768003392508054,0.36292490883796846,-1.7793691929860507,1.6537056094232734,-0.1464801213916409,2.2329919597518915,-1.4283193695903849,-0.15979847948642875,-1.2447396445864114,1.291673695571931,-5.121325371957035,-3.1741641917880825,-3.526370525605643,3.8776031223638183,1.2955070992823485,-0.19015996476270414,-0.2648828955012254,-7.171352706853821,1.3549867997592724,-1.8140645495013081
-1.2667536858794284,-1.0097842041192182,0.4810187581475662,-0.269375307391886,-0.8822056795894845,0.6693775206395287,1.8209431410449977,-1.2151813750434948,1.0473006065888923,0.7124981589702583,-3.9260937852618523,-0.4095095552308996,-3.582334932203927,-1.4238893275046942,-2.574343007654188,0.6160731435178792,-1.1960204415279616,-1.5546200024049712,1.309945012289295,-0.18292410819576027,-0.28438520231081876,1.3495260192631287,-1.0174167185115122,0.35095669613148633,-4.650863430643458,-0.5603384486816884,-1.4624321715298723,-0.16214986232490408,0.7269000695534622,-2.334437891399646,3.221752977130681,0.41157660756570613,-0.3978942039096555,2.3653799200811583,-7.879229247341185,-0.23315992639197852,-1.4585362219359157,1.284246490288111,12.505067619199735,2.7856315333469643,-0.5450699694432402
-1.193578545713356,-3.759576012160342,0.22987764624493884,-0.9019644429212358,0.09036584369401746,0.19361715498180204,-3.954412863165996,1.4106418218724048,0.011523735811527786,0.15059470345981482,-1.4081255782830846,-1.3674813129821008,1.6130033122967817,1.3065713527893026,-2.5281227135059927,0.02014273329427023,-1.5691388363458532,-0.46393471078984727,0.9453396781592761,0.7380187459010865,0.4024015871898278,-1.0145307363777356,0.24380062917785753,-1.7762429330001068,0.5177935712571666,-1.6850349718473303,-1.0952694785855468,0.7826678072286168,-0.37431473642792557,-4.695995257488027,4.260774780040363,-1.0742131513799702,-0.15145472379056354,3.1767471637086606,-6.74475596587658,-0.2542316658793904,1.2105387945291066,1.8541004411905184,3.8406888609633456,0.7031645107160769,-4.341621317242311
1.4389736003369311,0.19141242798201508,2.4774039009336137,-0.29621677972672117,1.366556199045307,-0.052596214274021835,-1.128987380505835,-0.6152295929161973,0.036063425885946514,-0.19042857741070912,2.794563821516757,-1.6754556796762712,5.677638913150922,-0.07919825707773082,-2.0132466589426405,-0.3850703773759759,0.10142290796239292,-0.4235403364549426,-1.3857982813295708,0.9046390815754108,1.590723516222551,0.3753847877072628,-1.5001950196558609,0.6097766462179786,0.5819331728712334,-1.3096614465944285,0.13885477402865343,1.221596323959395,-0.6155473934764877,0.11902787920724522,2.831878602708854,-0.7569317041125979,-0.3343359166831632,-4.545468758335742,2.9426996405809507,0.4650601272963026,-0.38079880666816696,-0.5709180979001242,-6.545034228611206,-0.6010799794333416,-2.789607227525069
-1.480294267051799,4.860135415757335,-0.4194684732788033,-0.9348400825393686,-0.03755452891279062,-0.5738435639656438,-0.05950992330521232,-2.4049664250346376,-0.37780236470520345,1.1795168974790706,3.9079832664255822,1.4172421775224604,3.060495645153588,1.5728766823084905,-2.845234623250691,0.1032455088954926,-0.21766062976165246,2.749081381333439,-1.5987188252763305,0.38571345512724053,1.6785618947889873,-1.8122301837109909,-1.7516910396026277,0.9645176558759128,0.04801328963628304,-0.04077367363344086,2.5821624907437846,0.3853422333948034,-0.015786329555749386,1.8856581940797608,-3.102519931517723,-0.2236644764936404,0.4263803576922319,0.010076921244941639,2.7066934857601708,-1.4686046580204843,-1.655154945784871,-1.345166299840103,-3.0055866410669174,2.1965605639362487,-0.42455667346141657
-1.0886263268411625,-4.451146396470322,-0.34176302934673564,-0.03045411055183995,1.2456499848136255,-1.1272074658278204,-2.7193275893601614,-1.7388881021492635,0.12310584293649865,-0.22961276267961162,1.5196123037452707,2.2992405374676257,-4.823719347325472,-0.10913898135426342,-2.8412850143371786,-0.4409976532707218,-0.2269449897472702,2.971706792885615,0.47472238164427205,-0.041219812061430355,-1.8056605254689913,-1.673641839763371,0.6246156026743671,0.5799761601963158,-0.4514856334840954,-0.8505081718034487,-1.8531670233945143,0.13161957110166392,-0.40923204511751343,-0.6492306366516525,-1.072102643887788,4.1774708265301514,-0.19603002529638336,3.961897988925711,1.4796272632651104,0.9129204805082979,0.6560878958073674,-1.2698521530115696,-5.062303721561371,0.04026558372635316,3.159874434876357
-1.2225045375937071,-3.275758025133129,0.9940789088580758,0.6687837043476275,-0.04860547222301865,0.48257913755111226,-0.19362834500647186,1.7480616524967214,-0.12805077180508165,0.0082787876506504,-3.399163352354324,-1.7755453010520477,-2.5973287702779824,-0.8208018086409893,1.5942962699443992,0.20380164527496947,-0.9155218911629471,1.1048482094680345,1.040311021853186,-0.17473054544827518,0.7967420894905411,-0.15086003950966256,-0.9746544430080241,0.6024385960205618,0.6394643704933856,0.908145903129457,-1.5809889034955487,-0.5576061864327231,-0.06749965072911962,4.347607269003054,0.15568390523562048,2.010853318390378,0.28902864776369874,0.6555482785093782,-0.4457482409613196,1.0954979504227085,-0.8489129090027795,0.711404080686445,-4.894229132518612,-0.5349998949993293,2.921998953750357
0.6149117178187239,-4.860986081780025,1.135349252799142,1.6578218567871006,-0.46741032048303194,-0.47836310097152857,-0.7652157691674049,-6.20194204157672,-1.411337437895383,-0.7813680820122111,-1.1706871581673735,-1.391712168170915,6.079487780131457,1.303012893453989,-0.08832199028571819,0.9827226407375785,-0.11422719217903789,-0.41734360016779704,-0.11484112140678536,0.3888099316711658,0.6840464160586183,-1.0423158431052815,0.06260679885607195,-0.34640948046543824,-0.06371948072326661,-0.08460273101384452,-2.721431677238895,-0.23812390174545986,0.8163033647667621,1.408400844777582,-4.059686435734383,0.12002241792213697,-0.40823043785106267,-1.8219588426236775,1.0898144488198387,-1.8033182902980938,1.2762895140087274,-0.8301279590630136,0.12098230649660575,-0.5717993815603762,-3.877961940230729
-1.1240625928731098,-4.1405312543435935,0.27601153341022144,1.2609710095202435,-0.2891172829868337,1.9952370628574585,0.35371398729611037,-1.9559191111575984,0.4198103968752438,-0.812362567578784,2.117307989230346,-2.2760359098108007,3.321296806076152,0.7421368837231792,-1.0579244600340094,-0.45769036473881014,-1.3996593820172294,4.435925824820963,-0.19491622605813225,0.9001837443337576,0.035431322344808024,0.19831028592422806,0.5082970617240947,1.0285607177767757,3.3019712204123626,0.11157346810473875,-3.218266592565256,1.6477843468475888,-0.4528640783122662,-0.9411545773432335,-0.2622556051856302,-0.6577469390664963,-0.16898057502593006,-0.44685238606429456,2.076724428569416,-0.8912128473945843,0.1687323040166866,-1.0834266185590486,-9.052768125149539,-0.0539952707136248,0.30255237016716885
-0.5008755982455023,1.4459472818109091,0.31243897313836194,-1.5474963816655987,-0.02567339704353571,-0.12174857011156298,-4.366946977265794,-1.2290922249373137,0.799709810886932,-0.7874992377654841,-2.404282669689398,-2.4493545153118657,-6.761773449929029,-0.3172610554604585,6.9146546954541535,0.3856886199851409,1.6126269699523816,-2.671358237872312,1.9753213766579267,0.4972719577391718,1.0282210576576147,0.3180771734820269,0.04381622792422323,1.4044694958557706,0.1918606292509144,2.9765286605678343,5.127038167992216,-0.3971983435519531,-0.32730863092870655,2.194854891159781,8.460094066870399,-3.2819818518194963,-0.19342052045683608,3.69007459677777,-2.212214075697625,-0.7707841399600235,1.5106662939566131,-1.524174735406211,-12.711741806445353,-0.556745494496174,-0.7829302039867285
0.24205265165580833,0.4259433099405421,0.05547314048491996,-2.6802576931487843,-0.11586316135451183,2.258977677102414,-0.7462861397621022,0.943317233048758,0.054308435709675563,-0.8075365160129512,4.01551632455545,-1.0025747911685778,9.125258245200644,0.1400220572221156,-6.382344128683231,-0.49258978274716836,0.021709085925845143,-1.0869746531753686,0.14375830808282494,-0.782797915940026,1.9800971838847754,0.24933010857057605,1.8174171986651442,-1.1227299686102887,-2.9851627929102302,-0.75433140420617,0.589471671711484,0.19312116004725263,-0.5499513928543468,-1.2794064300266301,-0.888669606858641,-2.2558211545554245,0.8085492004820232,-5.042818805755326,2.0007096351623312,-0.03915727417444263,0.24509445765947951,-1.0995338262236807,4.1684593608728555,0.27855985792708493,-0.5603031748283115
-1.1235949994358139,-1.7159266439716132,-0.08878534295275187,-0.7344758871686415,-0.19802593448408193,-0.02265634558409293,-0.7724545863837853,-2.924738888538089,-0.6001504530524379,1.2105417616674239,-0.3321461537822916,-0.8410918479508676,4.447432401252555,-0.47640665661033044,-1.450217973559867,0.03897458019024897,0.08769178700364874,0.2434674118715695,1.0120001427480223,-0.6790018320566128,1.7201678988077689,-0.09301443567887235,0.7771270928267469,-0.4459992140599221,-0.502859584355942,-1.6453014387360814,1.014517430579773,0.17806184973591432,0.30205558673860505,2.732488118354278,-4.616282957578871,1.0830529230827954,-0.7400768399560793,0.091114170925223,-2.0913630783802297,0.05510584305369648,-1.6575401568490056,-2.6127125490098853,3.0907478752007607,-0.2745810098997549,-2.0296149604054285
0.5707991442401646,-0.7858421971972759,-0.081055121547113,-0.9948431441467005,-0.5707003611404342,-0.9113413716880332,-3.925783342787305,-0.061252042202943446,0.14604419494496815,1.555277455756818,2.7319278381131156,-0.38608991191715436,-1.029099209246994,-0.6399130060433965,2.4785027343949277,1.561591760809962,-0.065637970078873,-0.6804427558080828,-1.1718423829470697,-0.3463146016785342,1.3875293094160874,-0.06024592776702534,-0.2675538789080589,-1.3481988183639395,-0.4847525275866329,0.9881520329191441,2.6082060300367864,-0.2505874528904785,0.07081745054382955,1.8579562935262812,-0.1730560042748024,-2.5867811265069105,-0.7369789942347615,3.1933883440115642,0.5611615395222271,0.12588035204875894,-3.053035965947553,-0.8532973367139393,-7.218556970631602,-0.12589269837234343,0.7600426120099736
0.24273214028611909,-1.2576835183767083,-0.042870500728510265,1.8088399719440749,0.46707632710897806,1.211913102336812,1.6074237873784876,1.6943825625472828,0.04837178454006379,0.3864875765040519,-1.3185328228521929,-1.6342415416914355,-1.4260479604038352,-0.36288617254888106,3.5836994426102375,1.1497124988446263,-0.5596822895186587,-2.310917396132716,1.9256642123722498,0.19633083845723034,0.5298181323766648,0.8964730951189853,1.1501790436517405,0.1674672680429564,1.2638833826900986,-0.1101033305639306,0.7239694022264105,0.38570938182732,0.6553824807290526,-0.10340951200444226,-0.8951009277975869,0.23354019725606068,-0.7030172854902061,-2.480925703181593,0.8390858296608473,0.7804449707158752,-1.3668348930972403,2.9540814667950306,0.7535833532652801,2.2934133424884973,2.6700129195590305
-0.0383916583850154,-2.1889475233285154,1.18519559834094,0.2580440322919695,0.5883780156631545,-1.0341825253922936,-1.9094312372571904,-1.8151916990199504,1.0199227515696678,0.4163408221069863,-4.5357472426678545,1.8788589049150213,-1.2707342765959102,-0.5749083510687703,0.00910129185181141,0.6847068210733047,-0.08835452982792302,-1.43762397015094,0.6974274993308337,-1.1731117576935526,-0.1933610822038304,0.05200634581207363,-0.5368176082172115,-0.2824904171821976,-3.671505384071712,0.5850729360609402,0.539312667977791,0.6455006541376389,0.816214264578713,-4.867073027480825,-1.5266025819152547,-4.915719056041477,-0.6247351341879538,1.5068873641312628,-3.648814538276726,0.6372182189685549,0.09764895931836849,-0.22119619982689523,11.88813441597696,0.21612951964967628,3.1777250095050986
-0.3177347679098034,1.9550248542231508,-0.13013650948326858,-0.7448642285510185,1.7853684150803948,0.14906443865438118,-4.355907775954387,-0.14825293103841264,-2.003662400190747,0.6727009473046537,-2.7494698620838336,0.3923622148866819,3.102932346614919,-0.1496860085425517,-2.0240002122437497,-1.735602079078216,-2.0888484230650852,1.3734996969404947,2.616418049350301,0.18521415623871385,0.3431449010794526,0.40939164293847347,0.43887861487244056,0.22780342667306114,1.5558788683471465,-1.5886357887047473,-0.9236546485056621,1.6051345047671919,-0.1851739537722485,-1.0324883631883839,2.198493811244588,-6.398969376956084,0.9651304585205184,3.30356287210589,1.4177968694103784,-0.8274736357849358,-1.0491435863941603,0.7729971429560261,-2.9264111377396653,1.0554254191351045,-1.5049159679749855
0.7799106610426967,0.047989014434486554,-0.2021414042333624,1.076304441244328,-1.0376479689078077,-1.4025881405451763,-1.526910242779357,-0.6511614788742103,-0.9919031823554678,0.34100186740879784,-1.0259754649822337,-1.5300956309687161,-0.48886875207164154,-1.6083861324830366,-0.4843439572867019,1.7586305250247067,1.5385841114850607,0.8469878541967519,-0.05659660542136546,-0.06781662532839657,-0.05937142679656623,1.553136280304116,-0.7325576264657387,-0.7239011794240883,-2.5566706038022087,-0.2682574359226553,-1.0745485651864817,-0.019813539378443833,1.5240275250994715,-2.4046827883441857,2.5209671229288486,1.3890218638743703,1.2798455751781108,-3.2711271436101335,2.033338283461441,1.2311043865565183,-1.6600596609014626,-1.8163216329581615,-2.7758433071434454,-0.9977500249129925,0.6056196847304218
2.8901863143286506,-1.457137857053119,0.684929596267586,0.37200144304555205,-1.3099964515785083,0.9389105543577188,-0.6933666571521326,-0.758752796761694,1.1211250306244955,-0.05782212607198784,-3.8131346805418547,-0.06798260863948924,4.668428926758461,-0.3716564429881952,-0.6004883374014729,-0.0009272434368317029,-0.9496916450558175,2.4537163575853542,0.317813192461768,-0.5014004228512404,-0.9214315531757465,1.2151994404896598,-0.29128603123407937,-0.2708517797908396,1.0969611571186082,-0.8225267443097658,1.8944002015322041,0.2059249048519155,0.5385493408015966,-1.3646998252520426,1.862059902159472,-1.1122685439328899,0.1581957862220822,1.1278763031315702,1.8085345583165329,0.252382766157963,0.06165685802233731,0.9260909869715811,0.03757986311970371,0.9946180463886656,-2.2193686126579326
-1.0416569750340214,-2.6617168779391043,1.0847764701763292,0.013124562761478508,0.6807182512267526,2.657899413910281,-2.087978913714666,-3.2962479626394674,-0.5611232840166391,-0.6284011446605788,0.5231042311736938,1.2326810558079133,5.640463354078218,0.28824248153194965,-4.441150944109998,-1.0005125859367507,2.6303967135983055,-0.2286453420898047,-0.5929722017144076,1.5824592648426572,-0.7935894917157171,-0.9652875123024155,0.6957791114054866,1.974170538080112,-1.9800317842427282,-1.8205440663773833,2.1800546054193886,0.7798844757102643,0.30803779749947635,-1.4396469526056341,-2.3950800410948045,2.2271438407413116,0.3868376529356338,-1.3675368932030612,1.2974179734512732,-0.7240198308091558,0.18187625428841941,0.6640521701066023,4.670012378420392,-0.9723627038580165,-2.1522605886241744
-0.6411517250967426,1.3821439913536184,2.5433091842195426,0.8644359519960775,-0.2319222459165419,0.19617305982719951,-2.061515093560634,-5.166560778064191,0.4005201027107606,-1.9387775579279507,-0.3936865346060209,-4.653655164075754,-5.561666514968024,1.3496116260442317,3.2537894455218206,-1.079821418106807,1.7926782903629979,4.265553054698641,2.2261233331872634,-0.2539457609048101,1.9486559201809368,1.125046183074338,-0.44004416684634123,1.4252786177150198,-1.0355837293151404,0.31991660054524934,-0.5834580997326175,-0.15708664188781965,0.751904702310631,1.8924105886780036,0.8840930190633882,1.7101200434448378,-0.1419171589749266,1.5390606974668732,2.915629055620959,-0.18871750366518714,-1.341229606780961,-0.08716326271590548,-15.523979589660371,0.538630888277094,2.5684732062113502
-0.5729577056379801,-2.987603983884946,1.5443460414246337,1.5527147520509004,0.03779902502265713,-0.5609741644695815,1.1093851418385177,-4.811182220140551,-0.21467827975833054,-0.2533103110958455,-4.115709645571693,-3.094006047864362,9.243854594361828,-0.43720039031150376,-1.1225015001748924,0.7567219101398202,-2.633112010363494,5.268385915190525,-1.1928554995631524,0.8986800770755391,-0.26813874373419194,-1.1203671943084887,-0.02148256161871747,1.3297670672045254,-2.3273529649921025,-1.2133296941587441,3.169115369567228,-0.2615517331561245,1.6011683037679605,-1.4348959336597158,4.958232844162703,-2.991205889285724,-0.5123228888424503,-1.7180926266728638,0.4460465112539984,0.8574925098224152,1.5017637395180692,-2.942192286364504,-2.2805519943270274,-1.535544837241188,-3.3257738416030946
-0.43572320154915345,0.6735755619812973,-0.054064982961540345,-0.13627804347987746,0.21311488165007877,1.1945558554240203,-2.074469341626987,2.5756884868955803,-0.22244640142787278,-0.40814386691211096,-2.7383231333559905,-6.5934675307507895,-0.16716320286300834,1.288193996770158,3.289371148477431,-0.23376970200356909,-0.1713497920336413,-0.4823018746122285,0.6022606752381637,2.6520520958975444,-0.8548106184134279,-0.2957335157018447,-0.26826584273872833,-0.7303553698860322,-2.2101176666314544,2.304716743868856,2.149547067250544,-0.8021316255956049,1.1740976256501152,7.592651900435372,0.49290568683947145,-5.0095158952821714,0.18576867255098872,2.2412321063661325,-2.847874907536866,0.9712449788348786,-1.0349326261621326,-0.45556039793066866,-6.456709109596153,-1.1465759910808067,3.9181888155112476
-0.9334681211111443,0.38464488479546577,-0.12722554196383404,0.059126668349589455,-0.011283676061578402,-1.3096616206360023,1.8843439205055028,1.6305740513498659,0.9721353646289856,0.3090597724260061,-3.9482957800893352,0.49396853521306705,-0.04060629879223458,0.11758397459955967,-0.6664208422982629,-1.2167792785094858,0.46466974870699956,-4.9862416507251694,-1.3762308655714703,0.0830575587407405,0.6161716751302373,0.3591209575330217,0.8049785698902088,1.0524185762323213,1.1058106733101827,-0.5993011747678237,1.0267195293345808,-0.677774816776328,-1.0943996612156113,2.9757147984324313,-1.8328626272729003,-0.1119862972065242,1.9097246774301335,-1.5539917401680166,-3.782328661668706,-1.2779419592696704,0.1648413154406601,-0.5968491932588692,10.112222056123787,-0.5205742283125696,0.9882400689951475
-0.8851647740703249,2.248454924027904,-0.17748488996501172,1.3117180509638802,-0.38705761386445386,-1.0435037019491233,2.633807499463942,-2.9340766254949138,-2.1554896680602877,-0.4510449262145265,-3.1924053915278003,0.895091772588124,-3.1889546635562227,1.2282925805574343,-0.47041368889710133,-1.8117979352944975,-0.2129284663365182,1.123356867831984,-1.2182752973118967,0.17640259253262733,0.15257549067410792,0.56664216910312,-0.7641129718558715,0.4231359553379554,-1.2291637214166293,0.9839498992402255,3.159121808715256,0.7161942263189298,0.29580543189384545,-1.314038643439443,1.8091465465834027,3.3154779649669512,-1.2069460251529536,-0.9660133054476949,-0.17337160051661504,0.43155343601562574,-2.4199282843171335,1.2668473791313792,3.235327309640385,-0.9831869314658709,1.2345257203364155
-0.07386826155444928,-4.759690222175728,-0.2526339923982386,-0.44681559801957005,0.4413267812966283,-0.363286337998155,-1.823896510972129,4.242133810137034,-0.014633623228182601,0.6932963488512643,-1.217781771541687,1.0462567471507285,-8.064145003414534,0.7826141930466909,3.5043658940335742,2.609531522844608,1.6138543428272376,-1.068037425549941,0.9599806726797219,-0.03008433674965217,-1.0635937794809245,-0.6407087083073528,-0.18095612146762108,0.28739974311768746,-0.4103788101292096,2.1616124566036565,-4.207508186300083,-0.35163252515721066,1.4875705223056765,1.238135682623894,-2.889294300183277,4.66443363099239,-0.18559410675908175,1.3564582990938383,-0.9658268614179555,0.9705031825632395,-0.23327659849573712,-0.21338871191577502,-0.6059379851438548,-0.9084457918721318,4.278821897198062
1.1400502373319472,-0.560672476271479,0.5900341611494632,-0.9243957499191554,0.25021029540921286,0.11886821304803331,4.060480561600495,-0.3951836106604725,-0.09029378887649786,-1.0494662568567281,1.342131100436261,-0.39610326179111266,7.442711290617763,1.4398047692248876,2.3362583230837015,0.3341966213132543,-0.4970397374399863,1.015670297755919,-0.07980528419801056,2.139308810875388,0.7885175984102442,1.1163795967098358,0.07055298158147387,0.6864241619782622,1.3524186857639848,1.0550068933631869,2.9667278088102895,-0.5131884051287865,-1.131184291060425,2.2198176542723367,-3.847885634695667,0.20741920620567833,0.9820468085803125,-3.2130852769124667,-0.8928080176205363,-0.45329357630719247,-0.7399329524583259,0.9341437214897386,3.433684853079502,-0.13499043090801652,-3.278548400810834
-0.22360686665611243,-1.7012332176119598,0.42828786875141805,-1.5566207169311637,0.20057436177575513,-0.9164449024203112,-3.1357216299572483,0.002580892475505858,-1.0580126505547496,0.08147007310146998,1.615687785750756,3.879168306828274,-6.413950223139714,-0.40495825946279695,-0.16565228033396528,-0.5734819044969135,0.5882765566967273,-1.3005405096529081,-1.406575722502173,1.0735546512316283,-0.3056446238902297,-2.2784525721035607,-0.8582524644205383,-0.21120165148294864,1.2626557039252326,0.7278736269813827,-1.6228329071994527,-0.8446393643983007,0.6337851977387708,-2.6349598103036067,0.5285684483337832,-2.6493600385695686,0.5377904958378278,3.0832041159454957,-2.4328476905977805,-1.8509693825896834,0.6380715113891511,1.0161605369810283,-1.2265984322696533,-0.1404788771943767,3.3162416815519196
0.8480355190324205,-3.2382673758164935,-0.3664204905399398,1.3664642055151206,1.5080582582418443,1.3722063903780743,2.1496868405270426,-0.9846556713600163,0.8918878041165108,-0.995177336998671,4.509622396871294,1.778334090425923,1.689164385654616,-0.8575918671664743,-1.272496975685299,0.25091032975275485,-1.6771828676082892,0.04360053914573281,0.3047688905581721,-1.8524287487880002,-0.5105746582263053,-0.38001702137708704,-0.13384478198082442,0.5057943133543882,-3.49184033548578,1.3984342022358511,1.7163472470381662,0.32525490105199456,0.5699600681096538,3.6899087515113873,-0.8517969095773914,0.7102014532260243,-0.9443407314620903,2.748058082962223,-1.8222395669010956,1.1093353989582744,1.07086155980931,1.203487923420367,1.7490209771435306,0.8333394266970433,-1.0321543448249368
-0.39058641951365036,-4.1405487693494845,0.1869724863129089,-1.134990115043565,-1.3846388433631578,-0.4322517440056537,0.2556454410497029,-2.9804470761106088,-0.4077880348123246,-0.8941239213867253,7.556134409293856,3.411334487895127,-0.45775204842394174,1.3324702397486188,-2.4148077501001515,-0.2734737225173642,-0.45764078134065966,2.0896714439846615,0.6141764369755143,-0.9573078394757047,0.9451266961563735,-0.2024329894564707,0.8781142952113471,-0.7364393471507957,-4.559889025349285,0.4913623575576225,2.6461017571401504,0.4194364594280941,0.5555046538475717,3.3793413010571,-0.04101053558122125,3.4719523759948836,0.37627659710351985,3.528322086089289,0.2935132805584967,-0.16206254347553406,-0.03911057327137139,-1.299519200381132,-4.88563387119451,-0.9129312803559481,-0.3844631317524223
1.5455748610031312,0.3217675634198913,-0.24773440315159093,-1.2649541375779119,-0.8385127271354661,0.8650423533309705,-1.3100242952564334,-3.487686459917981,0.49101182419697054,0.4489057892502753,-4.949202043379734,-0.7370436051636551,3.3764207211058466,-1.6581781831070233,-0.8842054328350581,0.10776263226781498,0.46335466879629544,2.4994970089914426,1.527902266285637,1.1111687638973435,-1.0985167248136072,-0.9526223374833827,-0.09753565239431249,0.4560258825656327,-4.913553752763779,-0.47804652911788786,1.8640030201203368,1.0537545788550269,-1.3230313338498467,-3.0462933093108786,4.234470497665942,-3.9317619443083958,0.15617950070561673,-1.9957036403090127,-1.251972363145922,-0.7733634136167571,1.6093905918552083,0.5791145730406038,2.578806351480448,-1.7994192236250386,-0.6328765696715419
-1.3249546661337255,0.6347073378743078,-0.4422216977678411,-0.1795961452654619,0.6299000645482741,1.2789070906338014,-1.806020870204887,-2.0265173118234654,0.6946920064798964,0.9029375855062644,-1.947241952814818,0.018690664650198308,-3.099914867579473,0.7522770806570642,1.9247276286148314,-0.6635571195995503,1.1027877440788494,0.7286278284206875,-0.12205487170911883,0.45418100245187093,-1.568111503242043,0.3011653120743152,0.034422258199174376,0.5404665853788588,-2.6800907281379356,-0.006517448160413402,-1.0591598958852395,0.14602913620795183,0.6211115649714481,-0.9677444453308899,-1.0119734498793846,0.7845350751104663,2.260899903202158,-0.33693331446373787,2.264978258744444,0.4804531161851559,0.7645730996862662,-0.12303122783390676,-1.433569885620696,-0.43559632111336316,1.560639435097725
-0.532636652003215,-1.5898836233511418,0.6642542449217472,0.4123946968618972,0.27294261664294645,0.1171908732122868,-3.6608644153742547,1.996067197361798,0.39422947440150496,-0.5304401199868242,-1.1215081744014141,1.1130495282671706,-1.5137370882512435,1.4255281525187942,0.10810363129726253,1.2725265806535098,-0.9759922692338371,0.373513809380949,-0.2366942734191094,1.056421461382914,-0.6323881029371127,-0.4217862748219278,1.734575833996062,-0.9283239433700325,5.718086843872371,1.0146777590150382,-0.3324957207471795,-0.8872299899795069,-0.31013542445949155,0.8030825018179668,-3.034347627678938,4.525049428055797,0.05620411138596118,-2.037890435539919,-3.431235922191643,-0.9964191247323697,-0.5410751778146273,-1.5068085696455962,-3.0460169984978367,0.23254839159117277,0.03196387550766122
1.1913527799320194,-5.623887110539999,-2.0745681980749087,0.16974667014474476,-0.14446494795246054,-1.6185209964726905,2.299682969060089,2.671740403296229,-0.372091169973548,1.3115408817144076,0.3724618345730344,-5.611773048513434,2.0952899982255278,3.3602833085990027,1.5440718177721937,0.8026910192099781,-0.061273264056573004,4.859336158773436,-0.7775098511253463,1.6277867976337934,0.4313287487062223,2.326268758202021,-0.5377735708602517,0.5507538868857113,-2.245389623953351,-0.5804068864799613,-0.710754696515306,-1.3358131546638987,0.624819194555418,8.754791552806648,-3.038888130878499,-0.23494497783324786,0.4377782731268517,-0.06490710238201225,1.509861912194335,-1.2857478714192774,0.46608868364023986,1.055364747550405,-9.967324467538187,-0.004434033701026747,7.483585416838303
-2.363553943543877,0.6180536250836448,0.8856152697033098,0.71679487848466,1.5127068536216162,-0.6969229187209507,-0.004422286727382541,1.5006281133387307,0.23647511912197422,-0.7188003118735955,1.1817874737325966,-0.9860931751496216,2.6706650353439816,-0.12788474095153232,0.06538831124587297,0.6702690009234346,0.15783195937787334,4.055535260848654,0.23116315937150483,-1.1359695278079958,0.6090093492099837,1.4985131132664657,-1.2869324849364185,0.021681147632145056,-0.765386776856142,0.043974722602122436,1.59456716561653,-0.04819199930460636,-0.7325297860791286,3.226410556478581,-1.3359513268130994,-1.8187358912739107,-0.9187071274586591,0.25478858958712547,-2.4768741951849154,0.35362026108631395,0.026505948077286956,-0.9904102466779965,-3.3195466801133504,-1.3008854771315286,1.352705145104267
-0.2904714459357329,-2.928335338483273,-0.4617559573219104,-0.9960096100641166,-0.6313059471507354,-0.001280152881052501,-2.361845956647657,2.398182223714178,0.7922913407605995,-0.8211383775544246,-2.7512437257754705,-1.3435379086049384,-3.2138352080428607,0.03658415501858081,0.8957754205413597,0.8311163267489657,0.2905978003446339,2.9800800412448956,-2.1929808373945097,-0.6308191966642195,1.079721819866014,-0.9353743027320913,-0.16525042703575435,0.5947113718227934,0.6550378849282468,1.2687111556083666,-1.3945965473525677,-1.481111863769009,-0.7360911999838861,3.750326533545852,2.6204691400023448,-0.3341121007030471,0.4224348671625281,2.785486013238131,-2.0347128740829428,0.7548948696547646,-0.5715230500227936,-0.3458873700967199,-8.70532819164746,-1.7487357758394595,3.0444607638292402
0.595905080121908,0.11173845082370404,-0.02438835949889437,-0.2050356683479482,-0.8656168854649038,0.6011323317276234,5.78097309665586,0.38012179149325975,1.2331401153187775,-0.6765607196739325,-0.2529118168629959,-5.153261944486925,-1.0191974570921383,0.33194406619570394,1.3299398405450527,1.7011637920335083,-0.8595247818249122,0.7496147973622718,-1.9298801226299094,1.589321687461443,-1.734177358231816,0.6206466065697932,-1.1055462297689556,-0.35445850727691175,0.6660373937492856,1.3736807904112818,4.021294296176253,-0.6644304788991225,1.0628899277781485,0.24944943237048212,0.9043485196700015,-0.841208475347064,0.6523067520500739,7.135053521072018,-3.367775769840264,-0.07904584687312814,2.4174846962254866,0.24440786677026202,4.729498324094082,-0.2886512704128765,0.8775458384373577
-0.4417495963553998,-3.1684377330739544,0.3054559217323728,-2.3809425394960195,-0.7011843284754088,-0.07906343767797294,0.45388169959864966,-1.7057721387536775,0.3733979441138963,1.9502024863156662,-2.3594161517873657,0.7824132774404724,2.1618485769267566,-0.29590964226183686,3.5122738410706438,0.19992159917813465,-1.7460527191285005,0.3363444881521469,0.23178303659092112,0.8574882168594037,-0.5086797397822621,0.7745855809839663,0.19472370049551718,0.6557720328105238,-1.5260399227801673,-1.380839673885875,3.363229239982217,-2.1188095552149764,-1.2834639231679266,-1.5389847216510297,-0.6003349680198251,0.9757969511800625,0.1816002553321154,0.35962845740294336,-4.646404342983637,0.5066051067924922,-0.8743158630547867,0.37331666986584,6.627290942656186,-1.6119073638847534,-3.753507468818294
-0.2768842307374672,1.5821056367431794,-1.0805682264697571,0.025056846290128915,-1.5826834696741556,-0.4899033569706959,-1.9223822730038607,-2.044228581498012,0.5581272259138956,0.6219654635510973,1.2393150203714107,3.0865222988020946,-8.445526580930382,1.2981573102918298,1.442159004527928,-0.3207951875476651,0.5601565402102341,-1.0683099580334146,-0.26922713487958777,0.7342884901428444,1.497002885450081,1.010975755315154,-0.7840054379951886,0.6120978998072475,-0.8482949118113954,0.6689710417572436,-1.4257452629212368,-0.5013785716541224,-1.3075227573436436,-1.9511824842110856,-0.18121864076083583,0.8136213075005272,1.8496037712967062,2.3303409542541837,-4.710888983143342,-0.26360899625415907,0.12662456219366852,1.3350400232870008,0.9957396008143132,-0.8439258449258072,0.5445157293230958
0.19860713168566754,-0.7897383315290333,0.41478168710631685,-0.5082229151880678,-1.4316868486837273,1.5845259877638502,0.3640590684725171,-0.898101532045842,-1.593125553292493,0.11706750393675529,-0.7083685448194328,-0.6343846508463994,0.003852816697018346,0.8044264689611196,-0.35850162645183303,0.8733387892623948,0.6994023647637336,1.9267205764842048,-1.392643472227285,-0.9112979127923095,-0.7194799498303327,-1.0648577021906054,-0.29238743452205124,1.3250738942179185,-1.477860563331467,0.17641060989584992,-0.12696457642525538,-0.5185807978218655,-0.4045866426309538,-2.577080474112509,-0.4352617846815148,-1.2918998037792218,0.2079149787104553,-0.4976974136430996,-2.8115635324955965,1.2789895210494666,0.5339581475884753,-1.022733565642055,3.054516402561879,-0.5633670920649853,1.6518081418819652
0.6605886417994381,-4.939162405388775,1.1871763333608258,0.6623677905152293,1.8436575051972546,-0.301631334237446,-3.0360238139215148,3.675893685702509,-0.44184679086818035,2.451918933724425,-0.397729965764015,0.1536997222116412,1.0234969957468831,-0.20122077510085126,1.3038212172007162,1.0223784901780781,0.3696995107426677,4.158750284851873,1.8274366348350515,-0.9193610364179989,-0.19013707969202054,0.382056911143148,-0.8006910769977889,-1.1171394299357504,-0.9733299391331864,1.2621946549175331,-0.49995821143187946,0.541857633521073,-0.26670786617689984,3.0831558855660193,0.22943311153919954,0.026141321731785405,-1.2891755659759778,3.1901079088478106,-0.3163221256197686,0.06616549222652732,0.2757096211122072,0.6734885035231326,-6.760940780660693,-0.4874897062215837,1.057108667713854
0.4597958720279283,3.1135221059815774,1.6010704852675472,-1.0498148364417301,1.949730415698183,1.514835016830656,1.9805766290600673,-0.031734651047462314,-0.9407707638692647,0.37190656174431175,2.9808862804354512,0.8301516968118117,2.654824586979108,0.1205809209464128,2.630903807450883,-0.04844944235671762,0.7254007375303536,1.0858256585900077,0.16557199661071617,1.2149699386625508,0.48635265885181134,1.449518811322685,0.7529639629915177,1.1092189766769225,2.928506466956793,0.3692306859246848,3.596194881256124,0.9674393646007503,0.27681490295043026,1.2992909570089837,1.405363291608583,-1.6721415854401744,1.1250062497410513,0.2614519872623864,-0.02142480748475184,-0.051588295685842514,0.10610010849025367,0.5754262261614683,-4.3219705036390375,-0.40116589171594486,-3.6937733365311947
1.523552496099415,-2.410488989180922,-0.03729860827266585,1.7659804313397005,-0.3916135479234748,-2.501708914907919,-1.4450930769816845,3.4235961158029635,0.7503012781681722,0.3876510359195071,0.03071063735459001,1.9274710664255474,-2.1001494696991347,1.9072993205292283,1.3746208831625677,0.08170768649416543,-0.5047260518236895,1.4326981090893298,0.6336257919692818,0.7409485938936873,2.3655473977918478,0.9968268157900563,0.44624521052293514,0.727691846066746,0.7777762028034556,-0.11377189414540222,-1.9139557700969059,0.08097943050888412,0.8763661909879467,2.5116000257697273,-0.8757507252548673,-0.1856400080456867,1.1879349720445809,2.1133726157344164,-0.7097172050595579,1.1099916875079663,-0.34780441874454715,-1.3026876900412714,-3.4168300697339826,0.8360311654561062,1.8840918287604338
-0.5233394506070578,1.4241090744552651,-0.9270746806336274,-0.9382834331635591,0.23374443221312793,-0.3174111427916057,-1.8519403525005718,-0.07626744561721899,-1.1246947360408641,0.5257728539097878,0.6322797322768636,2.123311176867219,-0.9135016468207865,1.4869564110314795,1.6221730537862737,-1.7892815294557836,-2.470999748482072,1.8074075672962766,0.03646193731914736,-0.001569058229713182,0.4438553797156568,0.500097397652723,-0.6384147121170235,-0.6098058480920562,0.8043653932770682,-0.5368677170624333,2.2272550141906446,0.9570294024360941,1.2926386361346025,-0.7064858756022272,1.0157448344283175,-0.836879480122461,0.2000260783118763,1.1200900502767426,1.5395996331859556,0.14640348469005432,0.8309401508886274,-0.5101477705449192,-4.748318636151188,-0.03794947927714555,-0.18137866403398095
1.082379690669558,-3.1931583707943174,0.23805742567019023,-0.5631448364826604,-0.6072425067869042,0.7960811566684628,1.4049113107197866,3.9271442176005285,-0.5983754812231433,0.2991351690312995,-1.7422633164358075,2.4107313301060604,2.8203188645182222,-1.5429847000989012,0.9681292710024221,-1.4088505651776297,-0.4487637178599764,2.640969725194778,0.5353507032778015,0.41361313030834496,-0.7623356521882605,-0.5650087294337656,3.0944164786447867,0.03954764484005141,-0.20806768513796714,-0.8590682754739556,-1.12608839827426,-0.16116444465107338,0.20024400072302273,2.949022737097811,-4.089995307632394,0.899661118480388,0.9131985704037914,1.2512899871284158,-0.04769454647931104,-1.9921327386766672,-0.8060085896892086,0.2753953870558685,4.330254532197481,0.14553413113827116,0.5397345690263604
-0.23019062273531585,-1.8253037911261132,0.10843844101942174,-0.6066401644681813,-0.6415321444084278,-0.4190897816994884,0.060507718271611166,0.03501734352261088,-0.7465491639236126,2.0651129006134554,0.9216950250546663,-1.374607945942947,5.07704943998561,0.15978741278850414,-3.664547004779709,-0.48359665175080946,0.23636347431129212,3.2914136108873686,0.9613654673224452,0.5308298758979038,0.1627511985109065,-0.6875178513601312,-1.073165006763561,2.373766750737223,-0.71470675092415,-0.6477675769063667,2.4644540280931215,0.020634810514623795,0.7617118526277038,0.0011969100412562161,-2.4420828292723216,-0.964777070652995,0.514901263614347,1.8287699537661672,-1.6480005755956704,-2.044293757652944,0.14215882769440727,0.7315980724570529,2.79750486235642,-1.0232452959037057,1.2433837327682937
-0.12907540042437782,-2.794891789463832,-0.1714043451262842,0.6973096988916566,-1.4444523273272307,-1.9023801418420718,0.4370874417864439,0.06238964622893617,-0.19581949264593387,0.19783283774649085,-2.463892477067854,1.3951323246429492,0.99394705940626,0.3315319538889234,1.2885058046960363,-0.7366814241932783,0.6296981578936665,1.279837315994043,1.4543872045976125,0.7338477803052795,-0.09741261327096438,-0.5777314071226515,0.39198607684585285,0.30993681295160647,-0.3739318646387767,0.8354574210792626,1.1289391129564217,1.2073778984292354,1.984980487042879,0.6503859314394478,0.5582020338755548,1.0842401894600306,-0.9661507272385029,-3.514147529924003,1.250134928690093,1.376762187365586,0.43200054635380813,-1.0636545987074926,-1.4352513370795172,-1.4634084741406421,1.7226087658194147
0.222932697199312,4.891951534718423,-1.242649033395711,0.4756694501963867,0.8450924708840375,-1.286353096888676,-1.1187778276487303,1.3104496444744782,-1.4520654034827898,1.9736701935721872,2.605854725331765,1.6008489848848853,-1.4910057098158964,-0.3484656948022359,-2.7059239530381305,-0.7876052522713323,0.21578184477785997,0.6040752907725481,-1.27775241006165,-0.11608215579292094,0.2630938516683353,1.8226158456293178,0.9630880325693272,0.4071983083113538,-1.730490664690243,0.7051153772887335,3.013343515967388,0.448446473038726,-1.9338215274250632,2.570450971175071,-1.8828378937402812,2.1381350552975906,0.9404923971746154,-2.402517999462539,3.4042085110047067,0.6107445612217497,1.9828659990217115,1.0212242238826317,-2.9653882331186487,-1.679163061038211,4.200609547998423
0.2253325243426599,-0.4098561535266121,-1.3202217519752892,1.4792900025466402,0.9018674668685603,-0.5003962943472953,-1.2220745929612256,1.2803909701100515,-0.33378071088034594,0.5671568424924991,2.4091646354693483,-2.5350014086111305,4.704459859530667,1.4674201207218334,-1.808194261967291,-0.28886349690896795,-0.5541751353348787,1.2595678013696465,0.5471273163111582,-0.7444509074603437,0.3235824714561257,0.10525007782240009,-0.3659153047978137,0.0010043403007300418,-0.44996954040184156,1.078293193797915,0.4670179669753235,-0.2464632268633019,-2.3435097480541227,1.3117294876491117,-0.09822559471324266,-4.383486887450902,-0.340848919253347,-2.0799515027675968,0.6415256840000527,0.10124266331683397,0.4145149112488489,0.20815577713173633,-4.802910794114584,0.06688750074108246,2.5011588112450482
-2.374947713526258,-0.23612092262408957,1.1280181316551767,0.8090136338262682,0.14676325070400262,-0.4074695202767666,-2.4208451566847713,3.9677748584374566,0.6135935128104788,-0.5719136862149569,-2.5355513514658776,1.3344826642302092,-9.654838741888499,-1.5209212060500226,-0.935443314354178,-0.5639531234747109,0.38494040473460844,-0.11662060819483688,0.6889084911155702,-1.534169018263622,0.5626115464049649,-0.6216531622341763,0.7062699103631074,-1.284381588783217,-4.040727365022475,1.076322847938634,1.003768732370582,-1.1963113547454192,-0.8061094080610735,2.586643945668467,1.2848890679294804,5.382909356723035,-0.682282829613524,3.1978452782720863,-2.502960137065574,-0.12023404742873071,0.049226326316635385,-1.958348888409153,0.7957077852448541,-0.18361179238112707,5.73845002930413
-0.2786617952815966,1.9328021216786362,0.6208895871813304,-0.4733721871971946,-1.0599356089256524,-0.7690673257313729,-4.195523599953683,-0.22363390794459148,0.40510960116108224,-0.7954330975796788,-1.5907378441356248,0.16166168938659076,-2.462459030608534,0.6749654520928438,1.5084771689556966,2.525691167572503,1.2089806165787933,-0.8138566871405815,-3.1220796541649487,1.4297285331976677,-0.11512573648833939,0.08392314621052269,1.705402995855822,-0.9223175222192312,-0.0809054877597356,-0.32219350157385424,1.758862381182015,-2.051981118706151,0.10473626465081043,-5.185311862235588,8.994311451283835,-3.969526727437222,0.22963124466426932,1.3522205344158813,-5.397335747782329,1.5550687278379722,-1.3939092487036289,1.6864299830570266,-2.539895844873815,-0.5105778669837934,-4.0985643855472365
-0.05381638045538076,-1.3689926737090583,-0.5165326934354509,1.3943432044341897,1.2405799276008767,-1.5750248444763628,-0.05657567415812126,3.6867318786556886,1.424997300909878,1.4313921317980158,-0.2812283138354774,1.8476495445156296,-0.5929208192180546,0.8942610456135172,0.8805548449275442,0.361906312770071,1.0381540397322029,1.6197595674793628,-2.0327006553870173,-0.3202473532481995,1.1536144888495468,0.3753925086731408,-1.550982472405998,-0.5022781527560073,5.896631848377269,-0.6325087344230954,-1.1368803805100542,0.04134226529054093,0.38113365368326035,-0.9362410451775958,2.2968378096860613,2.510689797001754,0.3813755253855069,0.7417968190625759,-3.1333064462539038,-1.1111418403900581,2.6032027552436965,1.960986251384246,-2.587706203968887,0.9299394323835065,-3.330912018810896
-1.059134020247754,-6.04471604012555,-1.5366373040571368,-0.19374335882842433,-1.465265140884919,-1.617606940004467,0.6883511169613352,-2.624671206657733,0.6302434751778548,0.9581901875786196,2.5564608286039734,-4.454979104992978,5.572236144339621,0.8417135863039378,-0.29758783792715326,0.42331852324761543,0.3397783708575985,3.366277673114748,-0.5153543988019881,2.0847784756262686,-0.6102919611011717,-0.86069621294018,0.5137449736473098,0.4811888185232085,4.796340254063303,0.19737792638862411,-1.7541653051641002,0.6478929207440144,-0.8045181843573344,-0.8444509460789206,3.708019547034046,-2.6446678824481764,-0.11507048870487425,-2.1544532797264173,-1.1555620064839682,0.42354523278338096,0.6151695073590187,-2.5929015072685777,-12.278951517109698,0.46004336085889586,-1.6219865887891718
0.12177151912872279,-0.9351547231345958,-0.7730942101293568,0.7309153102372556,0.9913159574721022,-1.5973810523834193,-0.85291123491179,-3.587904963952138,2.24163219670442,0.1672988839947174,-5.968088356224717,3.5721344172601484,-1.5707318452875025,0.3761065848563813,0.8356498785672449,0.9936267131125515,-0.7943202558709425,1.425367466590425,-0.8041788611232417,-0.23790101819424075,-0.7989952129643073,2.0916976028346084,2.314307463016028,-1.180961143071488,0.37545070589157725,-0.8563505740606018,2.794699919180467,-0.13241660632157226,0.8938712710489167,-5.293390909122737,4.959356372822864,-2.8794998286269053,-0.76759641623105,1.3609370078826526,-5.090037213164849,-0.46466587216346594,-0.14969743732070445,-0.0213209635763036,5.07116097208999,2.0273390167010668,-1.645227704210586
0.9207312688491829,-0.45227371808508443,-0.6504550408716706,0.8763789138121777,-0.6491798418381717,-0.3741918145386654,-2.320193822714341,-0.2656182996588279,0.905961967274209,-0.2922577437338762,-2.3092430145108196,2.773224257032469,-7.102623626406787,0.741016749885162,1.3639763137830192,-0.7311971076276056,0.9775407657684613,-0.786761730518992,1.1092225941638292,-1.5595241461027973,1.0912793122008175,1.6672279880312137,0.025152526813288466,-1.7167336731971852,0.32466567650320144,-1.4288927658446773,-1.9661563664688244,-0.14996664941554758,-0.09105086786364154,-2.1816985625426977,5.086088005634061,0.33657421162348977,-0.8746658698443973,2.884954427930145,-2.1541248569880955,-1.035174799655167,-0.13300802474811374,-0.4412106912571211,-2.1950467362987096,1.0292838628175482,-0.8292476926396952
0.801886399017035,3.0197281103165814,-0.9146703163299403,0.8273400778921706,-0.9051918943595127,-1.3823544961523884,2.303098646671474,3.4414759856596655,1.1864753528552834,1.0647084197684145,-0.2718862532879066,-2.761411465446923,8.035852442122618,1.4953802834295866,0.37098123362294,-0.5314246434535891,1.0118162937516484,2.4884070012374266,1.5078562240128872,-1.032372035303841,-1.190229882866029,-0.6583273848530964,-0.5889567519591907,-0.2136724561550785,-1.107772600839855,2.143246428559252,4.446584906793667,0.11906707506640385,-2.3901794367310334,0.26462732399019395,-2.039617990529359,-3.276517980873435,0.3008941663940415,-4.4230787785817265,0.22053543390313557,1.45948024327925,0.3473563305017474,-1.0290407008701559,3.9163254987302447,0.9163197313820182,1.400163254502999
1.6827012486976716,5.471556042402355,0.09162100524291145,-0.6160905422709315,1.0809756651888154,0.46542839293116756,1.9613623210826168,-5.504755519822467,1.435510074832549,0.4773622958719001,-5.868045307555731,-0.7163431972064906,-1.255021081509519,-0.7169751515474962,3.70801828459992,0.25076850325150624,0.9748326502507018,8.194125911458826,0.1769865232840876,-1.3016245396039865,-0.5837794526685027,1.1908053411133526,-0.37586928427219934,1.5552863492878715,-3.1958409023878374,0.22366299149452695,3.0852945769653086,-0.38840949691290905,-0.013804647960383262,-1.4189228153247584,-1.0635579540405908,-2.571708291477937,-0.3101551693645312,4.061245974632077,-1.4218302367852171,0.05416472854449496,0.11325121369070132,-0.296193244013181,1.663470861014316,-1.2506783881400958,0.280575472105302
0.9555515679474877,-1.5025528225271008,-1.0318595515384712,0.9228258242948996,-1.8699780838652102,0.9145228084834881,-3.462319098006458,-1.3223772430302458,0.8546439174668932,0.5198347720137184,1.549862595405687,-2.203119077263739,-1.2753021143633527,1.1180647318083112,-0.2889390337006037,-0.0363620586620243,1.4562527548957303,-1.8733241077216247,1.1591008796176447,0.8097070788881238,0.43011901975251393,0.8791080342072053,-1.1351894872437993,2.50736369107948,2.19802999180228,1.6637703088793068,-2.064069912868977,1.4186464028778927,0.8225051933978665,-2.6168382907694623,2.7400822989105516,-1.3428009282319606,0.5061622562084427,3.941824159008528,0.6575275851825577,-0.9957933079000821,-1.553869602868366,1.5462740781852888,-5.339304924655145,-0.6168524349596096,-2.7108142005623157
-1.3003248929745603,-3.3467346967500866,0.720372889269365,1.8330154446497289,-0.44887547710926035,0.09283539098171253,4.340086157124551,1.5800307802412008,0.19681801445402722,-0.9237824511437512,3.643964674985922,-3.893548948166034,0.6759970803065924,0.4498309108924534,-0.9405061655008524,0.5052186110175589,2.678418936093441,-2.196211842936834,-1.4301394729791703,-0.13914303308623782,-0.5226777787029129,-0.25519856733543417,-0.009773028250702111,-1.3160573966964908,-2.183508914577411,0.014195233532492113,0.3643016695101243,-1.2096901237524842,-0.5080633899328835,0.8077472310832061,1.3841326286960287,1.0495677177668967,0.35373122683335684,-1.0092763561893348,-1.7479422710342094,0.20400597035585658,-0.1252652884825858,-1.33235148092614,2.363656011452169,0.38468774894950847,1.7827160242514501
0.5198155073820063,-1.3757467637054788,-2.260842980584318,-1.46446279758632,1.1048909263472173,0.39997505718802934,3.74737791892822,1.3435599356059855,-0.25094744042177564,1.3271133472564245,0.31324754412560063,-2.046517980429542,-0.19375359540497294,-0.06553439428631393,1.9316644796506388,1.7251378546317417,0.18111510035500758,0.4412194726133535,-0.9553074239981566,-0.055049622837044274,0.27426484189222833,1.657033262937325,-0.2438016955896519,0.8552594467467561,-4.563068443170569,0.7119720984981385,0.586910903660923,0.08773174801212288,0.971630893649446,0.5030859763720914,-2.7761737166696214,-1.1727039861120472,0.5737637434751134,-0.9562839056750734,-0.07680364834719866,-0.06154925235704264,-1.0735127564333418,-0.7700543944184804,5.419721907089852,0.7691727344844941,4.97423208253907
1.5178300318146765,0.7057789170012025,0.7913812411206828,-0.1287100570266889,-0.22650245131425753,-2.045974633098478,-1.6234094889742554,-2.4697740908654415,1.471639931446799,-0.7693738242912863,2.6247725946960845,-0.2824355805438904,-6.452630658697354,1.7144921855130624,4.00508003805844,0.6118775502247493,-0.10297550611270825,-3.1806010635322677,-0.1331451853516405,0.5100454390621532,0.6177577624621347,0.9979154892044211,-1.4580297689546156,2.212208142707378,-0.20929633320924534,0.07132619327656062,2.8837205299432798,-2.174589014101425,0.518165081744448,1.7594197188932075,3.572539463264467,-3.1108471926579018,0.49779862767000127,3.522572266587177,-3.350230102312014,0.2530433517554656,0.646741198260757,-0.6982908068779771,-7.019040443650609,0.4073980087314098,0.5982436436249936
-2.07098712465274,3.3732176565599303,-0.15927463984343534,-1.1485876897245244,0.9272866534562081,1.2185085433914848,0.5425441088249858,4.2810567724233195,-1.4097608829487343,-0.5486972537561562,2.7937241198090215,3.1637983681124004,3.4770685883050074,0.6065564254164778,0.3896531427601686,-0.6655277944877768,-0.050370738594981534,4.200881779289823,1.502037360601402,-0.907804014129398,-1.2274337504711266,1.3028349795520218,0.7033953831865162,-0.8853889530594252,4.037499912770093,-0.949251317397773,0.6322089083975202,1.8888976777566953,0.154809713966278,1.7746145990580793,0.505245581992591,0.07378691552511107,0.45636508528027475,-1.742910146358782,0.8805443204559515,-0.5730471761381908,-0.38137815846175255,0.2343962388839717,-6.116690335250901,1.019338522307363,-2.6150069106110587
0.8081662583324202,0.013432557347024643,1.046002876058625,0.7390804508376142,-0.4258113677676807,1.459569606350165,-0.09621583025740543,-1.8107019570421286,-0.09226308731501114,-1.5312116206700905,0.6429073621383634,0.7770196000718761,-2.7933743602092744,1.5264530313745215,2.8878167390435543,-0.4800052895866603,0.5822836487508728,-0.32776495628047697,0.8268663040052596,0.6284641010121836,0.1577674966824556,0.0701534497264877,0.608939671870328,0.3558172073497982,-2.9276415957700666,-0.1437593073786998,2.8480192094217416,0.6194014617367658,1.306360312870237,1.3733412984655917,0.20224912988941213,0.32561483141001557,1.0900662573409836,1.1649338456210705,0.8514760916085904,-1.6220788662161307,2.7643339337439827,-0.18668248772877538,-2.0366121414399343,1.059538726633875,1.1313986799137756
-1.162505954609737,-1.2844873701000687,-1.4619035647786975,0.31907232737045826,0.8101968963388303,0.30303175415748573,2.1984084156913886,0.9182442683074843,-0.57563246891186,1.1037387627676063,-3.267638031824659,1.2614445002483499,1.5937324267795547,-0.10776752080053048,-0.5586614567448873,-0.09607431153023273,0.35123826552709936,1.1227796244020107,-2.532722404855632,0.18177368220993012,0.5370772992908743,-0.5314886521402405,-0.8706767793755538,1.0295186624713624,-2.5940869077082858,1.0340687147790626,0.9421280313747864,-0.4845244759935576,3.048369839239953,-3.4335959095985635,2.369673985805801,0.9631578575093598,-0.9019271970696776,-4.036135425424855,0.5527393734024062,0.9682649517795663,1.978761772043767,0.023734434321184654,6.194927346312846,0.8001872744547944,1.0386800295333267
-0.323046775333447,-0.4361833177549186,-0.19068614984603188,-0.24255153634219742,0.5768048070430644,1.3675368845560152,3.795928056147393,-0.9353231804852147,-1.3370398423438308,-1.6722216969419164,-2.565085229271977,-0.8729512037952099,4.255724750248709,-0.7980066926571384,2.073915416313927,-0.47589901208242535,0.6338008741182908,2.911378719696895,1.102672512204459,1.256330197710095,-0.9843432451558891,-1.6738630110056756,-1.0149145256430268,-0.6671069849017058,-1.4640628104810416,1.0015174776156675,2.060727623562353,-0.9232004822286866,0.24861620125584424,-1.0908275031160393,0.2240912286120189,-2.7699844588251246,-1.1529581125420258,-0.10962996333116926,-0.37352396014620637,-1.0151657975780868,0.7804901652586202,-1.2518976434233462,4.5490282461066975,-0.25961638594822345,-0.6772365434409215
-1.009766248220233,-1.2716686606814518,-1.007364213946683,0.055727065981279,-0.8279083841175051,-0.6650532690445035,1.154954713955925,2.5929351844645696,-0.3141564219863184,0.8570701653294837,-4.871673269530021,-4.956099716784198,5.014599092316257,-1.9445405399555729,-3.744275610824536,0.24975102296803484,0.8718982437650936,3.213612713620966,-0.5604816335008048,-0.5635046889034935,0.5424860703479788,0.45134327659401824,1.0490650662991108,-1.761573561052839,-3.0941343725048465,-0.6757703156156641,1.6392157594735939,1.1325366951710476,-0.8008050032656983,0.14534143634150787,-0.17931084375215622,1.275810248736764,-0.3816297866566581,-1.0955257325118142,-1.8736005398979723,-0.35239868673489183,-0.17569843034617744,-1.1070212429629478,6.597510307037238,0.42875365945736005,2.389801312172379
0.642950559747679,1.023398169832343,1.1079277255106332,-1.629003960874797,-0.6245053261703628,0.6295341640707369,1.7946078755571133,0.8940708793981779,1.4819012944827417,0.6686001486384586,-0.4723903692615081,0.9893482821043177,2.371607445769676,1.0363768174200607,-4.2990029461146015,0.923211001509561,-0.27091006909670723,-3.4689360806963996,-1.3328608722026374,2.548813390988359,-0.9176141552590289,-0.6373100469936198,0.3744194911243406,0.4421259409426513,0.30366402750641397,0.15327367322416344,1.913826964270032,-0.5497883417753149,1.7029060096802133,3.7889821798223715,-2.108994600851899,0.09536991728623212,-0.28922406929416683,1.26403372179731,-2.7994592725883423,0.4633409549445382,-1.364348836114125,0.2867351177831031,9.214180232514295,0.35592492469062714,-0.39424034379130735
-2.4885571577973598,-0.05406308025464113,-0.6215617184311915,-0.9180777766246006,0.10077665522606803,0.7448611094098949,-1.4309528560937244,-6.078634939324017,1.376380831310388,0.23859510156618446,-2.5402802238104614,0.7147119143693521,-2.3620959893389135,-1.8275610264309068,4.944598522949913,2.057097655426652,2.31659161387673,5.288500981844864,-0.6635882533473313,0.8075307409795096,-0.2577795756663412,-0.035406407831725814,0.6868618736529543,0.7972417668152693,-4.327086824629911,0.06682189520932742,-0.20268638887287738,-0.233352879532394,-0.6492251729668341,-0.8935165126320335,2.1819043607316257,-0.6095591138010115,2.0717049767244173,-5.782456055029003,1.4151864320946257,0.8296780936541139,1.4370188951936669,1.4284398302824028,-10.20695044320412,1.9225320338102985,1.8687179953989717
0.3431477290602366,0.9961827154268137,0.7187554743655049,-1.3775773331766583,-0.6610749691055431,-0.15380184697797894,1.6653650262302166,2.244909663198034,-0.8357774642267088,0.31864949471795484,4.652181265203009,-5.907984531712764,-2.4651836269942122,0.7472614218091669,-1.4650074361001688,1.4971270332276683,-0.16458042148003954,-1.7831176903130355,1.7467367961789382,-1.7312972858039584,1.4567547790788635,-0.10672941178549693,-1.4156026892524347,0.06142695836685759,-2.2039754027536187,1.060060862852477,-1.538487376421966,-1.2144584655133799,0.9867983741402733,0.9505241519810657,-0.664510384402826,1.431812458128915,-0.8099822958749945,1.8781144262612401,-0.7070468114993947,0.8060280688352628,-0.6062447057287426,-0.2147731281160968,-0.30074183588263603,-0.32979172616340996,2.4064822389767215
0.3124521556051236,-4.74181514084669,-1.0769821703552258,1.577274490473105,1.062819146462181,0.03566441690625184,-0.5500584222371592,-5.068888146241707,-1.271546559146995,0.5705378445180644,-3.6371255695598803,0.08728170862705675,8.626172243645495,-0.35412533959102965,-1.8280196384376128,-1.4577961054157302,-0.701813854558224,6.040118916067405,-0.7050269178456194,-1.3102675810193223,1.5266844327935762,-0.9875812534158067,-0.027173683263700378,-1.075658688334036,-1.345653889601363,-0.019946973070318615,2.4483110863169593,0.23962357184591013,-1.5976610329504977,-2.1858516943837896,2.4422990214113423,-4.585606191969381,1.4573884347421309,-1.7667832747690806,-4.6984467172374815,-0.3283858722437891,0.10205426740131583,0.703867873448368,0.6061155913077678,-1.1416378352910166,-2.2554675211290967
-0.19626721987229623,3.7961138210668555,1.1511716109233874,-0.015357051686805965,1.4597018657877168,-1.4740260695891447,0.2429837935586362,-5.274632990794215,0.22158800593254915,0.3683950070848484,-3.9049503247851916,3.384882762305333,-7.6752071150836345,1.4449881554071602,8.029017307930886,-0.6204677544535747,0.37774880270171785,3.411875832502404,0.249465628754672,0.08923434790520197,1.252337624135327,0.8334260263889272,-0.06285066823066784,0.0652688994362262,-0.24232522262907774,-0.25532085352633177,1.6641678283142465,-0.019740201822708983,0.48351434033842305,-1.5080773902895144,1.7894831868616696,-0.14589992653969552,0.7652121288775992,-1.7555882145067772,-3.225714035284347,0.25568322748520783,0.6127205499240213,-0.6773218233797188,-4.707382955612219,0.8536090314226463,-0.1926854487397054
-0.2477410673179251,4.269732410061477,-1.6737010012693696,0.8913444441085361,0.12712405540819818,-0.08879897068108594,1.147961860192832,0.38566926623222353,-0.01032296691330348,-0.2800242439414273,2.1569051687643244,-0.15369559818763978,5.174040029832925,0.10989019313378327,-2.222459736336113,-0.3312027551038023,-0.2913240324159078,-3.5993206370864694,0.8091857812415149,-1.2511956357359733,1.022431315716736,0.06980929756487077,-2.307650632501877,-1.0509385646594236,-0.5472715886597121,0.9762129498415222,3.6938125615419537,-0.9911164910176258,-0.6168147414154764,0.39777477432631025,-1.8053328426326827,-2.573808297852681,-0.1045667579559631,-2.7582993266248543,1.1447894623304542,0.20750790442079292,-0.07776800997136055,-0.1482313285471278,6.399366945231608,0.7959043403885802,-0.8609499626824908
0.45732842591509615,0.024977211934251287,-0.9271581875316551,0.5170114994465665,1.4074752485018234,-0.43335234843474596,-0.2670660275451674,0.12951793534757794,-0.8688127691460572,1.6304211004088915,-2.641041650222512,0.5506957011128897,0.25145261397194346,-1.9566821057594088,0.13015080830303083,-0.37955262164894665,-0.5309875121840625,0.5151706769019528,-0.3429243969163059,-1.79334611434614,-0.71316747678708,0.5446445974267835,-0.6608884679512838,-0.7618108425422823,1.2994777823338883,0.2953716069389297,1.6682747405966072,-1.0847993892162135,-0.49395390980886855,-0.3762180485039863,0.6499374800762756,-0.7759413000682465,-0.06648304259676303,1.4898785153175762,-0.6734123153223048,-0.2566478812409476,-0.49286437558006546,0.5967457507787641,1.4766313893100778,0.1535480229722312,-0.04010593209778257
-0.6602099914458475,-2.0936726306257727,0.0477564740820658,-1.1462202335873501,0.5430413815301783,-0.5612590314901899,0.6948556235602246,-4.621401921922273,0.7652090453229258,1.074636208080339,1.814036626794263,-3.941058158138595,1.3575240558989536,0.19257473286896565,-0.6967908366423243,0.28502851607315965,0.43067693142399466,4.689992735526186,0.17770847393884576,0.34460162219558726,-1.5315345543809669,0.49390203730878823,-1.6650118847524271,-2.682235746965344,-2.3699756113829658,0.9077770898988407,1.7143087467930835,-0.38145062601504903,-0.9403297258068309,1.2548353764971578,4.003192040300795,-1.3288529956504578,-0.789138040590128,3.1300079780276113,-2.5492911596826073,0.27425409601436507,0.47731307533153616,1.6185391900027466,-8.328570036573225,-0.3361711693327503,-0.9414283072269944
0.4594745979614811,0.7448259337677187,1.698604819733704,1.5250260515244787,0.7222824662005046,-0.6328832528968052,1.9026605556392715,0.8966889952008423,-2.189511364100163,-0.17747127766108312,-1.9361439898959443,-0.7572094912081654,1.3734250248773399,1.3390586993638665,-3.534603078212957,0.7809315617019585,1.1125974202859088,4.574490867097145,0.11728092927323559,0.6907517048415067,-0.7784025224781497,-1.3962987403278362,0.6461062257452524,0.7891375825703666,1.3296388363517266,-1.1892813037860839,-1.5205378985352458,0.5219021984152388,-0.33188801961154946,-4.404375512793962,3.977298924901934,0.5553086284504511,0.46616989202252573,-4.029667882298862,0.10858138631987646,0.47626815354946656,-0.663106182999537,-0.49601234006423983,-0.9665671431377588,-0.5945462489139853,1.6601844650561706
1.0288472019739932,1.1755388681873993,1.3432648585484683,-0.23069575568097525,-0.39434674139686327,-1.3797285658976037,-1.9580973033654114,6.975961484531043,-0.7926089398991466,-1.2963203464864976,2.385315682013564,1.8701979521231717,-1.7249910717277968,-0.20868849291847433,-5.147868393250534,-0.4179604017606701,0.32076513631297654,-2.1269161857038377,0.285896362556046,0.565926702395605,1.4586199326723945,-1.318882251817138,-1.4362747596213616,-0.041149175196423894,-4.4380737427433985,-1.072127688960987,1.3075725940063874,-1.9653184100937358,-0.5472995707328671,2.331927646907676,-4.469611138304495,1.0471914401248228,-0.5269103200410346,7.447519118388316,-0.9021738552352903,0.7987673566925788,1.0894711237063994,0.3109798221084723,11.218088238323466,-3.252040766506824,3.489535794430792
-1.69201408058144,0.5123239437205322,0.45574696910597295,2.4189228250554704,-0.896361575930369,-0.14590461854422807,3.3661281618198378,-0.26286226320595407,-2.16810978256299,1.3528071261153143,-2.8045489233435883,-1.6754021338402905,7.397579360035232,0.015842182900459165,-4.5553701475433215,-0.5610869526947595,0.1480437989319004,-1.9978941480516215,0.5402627231331107,0.10409026040009929,-1.421801127631627,-1.3656417256546733,0.5186849266787238,0.884848364976506,1.254527857831675,0.727107792661755,4.746726030101934,1.185533772533163,-0.6424994625858775,1.2738211192513835,0.12510818821326097,-1.280506617729484,0.051310220665159716,1.8164472298048164,-0.4193887988981735,-2.7730503791485863,0.013826907452149585,-0.5568250219991205,10.198825541705686,-0.6422709615213495,-2.242069617148836
0.7260175442622725,2.183274653029488,0.967895385556045,1.0349991541780754,-1.461741204233948,0.4296764256614807,1.6538481784841603,-3.379511950978426,0.09920648474243075,-0.2720015760650562,-4.768599410461086,-5.175826861400856,8.804963560807339,-0.5159476694802864,-0.9738496652807842,-0.6581150294465464,-0.4138636903271989,3.4652231475357507,-0.16642651881269035,-0.33919427743481795,0.01978592651695403,-1.3017040363338646,-0.3408893313036274,-1.0944149029447887,-3.926690469836601,0.2010815796352302,0.8147521911611666,-0.04591356176300626,0.604773776549218,-3.8341745059201893,-0.03904255472611595,-3.201456621617837,0.2226579275305472,0.061177406438794546,2.623310104606668,-0.09973309615165248,-0.18369503962615613,0.029775878095437545,7.095406431769981,-1.0761607118741725,-3.703310058716177
1.329750335563033,1.6092183670969114,-1.1086699300394522,2.2796766008124965,1.7198480366502584,0.256547543427268,-2.576214205025322,-2.284618257621882,-0.04486823222729161,0.38291801292044514,-3.409947902100299,-5.501799288052063,-0.25929245283385954,-1.0114184122329464,-0.5826081693346727,0.8636709462687012,0.9265873970689376,4.47084315752225,-0.44483776574556355,0.4130642366454858,0.7613838473465506,2.0017221171522213,-1.2073052736132848,-0.40827715274837273,0.2566793315126161,0.5176702093157066,0.2933521608700711,0.5188721444278128,-0.4153029669486957,-0.6742684352796892,2.1316196357329815,0.7893385931514421,0.13549285778253398,0.068804754447085,3.200333786239124,0.13112622268261467,1.7336490086680807,0.6511809110132468,-9.906179086986223,1.0526280329407096,1.8734615106096943
-0.4551798204990856,-1.5302261290796926,0.5750053657309865,-0.5270301517528682,-0.6634268481089161,1.034332048393073,0.044948888100951434,0.3425085414415039,-0.024994918922844195,-1.6317976749458412,1.551587906242521,3.003020537716668,0.9820817244992881,-1.6444504207597244,1.7285627562322743,-1.0050174013550706,-0.8186233545113916,0.8150429334814713,0.41210044995746486,0.7870894669609335,-1.1029419138940948,0.7022349332743071,-0.7344265083959378,-1.3961138997466676,-1.3731087316645967,-1.4632667790299085,2.1874508582434657,-1.3296254273413928,-0.7211459911759781,4.118603608782228,-1.7815336739179493,-0.6770541674301636,-2.0901235171347987,0.8081446123181535,3.003718946825412,-1.3236120454331146,-0.8788095784893241,1.2720634194887492,-3.412973340963963,-0.2696312855539852,1.4688624284048188
-0.1396058761337701,-0.5372539785184474,0.1720335585269879,-0.5391199704709017,0.3074547113083896,0.5565195660947676,0.6802592119274706,-1.099610523074732,-0.32110394201279596,-0.2437075029580419,0.06622543746577958,-5.062043264294619,-3.98590575599743,1.280232450442064,1.8310489995456103,-0.9116237958770469,0.02933586124080746,1.2406809925865208,1.1580719552833878,0.09338331571308006,0.34056979555886985,2.096094657808327,-1.4900152559739015,1.0987734507764937,3.7768225503594204,2.2417100346347714,0.32594900685675376,-1.5385887009994852,0.026493036372077568,-0.9023908316659153,4.345668868283831,2.025309951934901,-2.545010638290964,0.046561063005440384,0.10640906315281717,-1.7334281646222027,0.3263762043406688,-0.8075875316215824,-10.927176171523003,1.9106346406594603,1.3741673282667426
-0.5676591257388621,1.5153253265752111,1.7915083526331812,-2.493625608365617,-0.27622341313772286,-0.40473955096782366,4.0552652488200005,-0.39895895739346887,2.5514419502717303,0.05580889472684283,-0.10889804493412458,-2.102781882933019,-2.615460931787468,-0.5179618354765413,0.9356779239667369,1.212274697441074,1.7355851961726847,0.7494975965442494,0.7476114793287841,-1.1059161114895826,1.3115449640862349,-1.4812625711975924,-0.6155171586002762,1.0557780256503584,-2.4973392549525273,-0.4595748217569209,0.9453507837584095,0.8173491547475921,0.33424128373324,-2.226976264520885,-1.039914251495103,-1.4679270191368443,0.9385078776008247,2.8403646529637547,-4.457211402879396,0.7301622597433494,-0.20283003687169573,1.774045658804977,8.415187800822862,-1.3554025738507627,2.156149902941049
0.5913833159540375,2.132858325380988,-0.8154731609766228,-1.174521998567759,1.3048334279385077,-0.14734590928170005,3.1688732727682662,1.9953755299043974,1.3671463082202318,-0.5930639825859525,-0.42543857816356767,0.8725948370367641,-0.04440135957307669,0.4507086798690695,-0.6032686102695184,-1.576028432625574,-0.3810830733889496,-4.156101635559892,-0.5704586447655892,-1.0545066024087908,-2.2070809993726095,-0.1943670803754009,1.2555959732326334,-1.2980003476339572,0.515359554946766,-1.598651110120278,1.1347447263572936,-1.4330200624913634,-0.34576602985128096,0.2638483523047034,-1.305719219540912,-1.9023070045088244,-0.6619816044236144,-2.6081980162133798,1.3004162074909542,1.1648886700700052,-0.993477372328109,1.0236677128174476,7.252679282229153,0.1682505118081162,3.2396939796720727
0.0658849867487151,-0.4860972406648907,1.220599778744471,1.2746072654703,-1.7073045755775078,0.8359657456683576,1.9857811895243223,-1.8985489968403404,-2.803225360573775,-0.05371931471908529,0.31118328852942445,-0.6963515586901046,-2.676125881446928,0.7680965582942735,-0.5122653936754249,0.8013011527455557,-0.9365595468169897,-0.7544414533966415,-0.20184357052427024,-0.7766193579534464,0.038660849332237214,-0.6965927488562461,0.5393450095269517,0.8618399591742191,-0.08535690453338995,-0.39013011730864566,2.18916336929876,-0.37035378755678133,3.8096481104338897,-0.33509288239819646,1.2217326913040538,1.2487471289001395,2.514565168722874,0.037249081633836334,-1.1245543098012991,-0.07598231582421458,0.17390830453952785,-0.7553400619976443,0.41335534219718334,-0.24823271831652274,2.2063864077356268
0.36362411658368254,-0.39882467471273575,0.7374552433416246,-0.4583173392390925,0.016414473164626537,-2.5285001599067884,0.6071224289750692,1.8080831454188893,0.019991373017770965,-0.445965179613001,-3.1099491737796106,1.9944516520988245,-2.7131419839748765,-1.0081628641918583,0.7277501277352854,1.0365233707006756,-0.5271664689236025,1.889984506165328,0.9671893197341792,0.6977643792367688,-0.8148974239685093,0.9948866354108761,0.3619442564301097,0.1637765193128805,-1.4875653304921204,0.39591660645322446,-1.3559359310745287,0.6870069238487256,1.5663903574259483,-0.9352541004689838,1.2327235985093892,2.0497085091926537,-0.8874656740847263,-0.5411431707429064,1.3553656074272187,-0.49540594364214735,1.4156872632730173,-1.7833387147307165,1.2948428029795027,-0.2507495974029297,1.6825514382774291
-1.392205039806051,-4.05176494093443,0.47602202991282616,-0.13016081189920858,1.03381853297931,-0.05464452537036044,1.5065823206221016,0.18143947797302007,0.6309630497414298,-0.711483178004982,-2.4727548997964353,-1.6124296878926851,-2.9038370774309756,0.7581638820777009,1.2562678918493204,-0.2500876801972023,0.3502392610007802,-1.8490914442702122,1.9341437534039623,-0.062379622944684965,0.056056494271468485,-0.12289215367454988,-0.017858765037852838,0.5116961658755897,2.7404333227410103,0.2640579348244386,-1.588930766499266,1.4400911669538097,-2.172605364002156,1.7091210642005819,0.37363185251169695,3.0045545448979025,-2.2670040267914033,-1.4285394325500742,-3.2952513277372266,-0.26432365165816907,0.48993595053086136,-0.09628085026103735,-0.3228362233666002,0.1781655091630685,1.2447985346695838
-1.2101370939007134,-0.9907880935992093,0.8513248069263175,-0.5328321440376325,0.962707557045213,-0.4700193837791981,0.2774646091645132,2.6570663852657512,0.1479670727869268,0.5129461922273224,0.9224393732831258,1.763791951089536,1.6135333199629007,-0.18680607394469415,-0.9318218348965981,-0.6141101181830941,0.44578297014500956,2.4081866139654573,0.8924358287404791,0.29766309136924024,0.7870833270889527,-0.13649520804832133,-0.8580519378834596,0.8032565854310993,-0.37786103369388013,0.5757888845138392,-0.7878956290274779,-1.685139853203557,-0.03548619560482726,1.5656009485038287,1.038813027921806,1.0923993045261944,-1.591150732841138,-1.6687753042837326,-3.376602425521476,0.5803718074145102,0.07690917478073478,-1.2039358219002414,-0.5360409487514155,0.8140487610773363,-1.1883084373113206
1.0177843061630372,-3.9267936915984656,0.21570873436822008,0.7120592336478628,0.3412661230637537,0.10656050221290606,2.9862990349786203,4.396878364077642,-0.47147006714827383,0.8562383253980883,-0.2829949231232076,-5.0771609987604185,5.532084487207922,-1.0907667927050375,-7.0544829360682595,-0.28832006919236736,-1.65371016462558,-1.7669707887476598,0.12675765974876593,0.1651816932178424,-1.2614526244421114,-0.5890934169832448,-0.19382973304141526,0.5288356640996019,-0.47434421083368095,-1.1787954095336233,2.0827905200940107,-1.5216387478627145,-1.6051957194694313,-1.7317583030926738,4.686965787375179,2.3945768849454385,-1.0691710708810171,-0.6640469956652231,0.5585615975367912,-0.5031244546969232,-0.2593030997883535,0.7327410377830741,6.066473589710715,-0.867208043538977,0.967756987068112
-0.8822512065239104,1.6012968420842566,0.35660532038459036,-0.5460986805871049,1.4955835714983716,-1.6275761285682602,0.13581916090252655,2.3213700970034576,-0.7659756791991934,-0.983744325574418,3.508805343022811,3.4786469860414324,1.9133374158768757,0.6029754976243412,-1.4276306887233825,-1.2194161700155601,1.104359211954772,-2.3765623263831923,0.9237489875184755,-1.0923121274044019,0.8610221261709402,-0.01806411318621948,1.1131370462602772,0.5317566955318134,-1.8390438074645448,-0.01073081979129016,0.3869998216146612,-0.7037043261480752,-2.6992961527058275,1.4894934814178948,-4.3585990407474,-1.7862946133603006,-0.472644511163634,1.6967391567916266,3.060932897577555,0.9543804393674556,-0.5105187680590428,1.3034331859166164,5.982480610028026,0.8334802162946702,0.5623713660622982
0.4267410134221808,0.21722559894726223,0.05404084980807694,-0.4714332233410831,-0.5308810787515432,1.1767569388468255,0.6367891678822171,5.755285355589339,-1.9475724152520197,-0.0709785391284084,-2.8720971021735497,-0.04334503981085025,7.314922388748984,-0.057162182975643336,-0.7335858797325239,-0.26358142013960945,1.0201067858806396,3.4639121016169727,0.1512423361207525,0.16158734131653665,-1.028208725616752,-0.7450943418457305,-0.7449413169929192,-1.2207146301980376,-1.1637774955355051,-0.9832992433896526,1.789917061268708,-0.05548657554863317,0.9688640512399725,-0.34116951800473316,-3.8229590167669034,-0.35535396078494585,1.0107440753872055,-2.8708092283717477,3.483310732159447,-1.8135754977289347,0.13187839270070556,0.0024146955375957567,6.16758326439885,-1.0052278746798218,2.143775502800362
-0.41793636179391647,-1.0682566619080758,0.02861129453161665,1.6663323839994695,0.6494754107366719,0.4511890647452299,-0.8387211740454517,-3.296884264431514,-1.1038061964381725,0.31664634391945407,-7.198021398464371,5.631281164212628,-7.615709260457974,0.92310313801048,3.7591398294238965,0.3503738828765472,-0.5710893748111558,0.4506026677771122,-0.18011040659041538,-0.6498448536227943,-0.33433062111165834,-1.243238361528653,0.2916057188586612,-0.03655871920621561,-1.5422127370525731,-0.16013502026535295,2.7640945306283884,-0.2434056388590107,-1.5832459251424689,-4.836920175904908,5.125809244199645,-0.16631618164896578,0.7043545021499958,-2.5089096045198582,-3.1471143266330674,1.2515254991425662,-0.2085805523441278,-0.574633212067561,2.7640496802607775,-1.0451448690929512,2.877026839806188
2.323433184570601,-0.14717548179606066,-1.2030828291329827,-0.9078912453299246,-0.8731473523185511,0.6998453433671333,-2.0968726741589925,-3.320567065982686,-0.012399364567071785,1.548779867689902,2.0422644976235405,0.1832845747026539,5.146343085425834,-0.9040655383391165,1.0490563861299371,-0.17191516823329064,-1.2571331154525376,-0.3226844545539913,-0.212778210248004,-0.16472638451595806,1.195753152162329,0.023485116417164463,-0.24775409596820439,1.1950859040252053,2.874542760289324,0.4322080041354097,1.2521496616052796,0.5773074462375777,-0.1344399120643905,-0.15740790426840623,0.355465551911615,-4.75315697570537,0.636694831955462,-2.1251225703502277,1.6746835284681079,-2.816426699412482,1.8422260511366801,0.289168138761049,-6.835031409680856,-0.057492919835744394,-2.6874537477244904
-0.6429956546481771,0.27883658174368997,-0.1412599877467387,2.1058307497582067,-1.786821343466252,0.13808498720022466,3.4091273513491673,-1.4308383182410709,1.1472079493912364,0.7248389623656276,-1.441963577966633,-3.915229638918715,2.4894386147500476,0.7408743832463472,-1.3410842799161315,1.1400645590287066,0.2462689071784131,4.469724054196,-0.13377617308066853,-0.5164875924972089,-0.32502674891276917,-0.9679366592348936,1.08836268941092,1.2772619505303666,-3.5911969470608316,1.1255584874195448,2.9537053590286106,2.4038226627799184,-0.20302449700939362,2.30996571852067,2.0731529354571085,0.8928770853372288,0.7808318396287885,1.0174954204200297,0.8210551564808704,-0.01757626862076873,-0.5794532666829246,0.06859277985121551,-1.6919396618230396,0.43530939681869935,1.3752651752411953
0.5151224397486521,0.02307334910720793,0.069082140371525,1.5994826863827574,-0.2130236284624736,-0.20382978594855672,-1.067913874830875,1.0018456065638772,-0.5308057599874928,-0.5838067153023732,4.585118309494074,3.4371751269090387,2.45537668447867,-0.27981191416693885,1.2021999623316493,-0.9175105494955046,-1.2327503264754536,1.8450254409291345,2.0042253267475054,-1.4603064158964636,1.8850933160986418,0.9260931076869668,0.09985904764388785,-0.33278580407776925,-6.641397007209608,0.6625215590865451,3.907420057007637,-0.10325670969469558,0.007972569736460908,-1.1628192690529024,1.4863188758168353,1.0113250897168116,0.7695651185924797,-4.115792105004955,-3.6871388933284925,0.20126165151828754,0.03527214791389384,1.137569812229214,1.787535643399785,-0.8145556907120226,-2.493995134489067
0.9864606917272956,-0.30941064452766776,0.4585473568833147,-1.3772596907829842,0.9451351681474319,0.017681920138426843,-1.4375099077893554,4.010294482384932,-0.7751231837235995,0.5768196963647871,-2.0354402375143694,0.5989899601931057,1.8922010449386595,0.07491917921807141,0.39804450128360247,1.8484537134688659,-0.5222232345162776,5.139737795252274,-3.5904496280889155,0.2681167594273555,1.4678325643555354,-0.6585748755903016,0.9134993619602136,-1.3457504616762805,-0.8214661547988853,1.571093500438905,-0.7555392280762421,-0.3581791314756851,-1.3766579027086692,2.4292275086483945,-3.8223681909244815,3.4456946850944457,-2.01025476078927,-2.0434347017308085,5.674819444400166,-1.8325004467536075,-0.5031417143526501,0.7002984527032982,-4.239957834652849,-0.38324569840093586,3.2527196967459457
-0.06291663840410824,-0.6943528430060575,-0.04519996464070278,-1.5866598635022031,-1.3566331198226107,-1.376281028801201,1.026841197661105,-1.4206575618314559,0.7766808542408284,-0.18177003224467453,-1.1050998305919215,1.7268949056619354,0.925324742671346,-0.7063663959253378,-1.4355665917370595,-0.5131816664513746,-0.9230308386807452,3.12294933790566,1.7851770363474135,-0.41570323776951285,-0.21438897164664167,0.3950728659059973,0.34834715098787294,-0.12353246685554446,1.025552549784283,-0.06484493922125859,0.5972062059986365,-0.551113238323591,-0.42169678737773914,-1.2307393551271844,0.5130187757675251,1.3672878137010893,1.6527903836179816,-0.08314900015221882,-5.078939198012412,-1.4775541836738164,-1.0359806006754226,0.98797075886998,2.9554547307122387,0.12433075686120303,-1.9946137140785358
-0.089583533997086,0.12312590154345071,-1.3310292800320607,-0.25458837137046486,0.29251279022889826,-0.20570198455222424,-1.8565851167331116,3.0423197826105337,0.4460880215750443,0.4826248322669624,3.752698783645163,-0.4107675106722115,1.648083606077471,1.0614643514439805,-0.8116608366439609,1.8211032408552288,0.9616293205462653,-0.8329137442894918,-0.7485609265274507,0.39090428303845237,-0.7359357455246389,2.486293106054491,-0.4920612117563602,-1.1002421610204995,-0.48873741886805044,-0.6973845939210412,-0.31647596621857566,0.7715288601505231,-1.86244813726018,-0.9942326729421642,0.3035033774539595,-3.6973353488033363,0.3389422586718975,-0.1084706968630671,-2.130144215398669,-0.3600100340725677,-1.0799901944953967,-1.7321217017690027,-0.29677468325840783,1.489347262070631,0.4538083757515565
-0.22173175014047086,-3.72829414852994,0.9482958818016289,0.009672033403220835,0.41741890594037573,0.06529436987616478,1.8000169726347282,-3.6941219993343335,0.9582678113264862,-0.9151354538230408,-1.2789609778006543,-1.06728483197795,3.8304767734232117,1.3224041968347524,-1.1431569549719571,-0.9269199638322841,-0.5994021005633892,-0.24420623084925075,1.384537307655745,0.9834998703581864,0.5219894288147369,0.7487490515763056,-2.0948788574837987,0.0664460498605621,-0.005417169144628753,-1.1233361555787253,2.1271904507228316,-0.8400169459015379,-0.865049009520805,0.6560081163545721,0.3486513988897031,0.8482363431783584,-0.15962682053644958,1.9707064245837023,-1.4737922011303106,0.42668536392441575,0.7625244989241053,-1.4202274128892907,3.4175627672103257,0.9534651373870755,-3.1670687166829277
0.10701371113578746,-1.4189033874621293,-1.9269970582077973,-1.3487628795115942,-0.5374446736869656,0.7319473832980004,-1.0707056080232848,-1.2672647641526917,0.7787716039111826,-0.6026095833032349,0.8894926046087616,1.7657803337926343,-3.2659203084549877,-0.37724132940570443,1.2567632307008307,0.6356784322782211,-0.4638282550617363,0.08259176631480347,-0.5487929319142388,0.41295392221081345,0.8356208381372653,-0.9958986676584184,0.4221022094844642,0.20114211731341056,-3.926321910501853,-0.32271767342584484,2.9307588359953347,-0.05492290157319069,0.3943766575074032,3.6456940594553804,-0.4198259351072231,0.7475367793238201,-0.3781972051038777,2.3997254525619414,-2.7508951386251344,-0.1124348370719806,0.24024870986586902,-0.1532849848189528,-0.9893461698735512,-1.4178006829587326,1.749322654483617
0.7263383101603195,-0.6893738960656979,-0.062279114300195455,-0.03403442119979063,0.016953887709584278,-0.47925567645214545,0.9829579937281914,-2.191300068872111,1.4245109992665703,-0.6077882279826237,-0.1577317696476187,0.6778247220186957,-4.046754897388482,-0.41729675747389544,2.2780759399213766,0.24807822232916737,-0.07722603682416346,-0.4473373027577341,2.408947434571581,-0.4963339973827324,-0.36772287290698824,1.8190986962206241,-0.08595340761354676,0.09575130314588955,-2.376674279720673,-1.2510906603732714,2.9107057067152935,2.4097573650038355,0.6341886893548113,0.36180849688783223,2.399766149172672,2.3542019839689847,-0.8150641945930878,0.2038127371260916,-1.5617375385682435,1.021532924360029,-0.5165963483931848,1.2116942667980783,-0.9243101781926165,0.6043825076698257,0.36763966798556635
0.7338632106767106,3.8426802489679526,-0.5751872804019802,-0.2948758413898144,-2.032016357718498,1.6982193069095441,-1.0736246155574805,3.029176250066385,0.38099602132282656,0.7494093057986706,0.4873844711610096,0.7963224027650792,-1.2552542544303198,-1.034532003947452,-0.5900226144832256,1.0132338716381275,-0.9288174220668369,2.773690826963584,1.1925542864256349,-0.893845351816685,0.18851129013796955,1.044475654474383,-0.8107579313444285,1.6650165049170482,3.5959805118469492,0.7464836790080983,0.45917297135113133,-2.8564072321873324,-1.3354017029967145,4.234494131856266,-3.1571411428365157,4.609684460270189,-0.11594622769283752,-2.622728717981243,-1.4992669351357097,1.3687377170391346,-0.957297283161214,-0.9008885546796187,-5.127523259880125,-2.078707228758484,1.023588824348781
0.39739548502172406,5.040451914047223,-0.3108727993098388,-1.3175168195083826,-0.49269520000569966,2.5283470550535503,3.5594679108182867,-3.998685347488679,-1.1191341365035803,-0.34882447586692117,-5.714032794153621,-4.425459335482115,-1.9466522637938048,0.5987425048655738,2.6558078142070323,0.4820822871971128,-0.9385339445177141,5.6265920702195205,-2.7130129818026876,0.6129050108753055,-0.5221803920168524,-0.24168696587620672,-0.24490675528306607,-0.8600661202947723,-2.4383232826055377,1.1419315937540386,2.5009144038567364,-0.03692511655815043,1.1633745375020954,-1.7310588002648637,2.3224713442485303,3.1142419192027315,0.924951239395333,-3.467060064922106,0.6409388756417824,-0.8209748505539955,0.19468406501493585,0.08308291883744832,-1.897099837025657,0.8652529873526805,1.2239288526963892
-0.9002049584987147,-3.097023987853665,0.42882266600239805,-1.008193250372389,-0.12144221305176531,0.22707877721135145,0.8662847127731048,0.39444662289164156,0.5629881853107326,2.6998167391418897,-2.9393268754533057,-4.227748219731128,1.6279329979215442,-1.7681256477676164,-1.9634794884211426,-1.412443968299634,-1.8232177958066753,3.4772445560152265,-0.9478694720763422,-1.7034089228203522,-0.24033969499103083,-2.5260949955356535,0.5059445485727991,-0.20424372916164438,-3.1417809333709936,1.2192317890531912,-0.18539948883467772,-0.10342577434439318,0.23039915089791654,2.29617701493758,-1.3220188746868575,3.572069204471638,0.17013906858137148,-1.6019738417501341,1.1170434476280486,1.0960499766655354,-0.9871785180175996,0.49186328164975507,-0.8865151121396475,-0.44747220340271116,3.982965304162064
-0.22346662724865057,2.0736194514259276,0.10025893118448355,0.2482573432932651,0.005364387240981371,0.6894265439510204,2.3121329744465804,3.3480337131556963,0.18231843499261902,-0.7019230597263414,-4.9711808814991585,-2.5003922599794084,-6.8188636435778465,-2.235847374639268,2.2840145545776265,0.28564621231292986,1.359812213712959,-3.672379089604364,-0.05401231012858357,-0.6332954984544507,-1.4001760311627869,-0.39205253101760223,-1.0137358318894099,1.1902275514655785,1.7387478518864703,0.23598651470980309,2.3602743174142593,-0.13541822603642903,1.1700472444370034,-3.760435230885048,0.6143728808734799,-0.24692819011283618,0.7567411666352504,6.068749394641487,1.586529258316371,-1.7004394688596516,1.6148789448407956,-0.23896723655599836,8.80479579608063,1.1428846856156707,4.368854040594159
-0.3780388549857077,-4.992618181392746,-1.9190032692674184,0.8821560051838273,-0.2425320539350676,-0.7453488505727262,-1.002095188557016,-3.011039463459617,-0.051148002786179425,0.815746039870549,1.2465881877776526,-2.607995964865278,3.787456311754845,0.7308913934243004,-3.003076620216646,0.4545606190586407,0.9733565947577025,1.497066800887417,-1.4361425202910096,-0.889654160185359,1.620967371393429,1.2092127791189107,0.7047341718243872,-0.3658929997837238,-2.1992164251283124,2.3256623382350354,0.34793184432520385,0.1504963234006676,0.9414648199917275,-1.139837468684299,2.1256913010316323,-1.515996726643025,-1.7497933827418681,-0.7030867804879666,-3.7197305547637853,0.5049279351070789,1.2897011990488827,-1.2916470749574274,-1.4190553912108872,0.0783031596645745,-0.25960311769144795
0.2297539315431435,-0.7339346350693573,1.606003786769417,-0.5415953100645946,0.6327268740562975,1.2329728844567174,-0.7921844001506386,1.5923658610985072,-1.0609799977885548,0.5100919089157483,-1.795254824382603,2.1318667482964675,6.001820568650482,-0.25743811750311757,-1.0669076328906413,-1.0030914275513843,-0.7667360489051962,0.1071449845846687,2.1420832576809783,0.16705503762455826,0.017011354901906965,0.6689220336295033,-0.5846510512204909,-0.846304247637604,1.30252009733208,-0.20369368841453273,1.3281840012909567,-0.5302680411072428,0.4703779327582051,1.1667739826578363,-0.6631739691150069,-1.492557896825584,-1.2296587684327265,-1.2432172572298112,-6.325924026154365,-0.03644751498622956,0.6524759221070855,1.752757081099385,6.650173856159366,0.9916330127745272,-4.606197891034588
1.227531092190085,-1.12954326170524,-1.3941595422474553,0.35672848671257856,-1.0524687597456093,-0.7223993395276774,0.6168201910552494,-0.25759580680275285,0.614209292760807,0.7531795940696323,0.9927638919356833,1.106772936509567,-6.8739844967012225,-0.1580283349911503,-2.2089801422110114,-0.6935314590016304,0.6758265722489161,-1.7865079022401789,-0.1771945302573981,0.7743515590303145,0.5596232397123734,-0.3735948761554356,2.4501216482696884,-0.6439026557835594,-2.2425599668089413,1.7060492122557092,-1.786640114250749,0.3099887117279361,-1.1175105713956646,0.7464869672624335,0.6226244087193316,4.8147996412932255,0.1890435621123702,1.4083197420943938,-2.1892589809840244,-1.0962066537457236,0.644375988446481,0.32280200272269555,2.2022044571039916,-0.301481985008454,2.180413627055057
-0.9814790398004184,0.44579915952336013,-0.3476347067887552,0.03110012983091304,-1.0468051512430376,-0.961153867908139,-3.41998986955039,-0.4366854813368952,0.9834500603803479,0.29376435581161847,1.5740442018276197,3.098858441371967,-0.48142587077972565,1.2065331759123497,2.5062797260445198,0.5586185556058236,-0.019932059159785877,2.706374883696898,0.7874885661316663,0.16222265682933257,-0.3921670360314025,1.338817008164323,0.5138830433842301,0.42385002603001626,3.085390628230256,0.15600883680702526,-0.6084992123726067,0.10994789409977282,0.16389207256630495,5.259642876562574,-4.839243023292738,3.2464997007854373,-1.9240803394599564,-2.2754613685362877,-0.4057311873191254,-0.4585688521257464,0.01723986665044697,-1.5675974465628435,-9.5366020835292,0.07844083870225173,-1.0552966606461387
0.022528241687776007,1.101430941926742,0.03594052745470737,0.0691472846630654,-0.3841304813804005,2.1366743913112938,-1.4705219077957699,-3.2986531917678295,1.0676105737528365,1.1713896022460821,-0.19252083654887642,-0.5167105511605913,-2.431048759412674,0.6517440215759055,1.5855331610318792,-0.04605555388792295,1.1087101152455017,0.2509713745578128,-0.5716625317544906,0.7806725176994037,-0.26605106384640537,-1.4501316677759863,0.18682799513873677,1.5126535250273483,-5.682601872148124,-0.22572624828663804,-0.9991258690861711,0.5516699852318133,-0.5817720970910029,-1.8895778291060874,-1.3961503833643527,-3.5079690098656253,-1.8218004287245337,2.589109600503524,-0.7904475784616851,0.8258835495478971,-0.20124178529579692,1.4561047992587108,3.0779995545095242,-0.41104437830325496,1.1801884294863716
-0.1920326112133771,-0.9060305275339212,0.34508895717131305,0.7704940114097959,0.7974108647316326,0.8860819993269009,-0.8681632641631964,3.708108101296403,0.7429872688771931,-0.8979212093656815,4.557074509023474,4.690166198020386,1.9349391771904891,1.397902339571945,0.9609603001951366,-0.5654135331355625,1.7269673828236602,0.6064479690377782,1.6311791671267917,-1.1708294816869973,-0.4955495541187069,1.035963718295831,-2.201877064991242,-0.02470004919640626,-4.469872943343631,0.5336043238613853,1.2584546671791188,-0.5099918050943852,-1.5513964036502628,3.537931403988896,-2.809819997208341,0.37795634766452035,2.172657338396065,1.5711076685895304,4.536160298389994,0.2515279551757183,0.6342796048507998,-1.0220894963157416,-0.4173566791176966,0.20315078899969277,0.15567177735716375
-0.9146295449996681,0.8051001606719532,1.0967092987832474,0.5976939926385856,1.1597874913296,1.2759843459107856,-0.687053612872873,-5.05557803135212,0.5161965857756249,-1.470210682099634,-6.281054364940626,0.7303638320566013,1.0797063290934796,0.8315141490683952,4.626642404261162,-0.16035024827418284,0.012445629967765371,3.2791001256171755,-0.734715613430053,-1.0949176051492766,-0.14545645951576902,0.16078126759345981,-1.4100760995953343,0.6885605999804204,-1.7840059011617841,-0.24551631945837007,0.8515135694998948,2.1499984486676644,-1.7939564907955092,-4.168649054091118,2.0247206954560424,-2.852506907755358,0.5462414372129414,-3.296323854271428,0.9993049471048936,-1.9819581990882986,0.10358330762837878,-0.8636837038522673,-0.46042037192739554,0.6960409776322452,-1.482130323360642
-1.4159405198514048,-3.0464182174230086,1.0809056252898799,-0.03118809207646379,1.2402555358985825,-0.24298886776701287,-2.6536149254990873,-2.209249008112507,-0.12852497905656032,-1.1762389983224681,1.453883782264812,2.9123027295942556,-4.580004829961421,-0.38547712461635714,3.3307590843867647,0.7285235762759585,1.835441413999389,0.3534703907742186,0.1306669388280659,-2.0400952010643274,0.07900889838942717,-0.2551001635635354,-0.28731202474208156,1.1452102888282931,-4.50520371813682,0.5946492454495063,1.8443938945457194,-0.24832461438224052,0.8449428084715228,0.46842079891839516,0.38043108665815817,3.8139881047767057,0.26675811988818654,3.016389814204584,-3.2817297460273136,0.5113940714763596,0.41003539682771467,1.1395135655184752,-1.002376761451826,0.6414888541475595,-2.321398190780312
-0.8093641514648088,-2.179935148004592,-0.5434917251307619,-1.7154414401770928,-0.2162033477194765,-0.5715031125252461,-1.711945699265362,2.3875832718079133,-0.11923947662247077,0.28008209132403095,-0.1025449744368162,0.23676703619993944,2.553335265155301,0.42169837812870953,3.2417378266995818,0.5178783610167005,-0.49287506452483015,1.3593617542062866,-1.156699386610133,0.6522181575208731,-0.14105760528021358,2.2076939083121347,-1.5313574017404812,-0.6392575348225457,0.3118965730517984,0.8894920836100191,3.633686445707358,0.6146813827450466,0.8184167070367089,2.3478205585972014,-0.366258954552374,-2.4160675185131746,1.2370377753556725,2.3433719243545266,0.9675990969666477,-1.3799443428543825,-1.5119607061941094,1.074031461805583,-4.035986287430566,-0.49439932332396347,0.41105513518888126
0.7110748253618371,-2.6700581302502746,-0.264804431665783,-0.0548641999450229,0.5571195109314501,1.312308717837983,-0.4715348779657156,-2.3877975248449754,1.235310999730839,0.6568049112944847,0.39369627594839307,0.9714763614799076,1.0840050651901318,1.4128866079891227,0.22540466967345973,-0.3461863179217499,0.30265832125194103,1.6163813197117827,0.280143263335448,0.6961336000284095,1.088616196227161,-0.2314453309433214,0.04108313200461028,-0.11168468630769147,-2.2392768334438697,-0.5842775399833144,0.627252911692971,-1.6027623710691343,0.4623401027344478,-1.4402551797278385,2.592215263630157,-2.6575541552306645,-1.5347914571127932,0.9467608853198016,-2.1891455506216952,0.0315454930650597,0.3531584586008514,-2.333347387726966,-0.822888565807516,-0.7370031165793453,-0.9364554011298118
-0.9720497539535053,1.3226181921708149,0.7852166554712658,0.3412143974780448,-0.97083453562408,0.4355788966608501,0.03955176315793185,0.936653057868693,-0.5327739143895449,-1.8320196946047729,-0.4112200003230626,-1.814640520539935,4.527657355263302,1.108030852923771,-0.9960285755304059,1.1650223664747208,-0.09356087133234038,1.2439338793792745,-0.4533290475998195,1.8000393034909752,-1.0792391573988591,1.9201083631591296,1.0939982530063568,1.8548949347304267,-2.6567162753983107,-0.9598154996703284,1.532020701680023,-1.1957165549287636,-0.2564293977707763,-0.3718392111870561,-0.5234612617357755,-2.0390390662054343,0.4264947519916415,-1.5385095503727224,-2.558101682702781,0.6866883632437734,-0.317650122314452,-0.2994882114357612,4.4469052297947345,1.2594182219383172,-0.7562520864929518
-0.1845897345905005,-1.5048065089618974,-0.7055667326984488,-0.6985522293976092,-0.7472098186209633,1.1606838410147877,0.9663836360462663,0.49602030640530037,-0.7315436518450049,-0.3249498158463211,3.393608613051219,0.7785419757834365,4.3073956253085735,0.9620365133496791,-0.8510746856260303,2.059191791072926,-0.9522575060551942,0.47207656536161546,-0.10377329225838179,-2.4950547040468476,0.9185820361020575,-0.2896546911416256,-0.5027956409033649,0.5152913334567247,-1.4006441625376471,-0.5810830071622896,-1.0666991444312548,-1.737064131136093,-0.07650684084552321,-1.1593151179298031,-0.35426147417464926,-3.0906335718205504,-0.13361891976798593,-0.7567525730525588,-3.226566674437283,-0.41459880335755234,-0.17228014020135354,-0.009830223972479683,3.591800552187441,1.5510750978915997,-2.229515133920203
0.7495275781891556,0.3311148165044805,-0.07317858865968929,-0.1303181464996991,1.4948240021128578,0.05452111870550102,0.6362873515290006,-0.19012611156244152,-1.038784046608385,-0.5153747489319792,1.8189194796624484,0.4044575867353578,1.5353522370166466,0.5595612373004689,2.6104919625293497,1.8966583878435994,-0.2553825830888055,-0.6718015832823918,2.9617582193051186,-0.2422792602698533,0.41041124891539177,-0.4477752500088794,-0.07051796091157968,2.336100024028512,3.1946010576168757,-1.582689691733192,3.642422090818658,-1.6739891842789139,1.7417529010423922,-0.6387161796753085,-2.1468642450216575,1.642031621577201,-0.3673917055170494,0.2590482839431336,0.5836835102580125,0.6699483803807508,0.5500693916179791,-0.8411100058601965,0.06828409266323032,-0.65688354623906,-2.4237650100502206
1.239205299785167,0.8371945073761555,-0.5988558805654693,1.0465667911822107,0.03453333330968056,-0.9761184420959813,-2.1666171414171207,-1.0662298421032501,-0.2764039086461147,0.2820453280273563,-0.4974338361512942,0.5296662154269454,-4.621583352664037,-0.09509393923146077,0.1588653797018219,-0.9626570044159448,0.2749718078003922,0.445419002635458,-0.7353160884285783,-0.590173255062581,2.437207628223054,-0.6855143998911867,-2.0170135138477274,1.1675864326472278,-1.517253414465827,-1.21698080840985,0.28328694337068816,-0.30312565277815756,-0.38089859483290145,-1.078694442881656,0.5035063030306008,-1.768765807012389,-1.05395251699292,1.9724307354884036,-4.206692711507074,1.432475243395839,1.2758701625981606,-1.4610656009792686,0.21274687308293636,-0.7144463469064686,2.459069350832182
-1.8512752494979314,2.18299940989746,0.3659461573029746,1.0004478733316542,1.0837600743211357,0.49969185030301194,-0.12631479767180687,-3.395806472217845,-1.2270665193510522,-0.886479339141927,-7.121554766461959,-3.5955980044586324,1.127703465333549,0.6936474118919486,-0.8844249825082879,-1.782036226706186,-2.0996281254701876,5.95375845679195,1.747992736461693,1.4291657619239975,0.528579225905415,0.3417277162037117,-0.7324559161106124,1.8007783718969668,-3.2134590748078513,-1.0306231788030566,3.683176138467615,-0.6888548468253687,1.3941279663578228,-1.3451585634196708,0.10142570141404339,-3.343698267645701,1.0694951520653238,2.4189484392435414,-2.183499770078263,0.887429239099283,0.11188358878818329,0.3538286748971966,2.9365826492326166,-0.4920540148340318,3.7446493400578085
0.8802467871325602,-1.3816738899938286,0.8104234074184862,1.5390462789384354,-1.0608730573273062,-0.5347280931934835,-1.312099151547001,-1.254159935427007,-0.9894095658736057,1.193258391219806,-0.864877199505183,-0.8487368774473034,-0.43013570084292096,0.17374114324163636,0.3005939577758505,-0.9238394680538415,0.043301714507356315,-2.03588221888984,-1.145232332458012,-0.20655576018196778,0.08508712264195878,1.0458009643195025,1.4173558913369888,1.38147489244571,-1.8320356430247604,-0.004334933930446845,-1.6907212989252214,1.7407694622055045,0.02877615937434844,-3.572436489296563,2.3427163702916873,-1.6859194461436449,-0.09292040934381936,1.5209897098237712,3.1646021675987557,-1.2930270004442785,-0.005863784634633069,-0.9375921499144162,0.9463457119983048,1.5731273368389904,-1.0159602863887431
-0.48048992219328507,1.6522154884955293,-0.9062403847107586,0.2924212437377871,0.7194549002166529,-1.4227067832523825,-2.0901056071317106,-2.4510671228341394,-1.3790249753425063,0.2961890280867138,5.828602876917617,-2.5792015423509635,-3.2675554204403383,1.9999652483308006,-0.6293860206283841,0.9521121654882897,1.2039372659078846,-2.6073210610664606,1.5631366594599447,-0.022901690603876968,0.3031367485336194,0.23190803364316512,-1.7036698029454762,-1.2132180233900178,-0.3515344524298494,0.8434031060270311,-2.179957993282916,0.11186029137026784,-1.4085138415690028,1.2683657775976633,-1.0602544828242966,1.2820595072325607,-0.7086343256147638,3.046507953520922,2.127092306796938,-1.3674984072401097,-0.09466935888914549,1.7106383039182418,-6.760547666347002,-1.3338872674342468,-1.2682411077962894
0.5422943724416691,1.8326650359690775,-0.49052704312501544,1.6491385884504652,0.06541215429596414,-1.8123825653040773,0.5547733539418551,-1.410185725485651,0.17901762740868105,-0.9281847812242392,2.5187677956205703,2.9632238275005007,4.782876489305463,1.0032459150128061,-0.26825397944915297,0.6418602006910858,1.294560204785139,-2.0811182954675536,1.5516398058301766,-1.259568251735437,-0.5057356396462657,-0.29527698735781005,0.6120415391548852,0.19587704418638105,2.9368786712741297,-1.6089047503123959,6.033868627129056,-1.9394821993503153,0.25595888716047543,-2.1211387877578614,-1.4658854822134222,-3.9696343495897635,0.14733137240094868,2.3242843674274196,-6.73504184456596,-1.2698049092696846,-0.4905419273544177,-0.5773903418681766,9.424803718589835,-0.5331452702348688,-5.26355695336913
-0.2961709772564736,-1.222227599880531,-1.238288872903871,-0.20700356634913203,-0.28971032953681414,0.07533802312339605,0.30323861092198223,1.6743994909178375,-0.3009495277750292,0.19868323859441875,-0.32162762461173555,-0.8866004594227347,-0.8639433288917628,-0.10788459629629188,-1.2007942178967626,-0.07538851073225379,-2.407459186379342,2.5490644579647865,2.0083108776490732,-1.4489847463156194,0.7786135645396074,-0.2745297217186841,0.13007584740337996,1.939805702708655,2.7087371271675798,-0.8473083804899981,0.02392477677912752,-0.79588612535708,-0.00824679840983248,3.787936192051135,2.2309692738363873,3.9068804265832515,0.8241517971326944,-1.9838682261292058,-0.18416541731733693,0.08220391640359227,-0.4502581961546863,-0.10929623945574948,-8.80249594346436,-1.8618884101229853,1.464225698942607
-1.1051661326824194,-0.7906299349692284,-0.9869001290681302,-0.6167517903236507,1.0989594045944686,-0.3745967197358209,0.7975390332071204,-1.28182211566934,-1.040684811467384,-0.0983001158950747,-2.115411150390721,0.8375046218870055,-1.7974487494129172,-0.6296139162705539,1.6101986545345488,0.7331723686310634,-1.3149254981291867,2.247631945056574,-0.07114106873862654,1.275893104371039,1.9534476429714003,1.8674166755501944,2.1379007971675574,-0.5505273570434319,-0.18150604342358134,1.6217838171509669,2.06104710660581,-0.031839064353133495,-0.1106456675526149,0.2758089343323775,0.843112450372767,-0.4330160577455128,-1.5225491150264836,-0.5075354618348757,-3.3483094487247773,1.226034363073598,2.5207925895594063,-2.428085576818279,-0.5507877118530923,-2.2398000576842523,1.978898597014903
-0.20317328665531234,-4.146848110483377,1.3068165274808123,-0.01905735173262934,0.5762070524275928,0.5472337451853854,1.3226866591173634,-1.1364394051285212,-0.36308190727437334,-1.3576574285975942,-0.20063510949625396,0.5835804475666784,-1.854532997680973,1.2452538353134786,-2.269263925182842,-0.2718963890873625,1.226859428693673,1.6008159775910618,0.007503111708022133,0.5724924820932646,-0.3407589071804588,-0.4024151955701711,-0.16420837345189215,0.5480187116187605,-2.638671020893499,0.2689773752753958,-2.257277596134608,-0.2125854542300335,0.32791131796244943,-1.4561068787481046,-1.3674945625269275,3.6036261957073483,1.4251584639765293,0.0814139475377923,2.2383796959503854,1.61350959689912,-0.9049101918475434,1.6750399928345754,2.1616725560852923,1.2766622623614108,3.335966349737552
-0.13792229876018353,-4.250757910819345,-0.5558595734434626,0.17191548842634258,-0.5759962604659096,0.37081988590297876,-3.714162916310689,-3.2625405229385818,0.6086422853172038,-1.1792399239476739,-0.7296495011306627,1.0780286938005748,3.0689002119398894,1.2416061545926298,-0.7634303122977227,0.3148646357177744,0.04285108580907032,0.7150449054708599,-0.765689709530023,0.4757691747442764,0.7220578748716572,0.5961296122984674,-1.0321536343469957,0.45968444591154234,-1.3360642416709974,-0.00031740672009580065,-2.0268879307766245,-1.3968447101312302,0.8817572287579027,-1.9366244480483554,-0.41573021484064354,-0.4879065048509297,-0.7982114971426707,0.3470905867123404,-0.23720841926342406,0.630727003770635,0.6738128000179785,-0.8956372393565012,-0.2811399961392689,0.43571077233960454,-3.37961236342974
0.6784851963081321,4.873960140276289,0.1315637421144367,-0.6480921987719227,0.13741487436378622,1.1802877571791754,1.658822749370719,0.0952557037228352,0.1467697538620645,-0.5927597879568539,-1.1131526549685926,-3.3202442836446,-6.885455549478283,1.1735739055437167,-2.763313106486274,-0.6142531657028442,0.4504362079063643,0.022811230479101385,0.020133008576334436,1.8158780277358044,-0.7333320399826837,0.8473162104547175,0.7487369377700398,0.03774952628220322,-0.16312802805853766,-1.41165918247884,-2.543950397662571,-0.6611815462397882,0.8906786037528461,0.49479222532741907,0.3871549689951671,6.075241533946257,0.16796862430976456,1.0357458258749461,1.1406751356597562,0.407510503101479,0.4783682968439633,0.9209292372505855,-0.3913098277679584,-1.104839044399992,2.232587251690192
1.7726116555534572,-0.29437015324380633,0.8502379663803081,-0.04421966012076677,0.7807420634192823,0.9378365559828556,2.515446411609086,4.301115262772815,0.815054742477168,-0.2406114069123829,-1.817448777853362,1.5694168178202612,5.628481990662796,1.7261881568985957,-2.1203741014205857,0.9433364784505568,0.9439369161696575,3.4355273664136146,-0.16071449866299894,1.582252771444976,0.7498116327528204,-2.0470690322260916,0.9056261753377008,2.1054006311472535,2.7336991439888543,0.7785227626147689,-0.36972102841222787,2.4788237993018636,1.3576436103647271,-1.9931154692120145,2.4619930835067443,0.8291138998995278,0.8059084022555815,-0.10846389174777527,-0.19024848359105184,1.717902577111559,0.6396248594333989,0.4857812089783828,4.17458857257711,0.3361529196345942,-3.912303321292102
0.39097738301243024,-2.3582041799518856,-1.1721913885965278,0.3077677585697978,0.5269083316312609,0.020029960317736715,-6.762368847712881,-2.6984021680234425,0.2663500729042425,-0.3107918650943057,3.930111463238224,4.495843167336734,-11.538559963833222,0.9775995465621239,1.770777559194843,1.6151421579428171,0.5666796150920639,0.07567987635094664,0.8770150073775727,-1.5602699456714286,1.024559136732103,-0.41896701216674903,-0.19040024547820034,-1.3438691567566423,0.7496495603839384,2.095432079829405,-1.3584798861253096,0.7641412935772401,-0.20532913817771864,-0.9046866114889103,0.18671173817762887,1.0671363255328714,-0.042785846241716566,5.698756972153135,-2.4420637955688034,0.8330758515617682,1.2265592444837647,2.8538119024422106,-10.607401137849907,0.7910917265577011,2.7536765415802016
0.5702011531762253,-1.8298245736612087,-0.15347030782880933,1.4724597190869064,-0.008416556611275853,1.0043355672481131,-3.1405016737059066,1.5947816978314002,0.7950261629192299,-0.26272159635556697,0.3946849849534274,1.9536050067549007,0.9753011126272035,1.195368916230084,-0.8252788304833701,0.5119708744560739,1.3165851566403513,2.413900511585737,2.3418236246570365,0.809673152973083,1.3619051180132493,0.517693150943474,-1.0972942510677586,-1.3504993611555278,0.04186058809109783,-0.019043757910909242,-1.5970998246798112,-1.1273683027786887,0.28515403966826947,4.6940131845741595,-5.527606896767054,3.91800983858273,-1.7574402707904078,-5.247623985311072,-3.3447467080493234,0.35697180019590097,0.726745019507738,-0.17009335164218578,-2.955743779364034,0.07538817549846136,1.8492943625366003
0.1188011567202204,3.369352414005007,-0.025027343408123643,-2.9403441256539273,0.5094346113000774,1.2257840856935505,-3.535237135349287,2.778545715778975,0.0031899682553917265,-0.734881800316096,3.4850411819366265,-0.530144650402335,2.345942389209232,-0.46510747164036015,-2.204023913798309,0.5161930235576822,-0.5989419507664412,0.6591556693055027,0.2934233374013347,0.32282671376968153,-0.7894816215254395,0.2542928004412032,-1.074507723358385,1.8944929041705147,3.119217753473328,-1.176799096551016,0.8690267903072137,-0.5187569139044962,0.30061443915892316,3.4337781011625044,-0.3306841203755243,-0.6095175085996656,1.6740031486648905,-3.1029436814416944,-1.3828593895667824,0.1480319011554223,2.4243450383580476,1.3071418237819665,-8.463823610583713,-0.11864263061686514,-0.03754230918476753
0.3518799274543491,-5.761040826427166,-0.16231582985706694,0.8424801437445089,1.5731819170512547,-1.2762689748395213,1.4230587540023978,-3.366555891594963,-0.6302841156868104,0.8514518940898429,2.7083009816420587,-0.027358084741436306,-1.6733430334230246,0.6238773589674919,2.4475769604908146,-0.5064280587872325,0.769978021195612,1.368247975212698,-2.2492841460902278,-3.1447999165291236,0.3675911111905131,-0.5861351769326234,0.38618070841776436,-0.4954823432725611,-2.2971668311050473,0.7692757000486845,1.1606581012957788,-1.6165649244780897,-0.3545363830105601,0.3643057493875882,0.25359545888730595,0.9218463410472739,0.0603288158807243,2.2163055955506197,0.007455654598635508,0.1705639648762988,-0.7278694259742964,0.5576077900640859,-3.999274687123465,-1.674761338399886,1.1825602520529943
-1.1381667727235463,-5.1544691940788745,-0.10049737696023617,-1.8391072524159957,-0.09857740402092174,0.8424164452964171,1.299775876376584,-3.3196459552199924,0.014332098226018088,0.39545897111524736,-0.3624318111554987,3.1591801590219757,2.7878380132602487,-0.4016560716039222,4.342430443367582,2.782423073316243,-0.7227626137536929,1.2038486943640572,-0.11974607055100782,1.0346968555875964,-0.5941826149581907,1.9295990402992063,-0.6694678672946413,0.3636032327717519,1.102298935915334,1.1994815510184942,-0.24474334349534943,1.666557030678421,1.5457826812535902,3.210970069035404,-1.8631050951763468,-0.6225021085872133,-0.43813109843446296,0.017446015644287494,2.428816747864296,0.18404018960329072,-1.1306391531544504,-1.2832396978322016,-4.186033699524269,-1.4136448757360505,-2.3213008037146508
0.02695190756292867,-0.3396615438530197,0.1774024905355053,-0.7862698592408686,-0.4990773959576504,0.24672952860119032,-3.5315267533343824,3.525049501736519,0.7542233016728852,1.8145321785183037,-5.427430392795847,-4.722929716815958,-2.02175273303942,-0.5881545594690457,4.99473868408082,-1.175665141496229,-0.4346239590879512,0.4445404374853388,-0.9960608002521518,0.49329261079530395,0.3025100648046764,-1.8121445850414861,1.4805750775652757,1.2466707689117817,0.17323832402286432,-1.154751166255986,1.2638069887198937,1.1376706780012582,-0.6939089099471991,5.480414928397431,4.495458807438542,-2.0837070319792934,-0.2964365086756139,0.21833252513329338,-1.8858457195146812,1.1885888075611006,1.259865830542221,-0.3884271158018878,-10.799457164331432,0.3001896567081935,1.7833873534669098
0.9390242626168812,-2.9242725485410386,0.3643221145488576,0.06161993300321675,-0.4030900215096145,1.4623478358178483,-3.4284162807851484,0.32815765359217974,-1.6947015078735288,1.195495217099654,-2.0438391909496643,-2.4298475122462246,2.8877370153986655,0.7832669167069827,-3.7120763540959834,1.6822346619147457,-0.6697771132092849,-4.007621932283684,-0.2952203714202153,0.5892998843076735,0.21482074849705332,-0.24660303789109717,0.10496656640546954,1.7432729993008855,-2.0763463511086133,1.0217001364404679,-1.1428820613093924,0.776770967047243,0.06626766896385484,-3.9758453629321875,1.8020826380761075,-4.30109927360533,-0.8828742744283931,0.9008631102297,0.1665986642574948,2.2342944264825695,-1.037447610374812,0.14954103382755315,6.142896444960993,-1.5895297029985402,0.6137952704311287
0.40767481920755394,3.1838250306468945,-2.0440909893353334,2.436171038492176,-0.07938450282951663,0.40522864532490843,1.1867351968019508,3.0357518116512523,0.07013766145741891,0.8158016413820545,0.3110159708243654,-0.5653993893999225,3.2501604232557826,1.308531711001209,-1.225593136060436,-0.4362655430848442,1.1815924100676976,-2.3973549070652167,0.03530253780543053,0.3952708134404694,-2.0026746903209047,-0.7952898431303017,1.364125585977614,-0.17959869333577852,-1.0020072722964137,0.06331779736469012,2.7868290479047335,-1.2422010825113237,-0.723304016399857,-1.0761347879926682,-2.008159964386766,-2.215373574973705,0.8608415626259049,1.478261194752019,2.200470556376608,0.26544721058871207,-0.8324523802158329,0.39283909227840985,8.777267327901832,-1.2649112883181257,0.2432587783952419
-0.6013897859006477,-1.5755463003523018,0.8054475945027108,0.05070250092086792,0.56667771619631,-0.05345971477550536,-1.6271683511645612,-1.3249312703498053,1.9142943853483496,1.048380723174293,1.0796349656753024,-3.1090189351909467,5.0871421466553235,-0.3461339364772236,-0.856975462182658,-0.22452639218055243,-0.6179427626159444,1.2434629964603094,-0.4051817523457081,0.30612512900905753,0.7936061884128524,0.6631727067074299,0.5515077526293152,1.3176691466574249,-2.0043021845628535,-1.3790899873616624,-0.4998243046895494,0.18594797759655207,0.17464515455179075,1.2826112052436152,-2.099607044298297,-2.362641013870381,-0.7371031640048958,2.0578900562580493,2.0617716232063463,0.34264772378782027,-1.6686605652336843,0.0635232247615292,-1.957996801996971,0.23762751452604083,-1.1069210608923736
-0.9560440776391602,3.3831955827110467,-2.848966008248284,-0.3986335555808683,-1.489755707111878,0.9263585947035009,0.30562072393800577,2.435773812870415,0.4868918036940122,-0.11992376135893755,-1.4425815294685926,-0.22027771392505335,2.86369613827429,-0.3773908697335,-4.172735062583929,1.1981956796412072,-0.7479675160897004,2.828995999570002,-0.08499126039061673,-1.2189667824485761,-0.43554554752632524,-0.08726266064415501,-0.5433043617985146,-0.051021507896108056,0.910615018592405,1.6142849304218987,2.97435910351186,0.9752904002457531,-0.5181844936076997,1.0806533459486634,0.8162691432743454,1.8945337531578907,-0.1785923710627154,-0.06437525037147918,0.34688019631460376,-0.7105484179752801,0.3968694597117473,0.40497591247870385,1.0240935306762948,-0.8328123124984707,0.1307207680437692
-0.9452283267513352,-0.30928789667798273,-0.6403154668688519,2.584258135052236,1.1010534591938637,-0.6511920494124429,2.7782206419454685,3.1168723493665107,-0.34916397251154707,-0.06826800208441038,1.6779837255808585,0.7529510779354756,6.18209081346466,0.2588878910442206,-3.855805834755974,-1.5404794756226945,-0.1528191157885291,-1.6343914718724282,-0.03951300995947243,-0.6840789646359554,-0.8066324582411188,-0.30431807315893505,1.0221442411687003,1.2221331169650866,-2.721547686299186,1.9219973870678022,3.634035767110989,-0.2867810062984766,0.22618842068506084,1.312923394645395,-0.12281720943759489,1.8642891409044453,0.00625763141832777,2.425646899904394,-0.23936507567860943,2.4579362974297014,-0.28880305577377663,1.133772423734172,10.88044732189691,0.2482064978312044,-3.8570271651495887
0.6079272750940486,-1.3665589971377687,0.17941145455656404,0.38832912934971603,-0.3149540157404426,1.5935626521780912,0.792924781859919,-1.3230450148228385,-0.12718610609313266,0.07063004480629578,-2.5818735207301318,-2.756891132448133,2.9277189160784505,0.07812514335128869,-2.041400794820812,-0.3760041977381987,0.9745181202832026,3.5208476412861187,-0.010457763831866414,-0.45471794540054844,-1.090819511855061,-0.6814917205362959,-0.31913190562280147,-1.2621956479120295,-1.0975685836107096,0.40686340994242587,3.6649219652387055,1.057724582233598,-0.5553860839451422,1.8780437380536767,3.2793979684591843,-1.766583189759515,-0.8782852039202409,4.524887056621166,0.5032173085239282,0.9698744338507708,1.434111798543049,0.25480718949823883,-2.7216735982116416,0.05848474579499736,0.6977349481905364
2.1814360990437747,-3.1594629545400514,0.07857126421832056,-0.28407648829077686,0.08143535511904594,0.5490459447085885,-0.7338710629523724,1.1664535473709414,0.40357746357848673,0.3586654107254686,-2.301389394773313,0.5218481280343414,1.137212661256888,-1.5391999962582703,-0.6558442306502765,-0.5282501096654211,-0.482006553288661,1.8265190749680769,-0.2202213155734961,1.4365366905625496,-1.3444806641100477,0.4494157675035574,-0.5382521185883219,0.19123218066089892,-1.8972646841734457,0.14704789333899976,0.20242458645505657,0.4157521154179936,0.8851968992831625,-1.5588129644890363,1.3828063710637957,2.656448331232651,-1.261975568334898,0.1824529495291699,-2.4522865150537765,-1.2580807659696578,1.3896742316772437,-0.02326839254667904,3.6005924880437434,1.8865750253366773,-1.6343806845903024
1.0619712892315556,-2.7232046541731973,1.5878017209097055,1.5004080468120666,1.328171915869803,-1.6452708279607298,-1.5827409676989963,1.052957233235936,1.3597772061993167,-0.5054739588487278,1.8717773340478914,3.534183621962579,6.412113650200817,1.2210637118221985,0.10304393427824654,-0.7478548328444512,-1.1133934744107485,1.3518396019638734,-0.6485279361221767,-0.438472570897573,0.4231446892102152,0.25826082977859266,0.3241443381609705,0.3331791295142158,-0.06201289808095123,-0.7557238965859413,0.962487763465377,0.5852538806444141,1.3410511062923633,2.489598129996881,-3.904708907684302,-0.2805002435308779,0.749530493551358,0.3825242777719794,3.4541249088981596,0.03955465173984274,-1.31248847194846,0.4008777271965394,-0.4904787593379778,-1.3356978254718201,-2.4631759387897367
0.7470737601122179,1.4119437927708045,0.9738270931528598,0.2267220996515981,-0.7592975427227726,0.3078022608504713,-3.062638708963202,-1.78677152491914,0.14062953435279738,-0.8713125423966754,4.1775065396403575,-0.6333300183785322,4.09998881277598,1.0470241333625454,-1.215122559250153,-1.0771827974958519,-0.1552764449799816,-1.8134714380984858,-0.13823900063072725,-0.032506450507469205,-0.6465332746350945,-0.24251443917355567,0.7064682553276789,-1.2517000928041635,-3.6361980911991765,-0.20688965983812763,2.4558683524069957,0.7224846991409395,1.1680189333159838,0.07728546134806435,-3.0892761338931454,-2.8513035950763412,-1.3061221953459805,-0.2759608701018059,2.226359191071344,-0.5950137665183214,-0.2775856224875614,0.8160459675195012,0.57253118347019,-0.4103999805461811,-0.4759455522323792
1.8967706261806871,-2.447637100780813,-0.42441812787581235,1.3357303965012242,-0.7291588428377914,-0.8315576651658454,-0.2093351588706882,-0.41526390274671465,-1.0882947613053355,-0.6179329241519416,-0.15040856631513733,0.7583678110648852,4.35509987746205,0.7746847163293498,0.09655547154074706,1.0757488607772694,0.1652998533048147,0.7058313426749091,1.501143611684335,-0.11400766629824215,-0.007472747794790029,0.9539578703819722,-1.2119673562334312,0.3590891793731432,-1.7890554430341754,-0.289998388890422,1.0332834627911107,-1.4907317616411553,-0.035190393292349166,-1.0356453246700164,-4.309977074342557,2.2432620601521056,-0.10960280693750726,-0.08528992332195429,0.13546040725372221,-0.19620676155224204,0.6704777711628197,-0.5839317754193439,6.727117669162687,-0.7464429202198685,-2.4493263412332924
0.6620073900565244,-0.017810984666282836,1.5873046642879591,0.3240738412611602,0.17748040802136192,1.4739297715655546,-0.4635580201136422,0.24954158395570447,-0.6935542614542273,-0.25718263170938394,-3.087311062750289,-2.614220417821504,-3.705811785224394,0.46516217175170155,0.6516909687542332,-0.10267814653735105,-0.4965217067916602,0.6795182677009737,-0.06068691782933938,1.5167242927986375,0.5646441557032642,0.0923958388980803,-0.38672513361240074,0.6779277671277935,2.713980119865566,-2.811190051947658,1.1554873111896775,0.1917130236315135,-0.1784370234373968,-2.6919042508092708,1.4561847084313349,1.757601290584521,0.6522381131941429,1.1244728624229277,-1.0042480655392165,-0.5094264315742234,0.6527791570735116,1.5357240036105047,-1.2240256156217366,2.5849590164065765,2.2477342313641864
-1.3179225217656885,-0.62938067818011,2.297826278500405,-0.5824143416683552,-0.09388528315775677,0.8327846214950726,-3.631586910371457,2.180203291483455,-1.8612157516412122,-0.6121110975286208,3.502891285612857,2.791809891818027,-6.390484248074191,-1.1822035756303928,-1.5494190770017995,-1.7132858237825386,1.0125167534630644,0.3958746801550328,-1.331761387114617,0.9852051432906278,0.38016473876051865,-0.6590605255101823,0.02854308722816226,1.0704218844003708,-3.066171840635762,0.3739164991659335,-1.07909764137433,0.1338306507234418,0.6567839182429771,0.9811830998741302,-3.0894896909670524,2.727688399547393,-0.3519404313838695,3.1607664996336675,-0.27218566151382384,-0.4366084050936935,0.13049047080102666,-2.332976683992569,-1.3147115577298638,1.4104072776536998,4.598135793629938
-0.009211752835634307,-1.1748669493723756,-0.19606030904128166,-1.9037296010984925,-1.1787791710730677,-1.0923407551311248,3.6758497559529095,-1.3526303911897366,0.5647519991642487,-0.7726442257574772,-1.6499260191976166,-4.188041851242915,3.82515752349031,-0.444312971325912,-1.0005071662084881,0.10751055371026526,-0.002704223138812334,3.6222342916925543,-0.6888568657212057,0.7591707944174504,0.5520430401724142,-1.0347432621884158,-1.0821785854338544,0.24567645234888252,-1.2161693119655559,-0.7584953877048144,2.92076827983547,-0.940856306963281,1.1462812328918046,0.9693252561501495,0.891138373305137,-0.6451664127744298,1.0088768567989703,2.5564017040703115,-0.14898468079471394,0.33671292065509606,0.3104691224800886,1.5992745513098925,0.9148014399296569,-0.6136035630547249,0.6467577933117464
-0.50198192797583,1.249932350177211,1.5983072145968145,1.4019662257179653,-0.2578032672005422,1.4014481521325717,0.30601797985694956,3.8624422291165064,-0.7186652537900554,-0.47640664875124866,-1.1020334533475458,1.4221104889091625,-2.947372651794328,0.3805814645093524,-0.6780544353200302,-0.1017199606127385,-0.10815034844266469,-1.5615900594728989,-0.3333660601778728,-1.0049440897175554,-0.009729559881371091,-0.537010983927872,-1.6309507225605648,-0.811340059065366,-2.3053199567959037,-2.07271990814155,1.8448789387507047,-0.048689820031516826,0.6052926956521546,1.9985560057699674,0.7205485780304712,3.2240085909378586,-0.6540943783919363,-0.3763805997638212,-0.4587881398210847,-0.6496442493875016,-0.2980113883230363,-0.11701199553463172,3.8085297063520365,-0.9977605124423766,2.059695114478604
-0.1982356812815787,3.4090851022634854,-0.02475162812947184,1.1204421794111838,2.156918497998216,-1.105066897956164,-1.0693202448924186,-1.272669942422493,0.8915344961555842,-1.5414609777762365,1.6677941615287641,-1.3882697792253738,3.3725406899690253,-0.5827901603923636,3.288305358754269,-0.7226946136584518,0.12326012256371253,0.535665421327626,-0.21108368458002263,-0.38331157317865816,-1.1544866847908408,1.3943164945821795,0.6400248249398489,-0.27962799818871076,-2.7218509651338176,0.9074095011472578,4.547703097512287,2.062827343386252,0.735509886379099,3.6786225407981235,-4.057286697048065,-3.805574741167222,-0.3291747060049962,-2.7796704851475718,-2.829324357151142,0.8261619083265908,0.8545079727105831,2.1782805840345505,-0.8955415893605623,-1.4579123199437967,0.6977135648981856
-1.4955401187950084,-1.0848645726336752,-1.2634372261867017,1.9668057122182503,1.9272880302262483,-1.2741088030994456,4.374561115823385,2.4508049165523516,1.681211585392324,1.553254432909397,2.4246602400108017,2.331260566460604,-5.5722147179786905,1.52139401125691,4.705124722028802,0.2812683043381966,1.9862645136538537,0.006785816390913468,1.5952119247913625,-1.212509745480629,1.1044791831059846,0.2659229703662911,0.9958682090959013,-0.10364326289650608,0.7161226397369846,-0.503418444142304,1.5643715068475212,-1.0859628183175023,-1.1565116710808947,1.0075780146050994,0.24019823614085634,-0.9190556295235119,1.4777961825355537,1.2940517835617142,-4.014776703235699,-0.9826829509323721,0.7473294900968009,1.1447736728688358,0.6962076173627716,-0.7313044377103204,3.5557984969237997
0.6799088144339027,-0.9250348566801172,0.5631578619072638,-0.06467547054906095,1.3861883623078524,-0.627421657090694,-0.05652071435284789,3.712527630063725,-0.43431581037458716,-0.10089808451023348,-1.6621770007671857,1.6986401291139166,0.24239624099138074,-1.1269148875548927,-0.8900627097600708,-1.3643899024860577,-1.9932898216599693,-0.23907551201000177,0.20524557574133456,0.7103003869792488,-0.47878668356600046,0.08642054522216175,-1.1013035324057008,2.0744861855115806,0.7142356882217697,-0.7229312484952746,-0.10156614066457226,-0.3467372484411211,-0.3533403678632298,0.9361997408358775,-1.698545334431527,1.377565808108756,-0.584679495262442,0.7978096380198398,3.352744246315464,-0.17732641140916852,-0.8892670292826147,-0.7687897398382684,2.4835550459299895,0.5175085249349959,2.139206156194623
0.05575348072574622,-0.7801662955944124,-0.08313174545097009,1.1381242532848788,-0.23335922684413163,1.690942854324941,-2.4193952324543027,0.4008540694310925,-0.33546274402123205,1.1336205753903696,-1.6011881301922801,2.10910160875156,11.675718606149418,-1.9822588386114184,-3.9525772778010424,-1.9771204120725607,-2.4858393063978874,1.999803057891599,0.5487080271703757,2.1384913671160066,0.1103241978799596,-2.679117200540473,0.01942712019086857,-1.8588019806787008,1.4029944817306235,0.5340190397351151,0.08286519664605363,1.2374900397338298,1.2212500992307103,-1.0680390887665814,-3.8200964838337,-2.5719854596232383,0.856781154879519,-3.998938281130999,0.852465950609653,-0.04610449615225764,0.6147345516531889,-1.4167183096548077,5.423213356709158,0.7286779276364234,-3.5705542183284673
1.6069514873523865,-2.1705222716581423,1.106392729569833,-1.1300789377456435,0.5788394919185672,-0.6152710628531437,-1.9352778897459526,-3.6146512326620615,-2.103832903220582,-0.4808071976548268,-0.8666591079707537,-1.6389755404494233,3.341253991121197,-1.616756661509331,-2.8665581103681257,0.3834762919729525,1.3219766430061106,1.9583118084307336,-0.9461760038931907,-0.7621554024641511,-0.694393066326586,0.8496589439125597,-0.5751615244491187,0.16883960323878724,-0.9498595477847934,-1.2072915938047304,0.0019714536146259176,-0.8070283096548063,0.7711896970792733,-3.3349133683113936,3.8810345350491033,-1.777573773777355,-0.47384236411992164,0.4580860171726522,-2.5538544383485053,-1.3575984813228943,-0.9538929981395307,0.30971471206610307,-1.0610971743569253,2.6933790602271728,-2.941186033368602
0.20332177144571423,1.7577209616980065,-0.32421994504317886,-0.4937742531806978,-1.1027014955637227,-0.7043783036251431,-1.6137786229573758,-1.693195120019423,0.881522715311048,-1.113277078797687,3.9393518642567957,-1.5406317102087805,2.020096807739724,-0.11902205951562167,-3.2521559198364165,0.19192993873471423,-1.4154469364608713,-3.832342323292777,-0.09970933976210458,-1.0333131219178222,1.1848327752396925,1.9939582690628201,-1.250543940942587,-0.9341671119025339,0.7850647457812651,-0.6748893038892604,-0.2918083287743669,-0.2630419524692668,1.8701814224715185,-0.08742342804407488,2.146895945169722,-0.8304761977450102,-0.7005985651074881,2.4453372693474535,3.6925607017911117,0.24776929372732945,0.9650769204770263,0.731983658172519,-3.0011425959586706,0.27663320594275426,-4.023163140395723
-0.18394648878968686,-2.825589949308208,-1.4303327163276147,-1.9670629513908162,0.9187019048211029,-0.7417915912747917,2.034819828336335,0.9320208274241819,-1.3525238286940156,0.29876323855740594,3.021435144526647,-4.653329326898527,0.9599670668192505,-1.604691513069283,-0.5484053175763559,-1.0826159125459187,-0.2704935111447088,3.378721383013895,-0.47811131679773433,-1.052339864489103,0.10419831183343084,0.8932481583978698,0.4374789673062098,-1.3748809886688815,0.9672631577278906,0.7967588797245833,-2.7993859361252005,1.4831891489712736,-1.1929983723657025,-1.6133674852529292,-2.1378478463495023,3.7735248264813297,0.382030901016545,-0.41547418168417216,-0.6459757638914227,0.30177102973469855,0.5059146091878056,-1.0125442423589677,-2.424302216526838,-0.45889596635415203,0.5656428478921178
-1.768991180607053,-0.0072221302960421285,-0.2678878923876897,0.7844348756604158,-0.30210773350634723,-0.26203935499286246,3.2399469317252527,-0.8208284104729494,-0.06291486321780486,0.5626942881419454,-0.26545555472646165,-1.1373213789188348,-0.16576441351089408,0.1430529466800654,1.775750433226151,-2.379273101792334,-0.07262117890244449,1.9580459723709027,1.148582575560113,0.3358523135645695,0.4988706960068397,-0.9577517848381912,0.7674160971103723,1.6073753919458307,-2.7280824669760837,1.2333589702998589,2.0080963173316757,-1.1448610136872097,1.0648976895658675,0.20309400190633142,1.2401758495003554,-0.9068664701775899,0.436308316313445,0.5698140165040118,-1.4904501129355763,-0.04954279434954471,0.7701542107917654,0.1674574172898193,1.4286993854919214,-0.04494515560417394,0.9898143822432378
1.02533975558191,0.687364412105524,0.004233672675483559,-0.6034322852050505,0.20557237816532303,1.504244503753871,-0.4566049171113973,-1.1665750813926938,0.6189161865552804,0.2636049327153514,-1.0085242002509638,-1.3940231835543768,-2.0381031581024684,0.46547863961351965,0.44925225030992433,0.08875993500240588,-0.26751364281454615,3.7008475148963385,-1.615918291117121,-1.2275418865361911,-0.4327451500674263,-1.3132237721324382,-0.40906097263033375,0.5554313556535333,-0.319790787756815,0.18237602182425136,1.8943408665146557,-1.1371493101931698,1.3532292189452424,0.9140813554586937,-0.680204006575786,-2.6032238561320065,-0.8224715567834053,1.4301833329053095,-5.9468534839025,1.5671219925613191,2.1209213225295023,1.7772541406411742,-1.7944052765551242,-0.4478012878666481,3.7202168136879954
0.751090187592269,-1.5233919972582899,-1.4227053148307827,0.1636804600369294,-0.06877362872350914,-0.7482534265448286,-0.6333088812992069,2.4107351309230127,1.7802608974128467,0.382134993256233,-0.3463804465669815,1.7581619846789671,-5.574681800461423,-0.3662045312558044,1.1576516541131299,-0.08194952714215853,1.0195058675537803,1.9013002843609486,-0.7335679885758947,-0.14283644920851832,2.1422287091211025,-0.6979066344065489,-0.4346404735612458,0.31235491239116775,-3.550074220541046,0.002940087926216877,1.3686188983190108,0.5482551973673396,0.2677488635972195,1.3229356737162101,2.3516496956601314,4.7577152089141554,-2.523301454474797,1.8303611218607685,2.996923693604111,1.3875512333015558,-0.940929131375387,0.09792684009850723,-4.342611546966483,1.9046659845387854,3.2661237985456055
1.014289481044477,4.759623739368845,2.242877330969966,-0.5464599345519627,-0.07310176786789971,0.9917451958757526,-1.922351454059811,-0.9039755425122311,-1.09589598686155,-0.2931024572353138,2.6679645043200884,-1.8083369459088758,-4.57124891234137,1.3658133396862016,1.5112060203386637,0.9746225264917836,0.9444034692636925,0.22160545298565482,1.5345433737912364,0.6026993417016245,-0.8948290997074332,0.6414774954840659,0.16056524397806235,-1.1059947015780367,-0.6308892196143712,1.3854478130375738,1.9274011659181078,1.0167404785882144,-0.367616255615626,1.2245972397256812,0.06202024589530941,-3.493713991489316,0.6143863350717504,2.9937425340918202,-3.428119823444524,0.7426018607866924,0.8639011308996578,-0.7629490316980695,-4.946502192251548,0.4690146141553568,2.268451538785833
0.2230902796636944,1.4921140508222825,-0.2912947373088651,0.011689507302889772,-0.08196378103876109,-0.23163791349130175,1.711355944863438,-0.36493901511231797,0.21108800797533467,2.027268364975384,-0.132889598782844,2.811149530858505,1.2954922330253458,-2.372525345451925,1.1926417990668519,0.4465906371492243,-1.1409872541697268,0.7542441494030583,-0.7367413404227492,-0.7252729167772715,-0.664677529854856,0.12522494029650577,-1.2432633528834238,-1.7170790967367555,-2.5328497345425047,-1.2148912187163745,3.2342976720594567,-0.9139948813231542,1.2208702465608599,0.7786201886505557,0.6341967809221454,-2.4580675786117854,-1.419457594752699,-0.22464928296223408,-3.420715144246254,-0.3061452641305712,-1.175719599280149,0.1987940969554703,4.772419169839997,-0.9921735019500204,-0.9158295260022761
0.8329988636949073,-3.9438180356576846,1.3433270342887766,1.2807195508503768,-1.8227959247603183,-0.19187232637700855,-0.44545208943136705,2.4659601694904083,0.5704326032276341,-1.855733993510256,-0.3957784871795873,-6.08609971981394,3.093855810546018,0.9980317323555806,1.7565813002706367,0.9524744202414325,-1.4997153594080197,4.569964180336168,0.1828425671008878,1.1825125037671715,1.7848766425824527,1.777690272868379,-1.8286116117892715,-0.6607842047353822,-4.917599007519006,0.5788670153388437,0.9223930550291659,-0.13362844749732872,-1.0598994987995645,6.463489732496889,-0.14445037508971548,-0.32389323261668346,0.4518428544853244,-0.7806558998109623,-1.6036829641791517,0.019027821349063303,-0.3099035040473154,-0.3181189747867659,-8.039168392682498,-2.250681029279628,3.721276905858574
-0.643532391633312,0.687935874016687,-1.1527699130790072,-1.4325486488665793,0.0819732698497972,1.511479557869314,2.649266201229713,4.948488702014153,1.2438520553909005,-0.5071372266996322,4.205489096284744,-0.5276983328879612,10.54911142536864,1.4165742073030299,-5.949739291558002,-1.6466501994648177,0.5260764049365974,2.095309119470198,0.6362180282387276,0.7767548119072735,-0.38331721784342243,-1.755532204843237,0.872959652127093,0.8841590585093283,2.7535954726099776,-0.16500490543366864,-0.35925162145645473,0.12853521378164884,1.5143172990542781,0.06551108947519668,-1.7387795918720976,2.3046780503840107,-0.2872905230945756,-3.5403289020252466,4.574314151320661,-0.48819150682802886,0.03679867106052278,1.0929115057139764,1.7985027997375946,-1.2265525440556841,-2.896209973827198
-0.989532486837565,3.7890194201430614,-1.2054932828330607,-0.7353955420259557,0.5484032205216746,0.8712941346620452,-1.4737136128488464,-0.997413907473965,0.19486115828309822,0.7420784517029585,2.282061045519943,-1.2173319276655186,-0.2885194614532616,-1.488839384529104,2.818655958137497,1.3748328208482414,0.4521958210159454,-0.46243225395173826,-0.9998459883806361,-0.32551718214851766,0.09963111216010287,-0.9663149249063712,0.5881779622934923,1.2733670219876807,3.896898151031893,0.7948797347530122,5.624317442443017,-0.04484607993264654,-0.7471148114354355,3.2282797005226125,0.03247980511971882,-3.532478409289452,0.008250631655156371,1.1354655309204582,-1.0525192375512724,0.9803059964751051,-1.3751995277776108,-1.2408430718111556,-8.710361957671038,-0.09648431287846286,0.6174807980744094
-0.17328408294717557,-0.2798751655281475,0.3052815514100821,-0.8314954511059238,-0.9644391565990847,1.4348673475453046,1.3795601952160037,-1.8653620989393693,-0.926290955570721,-2.678480027058023,0.46974499174382967,1.1971332820445073,-4.948911793712375,0.2608770675611803,1.7493396189490928,1.7407602529715493,1.2828204330145725,1.4109474512885893,-0.15857200424902348,-0.6406813217284775,-0.7304297089972434,-0.16426099672201616,0.8395149676316354,2.290597392097617,-3.090747538497309,2.695272195953332,-0.6775096238596912,0.13276550874892468,-0.7497579261241408,-1.9928289317503147,0.2843114250232581,0.206491408039859,0.6513432479839499,-2.4032298177872486,-3.8909515054517767,0.8627295574103871,-1.6779848552575374,-0.17809791907852532,1.2853447038269208,0.34358469989586626,3.2846091791706384
-0.428529495966369,-3.05752743267587,0.30837010465202414,0.9477196834739476,-0.3490643730831329,1.2648581908877934,-0.05664283510036583,0.31862531032083163,0.5658559754413319,-0.5913653000919263,3.6970055260270485,-1.455383073880594,-3.8358128813746313,-0.6085587110904983,2.4282168714858074,-1.207463105064892,0.11733718198301206,-3.2741042509734344,0.9017189674785532,-0.3372373475855456,1.4315888284286313,0.1751038615494531,1.8464305304745117,-0.462076840516298,-4.064385272275825,0.03750930137377469,-3.038020101154446,-0.0472884211368166,0.05916724817259857,0.4494606932054057,-0.1920444592923629,0.2939868688675211,0.2678690712956234,-5.058688469880994,0.9631117117667471,-0.7308006409386063,0.20811555108567492,-1.4416145989776505,-3.7137116970424016,-1.0865945873002123,4.417948548246318
0.02419484746526708,-1.6089939924729246,-0.3117181042244694,-0.22229477172574116,1.0967534752613424,-0.833536243283672,2.8081377358846566,-0.7243822776270141,1.518492946816832,-0.19510745904683768,-1.5426533479861164,-2.457794621981491,0.9518419014111036,-1.8002342506783722,-2.9071531677001796,1.2601510169293793,-0.512956603422054,2.4710139638785287,1.0666763941051949,-0.5751277836105186,0.3064759143340923,0.3491178458068377,-0.6062052736821857,1.6071865430670254,-3.3362363204200425,0.06493143950428343,1.532925376310935,-0.10124650801752466,1.0500392012305146,-0.8113776866502818,-0.3994453213153053,4.239734366732196,-0.8270731088809433,-2.7019202112393046,0.039887121935556324,-0.09834649093846969,0.6081476542970726,0.40843194229305085,4.004925608634922,0.1968020468948525,3.2485508852940503
-0.7518321766474915,-1.7152780253606328,1.8933449715508832,-0.066308586858605,-0.0012596582709605562,0.735511157236213,-1.0272459476262963,0.6016508373262472,-0.6265707821987013,0.42060983263118884,-1.5158513356648484,1.6162246975721768,0.9274434671345355,-0.8977870332878403,-4.364902336475617,-0.35877095610940185,0.09601573144268782,1.9856922357609825,-0.40856122275131995,0.6228678962310549,1.1445926858151032,2.153258882131751,0.7556452506012169,0.44918291671054644,-0.7702368315434296,-1.0767503099472808,-0.4153342789121499,-0.5315066927526348,-1.2161458227510487,-2.8927290450589047,-0.22767634181278984,-0.004329954173270423,0.6279754560796597,3.5102899507404084,-2.7332883767440324,-1.1618126274285412,-0.6591892603858533,1.3709372000464661,7.017174382211263,-0.6255402347728312,0.031482574339523284
-2.2585922052693133,1.4730720044217134,1.9167372033467298,1.3217426706937525,-0.66146518907816,0.638549219022366,-4.553807930886098,4.749066252854872,0.9597780581705528,0.1450187328877259,-3.025987746931186,-3.524195829047691,-1.9016814065892738,1.5844395715541113,5.82709341869212,-0.5837104557779643,-1.6326334068473338,-1.667029124171938,-0.44962601121126705,0.5998086106647751,0.00475117427158469,1.1699849701615328,0.21090570888265767,-1.679226853985275,2.830896095150884,0.6895726337268552,2.576665316995323,0.2564049784947798,0.48748214506089704,4.017056697301349,4.404895822610836,-2.9273186834490517,0.12449921499752692,0.15297913068340485,-2.490721828096529,0.6457312335446178,0.29101657849516877,-1.425429005277035,-10.628824080009537,-0.9640168527190575,-0.1419613640046824
1.4382205480726429,-1.3688039487327197,0.1363692988632249,0.7663719387783189,0.5391582505435079,0.29156714992011257,-0.24717228392038426,-1.336391566488722,-2.3241029112233065,1.0147566960518284,1.040042657148967,-0.7099535515442357,-1.069633097732687,0.11930787735464259,2.9015854221521544,-0.21620135137606952,1.5029367916546323,0.8452302163282204,0.6807502208061168,0.4728515117409324,-0.831477248373931,-2.086575258438164,-1.8328812466958808,-0.7108802758999669,-2.7951947875650367,0.9472385585411273,2.6290744731976403,-0.22680290457660462,-1.0795837141423847,-0.6552310821593419,3.3598922003962715,-1.3352345066356197,1.358339909233358,-0.38378868129112154,0.6789368618422102,0.9448045287552054,-0.5094894803819169,0.9267493844856927,-5.206383806828718,0.4528707674904832,0.9918888260540677
0.21165242019562158,-3.479869851886325,-1.2780923427789666,0.7083642158433114,0.4719676598398636,0.8544466508240509,-1.0945562833139126,4.212223991247154,1.29099461410625,-0.9044955250739996,-0.5811283448224542,0.34308290937118846,3.306724500596195,-0.03277699275290297,-0.12206325650063632,0.7287127167944512,0.27664897412876027,2.7715798373224843,0.2672045596793459,-0.6087473272774941,-0.6104877237304979,-2.455049040274996,-1.4101310691766338,-0.20315852201580403,-0.7102276339864892,-1.2788621585696334,-0.7513970402388022,-2.495396287924232,0.26029158877315384,3.7794017879793325,-5.183743139689827,-0.38279915116846264,-0.6697507591211014,2.548008045298735,1.9463876992589033,1.0501233079094527,0.6077002031224084,-0.3726541749584709,0.3751478633429469,0.16117496037728024,2.8464516214318527
-0.17574922677326496,-0.20250025536870053,-1.092786495561202,0.2055316997415731,-0.9207775285989402,1.497450282486277,-4.197463125101089,2.4622007595095896,0.23103034799837044,-0.053714054544929356,-1.8357532322017391,1.122019177509358,-0.738662109432666,-2.347425158375499,-3.7220435822855538,-0.3347891380099422,0.15214114864907857,2.7509490003862878,-1.6588747559729558,1.7256405697336656,0.632944009329907,-1.9901827021968719,-0.035685960318090966,-1.0374738995377295,3.2507510686033876,1.0181919311906815,-3.184386801222872,0.8449485025453302,-1.3210219842272648,-0.13339764993955483,-0.4659639764029184,6.060776148920476,-0.0077533373277292724,1.246705983883745,-1.5924936416298134,-0.9420542082838134,1.6040487537729964,-0.11387312292385578,-2.0929073800006672,0.4753368909744848,-2.9243263948714553
0.5073703255981417,0.3118702595284353,1.1012094931648615,-0.7300235081147112,-0.2687948218978945,0.034219182483892455,0.7815413343277782,-1.8392355153976334,1.2589904940812215,-0.28537044290898517,0.12679240458355623,-1.2062268762926505,0.7148302738123072,3.2284815022290227,-0.7353525439028363,-0.6043371958472911,0.36427133515404214,-0.5179527446869228,-1.044718430430874,-0.12619172035842485,-0.5732145075967029,-0.29746362259105913,1.7122855191003148,-0.4500489337805302,-3.8707981722438882,-0.5784639005675138,3.2641061204683743,-0.6232534048771167,-1.6644550330410952,-1.1884209197160707,0.9174786548913593,-2.058266476643233,-0.72300551426186,1.9989360017041689,-3.3182955281357542,-1.1079749951201188,-1.4752479142212904,-0.2224478300927166,5.894660050692208,1.4453770848275471,-0.042852077760989316
-1.134415842698059,-5.300177467461608,0.4154146349177446,-0.19401641580346377,-0.0028892641667867145,0.3847502794294599,-0.9611984176665953,-2.7763378127739884,0.29409148777358113,-1.563159753881061,0.5064638457313617,4.487601924422317,-5.898457197489832,-0.855764039234579,-1.565275813356961,1.342618668177753,-0.8078026072739264,2.9489081443515706,-1.2940030548748318,-0.9530336697638142,-0.32577432581744475,0.8088732932471556,1.22744368199747,0.03182001899669142,1.0572022579224383,0.8743412159649165,-1.9091969010977419,0.49316977206426343,0.21565810854598955,4.374915414424647,-0.08970604845285446,5.635354635798408,-1.2408138187013067,1.6454976986485046,-0.9340418489984255,2.228074454505607,-0.0848045363458092,0.5733936567628343,-8.546259955525986,0.6707294473491414,2.5393058871321816
1.5256507307507405,-2.85517471339731,-2.283365072005675,-0.9159119667197625,-1.4201780220356994,0.3411060061266416,-0.18367888962333168,-1.5355942251841515,-0.4145108818437219,1.4594063537123194,-1.920368448725885,-3.0502883642226695,-0.5238301218021657,-1.0870898985900135,-1.4587336789693186,-0.4692056550325093,0.0610695780614643,-0.5131039939268316,-0.8561648151476343,-2.0411488055515297,-0.24108268843812602,1.4915845935050978,1.1652270545551597,0.8780415751128517,-1.3704715115256707,-0.7839491102899362,0.4602367992521019,-0.9931176088316321,-1.245582408493612,-2.4913746971776813,1.1884031948549107,0.4750576224739471,-2.649078125169252,-1.1173023109123998,-1.539078119883671,0.6909028376247596,-0.15060606083675793,0.29096665607864736,2.0634598328640017,1.0687802451520583,2.5224064211090615
1.9001342283962164,0.417956724317073,-0.2312452071508874,0.21013542439127764,-0.7564073337278218,-0.822326395004621,0.1273285835603809,-1.358871769327056,-0.09413437167667307,1.0161989584768971,1.112730079829236,-1.524656860519149,-5.950242174112147,0.2341871464299391,1.877178660266289,-1.5908697478733411,-1.2137120235713632,2.536113896470882,-0.2781791735537098,-0.18882254799824869,-0.4101709579187291,-0.44097052000532105,0.1662230130623093,-0.8526114123354034,-1.5592879609174872,0.7210991193675627,0.12720690238326404,-0.9752606487964245,0.19539695500298485,1.27906118514708,-0.40668019450336335,0.7004761348967534,1.2088053608191638,1.5400041805962261,-2.4498841460425984,-0.7915814529098512,0.1370612687055305,1.4387457455957597,-5.3666266911403095,-0.470744070784088,4.216209381954631
-0.10861974417654499,-4.7818822503190415,-0.48215893243935376,0.987494330076096,0.6584356414249991,-0.539141009458507,-0.19440887484739333,2.604665769588652,0.8456360910800713,0.7031455374453021,4.563413841007384,-1.8963706781018788,4.15811430709412,-0.8616049696620522,4.35986579497611,-1.040454271230842,-0.3912821573502324,1.9699000160845364,0.3852216127169772,-1.0951872004760308,-0.05337578465012633,-0.004440020891866471,-0.03527277533106086,-0.07641038145498052,-3.8190957022685357,-1.2059966504440516,3.6788226753626616,1.1290517243969154,0.27630913525626777,-0.699700587520212,-1.4699177235180834,-0.7796924736786588,-1.3089090741184066,2.265918475379306,5.110734826660446,-0.1730832146020288,0.2164603840283055,0.6523762303383697,-3.66886199747793,-1.4541353046129075,0.6907372542044306
-1.4333539500531296,-2.241165140845312,-1.571604123518079,-2.166285108138253,0.9206333177391202,-0.8438197096594797,0.002188443988699662,2.241800696075643,0.5306039329014911,-0.39383645015237023,-2.019510095792747,-2.4779701511970136,-2.844049024181949,0.6129823780043804,-1.5486711738676688,1.5774013273988354,0.27887008854262685,0.8003411420158739,-1.6558765443967014,0.28974219004282603,0.7096778752805057,-0.8551252534798479,0.17292004305620484,-0.4856641819792241,-4.883940941963022,0.9810907524512008,3.074314929118081,1.3477659447619477,0.41803585079656236,-1.2489563057872148,3.317226737477731,4.2657732499509,-0.5672207562061425,4.711383859184098,-0.16274328226093737,0.5382536918450003,0.17863408564056935,2.4602671093358888,3.7658923529576063,-0.7310695122607953,1.7246619686183882
0.7029171330912515,-1.2854281241314538,-1.2159987475093552,-0.6692779477316123,-1.60811005486493,-1.453179797055442,0.7567594728391502,-2.6878650400975985,-0.3007093013758601,-0.5354905810138161,-1.4214606788690776,-2.7009818455405346,2.6183933550898337,0.7334540758258715,1.2111541586278223,1.0362767145657052,-1.157760696265184,2.779654608938425,-1.0119837737458286,-0.4526851385362513,-0.5789271530826577,0.16051826698343685,0.7945111933885299,-1.4428106955309719,-0.27041280610828333,0.174341098205358,1.3404884133653767,-0.4024193685459922,0.16661122139963044,1.689845498891422,-0.43784305779171495,-1.553249520242828,1.1973700111624603,0.6244260003879007,-0.42031604695124414,-0.900397579694235,1.1662360997384122,-1.067042851313242,-3.288167659265616,1.2257079236682358,0.17145848788449702
0.6484236666448332,0.03576420543961967,-0.6220379648074128,-1.8169407905345678,-0.8172887351327383,1.2659988259933372,-0.6391562635181423,-2.220192936536335,0.6859118156870795,0.5427653005912177,2.7396769726568713,-0.15985235940776255,0.6072512417668301,-1.1188221981246638,-1.4544644742247437,-1.843802995202087,-0.4573801411388573,0.3099638809013614,-1.3813031145104595,0.8268999967814749,-1.3330641399953949,0.9665913936536488,-1.5718349641310463,-0.44527233233259333,-0.6610117698398279,-0.6007596449616479,0.49783074962656837,-1.5628650669375197,1.4214499631564244,1.0431335702684699,0.723970203473479,-2.8417110169653768,1.032710829509653,-1.5076342437107013,0.2914089622512741,-0.1703931447004444,-2.3718319139100315,0.7030566502135335,-5.238011639385035,0.7202181159647812,2.173194798597208
0.2368020170646372,1.7076888496775329,-0.8538186884688675,0.6834655568603754,3.341888332584587,-0.7537992951576463,0.10972972079327126,3.2267011911292736,1.2178887940577978,1.1880658564538464,0.6587601468263129,2.461074807280104,-0.5684249765474374,0.8444036026548021,6.129130819399449,0.17363597389449414,0.3180608518405877,4.173689263741249,-0.24887140908370134,-0.416896652853038,0.0015052451432425993,0.4707399228995857,0.2444704336135895,-0.5917344036264215,4.816779980948191,-1.4653378744369814,1.0764352324787396,0.06736356889137446,0.10363218833374063,5.244671409828768,-2.0570973055578428,0.4245980161439791,2.394898753007436,-4.547459871363495,-5.677478924610836,1.301913905183185,-1.1794427726972811,0.2993037169665798,-8.808310154975425,-1.1592384979553056,-0.19565910761708516
-0.2730182621178847,1.784855401225762,-0.20176441509396065,-0.345150647083066,-0.7307797520895278,-0.9816655794040776,-0.8818992130217624,-2.2003739095655055,0.3095971613926783,0.875396629506461,-1.9247098098790962,1.9064636036246347,-3.34015042363679,2.4402161961601974,-3.576742467483108,-1.0404914967565568,-0.5919340444924205,-1.488646272883881,-0.49281197897613943,-1.4103302478694577,-1.2214349011684564,0.17581324055232478,0.4295016335239702,-0.7507191519198968,-2.5295886242100125,-0.782063229350537,5.366151260306158,-0.14393065135794178,1.7271650711174764,-1.1694507317648775,-1.7888762669686817,4.095499105856979,0.562973253752109,0.3458705776336761,-1.8443122523951399,-1.2770900891594845,-0.6615976010446412,0.44293716347674483,8.447501306748146,1.0253442461458608,3.004274060250731
-0.6856964848566534,0.7883373857150828,0.04157262027168119,0.10761773114234009,-1.8992530862731736,-1.1685016548940206,2.8954811302409245,-1.5181667817932034,-0.5836441056171972,-0.21680290263490962,4.5160043182221905,-2.750002298488645,3.1956248060683867,0.7859799236575282,1.787967026260024,-0.004293035135751182,-0.44941669141748974,-1.410288730022938,0.032724305457910524,-0.14877097675703346,-0.2121832294830592,0.723615729283874,0.9973960082158728,1.144454036164707,-1.5379244431291048,-1.5699341354711924,4.766189461775074,0.4830626386260793,0.35638940841774974,1.4243298795429606,-0.5564247644160465,-6.348771246477818,-1.1171892496598854,-0.22885891928957136,-3.721828629016196,-0.34840114102486325,0.3187934409763429,-1.3207413924727018,1.0232012716147056,0.0073912566388392486,1.4273299226577965
-2.6878675184932748,-4.122041543637742,2.6590013790988336,2.510687574454604,-1.5294127771158914,-1.0741838526290626,-2.009526841804602,4.50456933409872,-0.034018742477825104,-2.652577602332127,-5.245940679664848,-3.6859561502286153,-2.6881885707967754,-1.0205467055878679,3.4335239640658344,-0.10573591784208763,-0.23908383355492957,-0.8357085267351552,-0.06660580678143903,-0.840560132006699,0.1540074798823463,-0.706637863672891,-1.7920661949791665,-0.7168297737201204,-3.503542943264104,-0.6947741748007179,-1.276964639477821,0.7918473348141525,-0.3774928380264129,7.790670564435281,0.1981700911494091,-2.62575805602489,-1.0180675664257244,5.754809532363119,-2.9397810813786407,-1.6407916847800317,0.9478422555568026,0.4934850469709036,-1.6670078638542887,0.15827558811029568,3.681236031036428
0.04083829295606511,-1.8990605887410124,-1.2342485722598084,-1.074072785184742,0.7615496196540027,1.7842943170233236,-4.236390187595562,-6.300320076589333,1.051338258877033,-0.5636778018217343,0.44471544618210335,3.541645888688997,3.9272249153560312,0.1456316114862409,-0.2024772254449756,0.05742643096964186,-0.47065856026260483,1.8497413834196794,-1.8713679697775099,0.3646032071601902,0.9960407349136153,0.3899730258716661,0.41071001460628753,1.166250490344462,-4.047560428600525,-1.1418398829427898,-2.0568037186170307,1.2319432824917698,0.6278367208567381,-3.019465926159853,-1.984901596580575,-3.029128807673577,0.04266657175393424,-3.4286487341231324,0.2750784400404649,-1.4852512052925784,-2.7570244889873825,0.22994614541409145,-0.12278082946994137,-0.687324432417634,-2.708224264604347
0.9931406426923134,3.027112173454042,1.3362289718267708,1.1209135118638025,-1.1316644807674259,-1.9891476945867086,-0.9854059588348361,0.2756524658419637,0.6137290169205779,0.251471389499199,4.285560344569502,-1.7114609633438382,-2.539604067074741,-2.772108158569006,0.09583781049578577,0.9035298947661238,-0.596279519212176,-0.7380823802193601,1.0367171705218807,0.5310222086924008,0.4969136942128176,-0.430695510187409,1.3983750040111353,-0.9420232885559595,-2.5021752499981864,-0.5260541908444127,-0.027588944004059646,-1.1128451472637522,-0.5241810461547717,1.3100660192064195,-2.981588340642406,3.1089983425280376,-1.246630775956619,2.1488229297670967,2.588253103356387,0.8958406464810902,-1.247849485138866,-0.0564084928106074,-1.9105752711803787,-0.19251164788058409,0.0928791328252232
0.9821818807736933,2.7772803361183316,-0.17777337847461613,-1.523102272327856,0.399008305263741,-0.6856210567699622,-2.694696459646119,1.0592000960841272,0.3601167315214638,1.359949403153124,-5.924201221187184,1.8281742250062338,-4.617790266200551,0.7579255023539421,-0.8048576912355752,-0.8487901039881672,-0.08905605978486589,1.6630498129144369,0.8870351516809369,-0.48931764747699347,-3.3298054472433223,0.37274508089223224,0.6754091426360281,-0.08835913769293818,5.04113904729328,-1.0454763390952275,-0.022389343567858377,1.4096499293643323,-0.5254895616635906,0.2059086093483462,2.586332335910291,1.4749303491371988,-0.5714348361276319,2.71789018235797,-1.2135341940444524,1.1528617200809612,0.5008286816952787,0.20612835534140395,-3.1917812305769693,-1.5865788080609016,0.20787725435050497
0.052420485933181146,-2.833710603018936,1.0831671443717474,0.32422145428341564,-1.393284227073236,-1.1258727426709632,1.8730265317315227,-1.640354464345355,0.31539766735119296,-0.3470215954838808,-1.8337030779023062,0.22381477489803125,0.5016056192547008,0.2808545261247247,0.2308936471837908,-0.9482528783726317,-0.6147725722256,0.7157166059806338,-2.5443131184750283,0.2803910466116485,0.4238602851444616,0.22421735245552876,-0.4788269360337049,-1.1828315147022446,0.6793500081833626,0.6674975915794561,2.161783460615493,0.8235858725283242,-0.03371443724759718,-3.5180470674739497,5.290261468470561,-0.9838370373765905,-1.0455564193173863,-0.5738727219473594,-3.3787851798703965,-1.0367388721405646,0.271749527399923,-0.019421803168488225,1.5416518396464862,0.539880624518634,-1.1632861861455899
1.0018935377682965,-1.9961329741651022,-0.8489056347444012,1.411017533810593,1.4068279649634405,-0.34863048238965355,1.053466673456131,3.658267470899075,0.15019333689689612,-1.2194527150757626,-1.8752394016822145,-3.564401020976251,0.7584239148854388,0.2946400732589444,1.9417754327978225,-1.6348483405542031,-0.34167871369454633,2.947330598164316,-0.19002825129569342,-0.6569505987017,-1.0023862550035025,1.3144469327914798,1.0359741436290244,-0.07291218720276418,0.12245398571446153,0.504736980313455,-3.2251344939352435,0.4289657821679748,-0.6041494663274624,6.9554307323886,-4.824222109993947,-0.7264960739446391,0.07178966355346138,-2.004491951533831,5.77077724854227,-0.07962059638943404,1.5184667367915474,0.4361497642856086,-8.275150990239613,0.08565722351683927,7.854499607528836
